-- phpMyAdmin SQL Dump
-- version 4.1.12
-- http://www.phpmyadmin.net
--
-- Host: 127.0.0.1
-- Generation Time: Mar 30, 2015 at 10:15 AM
-- Server version: 5.6.16
-- PHP Version: 5.5.11

SET SQL_MODE = "NO_AUTO_VALUE_ON_ZERO";
SET time_zone = "+00:00";


/*!40101 SET @OLD_CHARACTER_SET_CLIENT=@@CHARACTER_SET_CLIENT */;
/*!40101 SET @OLD_CHARACTER_SET_RESULTS=@@CHARACTER_SET_RESULTS */;
/*!40101 SET @OLD_COLLATION_CONNECTION=@@COLLATION_CONNECTION */;
/*!40101 SET NAMES utf8 */;

--
-- Database: `hasan_crm`
--

-- --------------------------------------------------------

--
-- Table structure for table `answers`
--

CREATE TABLE IF NOT EXISTS `answers` (
  `id` int(11) NOT NULL AUTO_INCREMENT,
  `answeruuid` char(36) NOT NULL,
  `answertext` text NOT NULL,
  `group_id` int(11) NOT NULL DEFAULT '0',
  `user_id` int(11) NOT NULL DEFAULT '0',
  `question_id` int(11) NOT NULL DEFAULT '0',
  `answerisactive` tinyint(3) NOT NULL DEFAULT '0',
  `answerinsertid` int(11) DEFAULT '0',
  `answerupdateid` int(11) DEFAULT '0',
  `answerdeletetid` int(11) DEFAULT '0',
  `answerinsertdate` datetime DEFAULT '0000-00-00 00:00:00',
  `answerupdatedate` datetime DEFAULT '0000-00-00 00:00:00',
  `answerdeletedate` datetime DEFAULT '0000-00-00 00:00:00',
  PRIMARY KEY (`id`)
) ENGINE=InnoDB  DEFAULT CHARSET=utf8 AUTO_INCREMENT=3 ;

--
-- Dumping data for table `answers`
--

INSERT INTO `answers` (`id`, `answeruuid`, `answertext`, `group_id`, `user_id`, `question_id`, `answerisactive`, `answerinsertid`, `answerupdateid`, `answerdeletetid`, `answerinsertdate`, `answerupdatedate`, `answerdeletedate`) VALUES
(1, '55128e1f-f6f8-4a07-b227-107cf4f1b0b9', 'Test message. long data', 10, 13, 0, 1, 1, 2, 0, '2015-03-25 16:29:51', '2015-03-25 16:44:42', '0000-00-00 00:00:00'),
(2, '5512916c-1624-4c5b-8fe4-107cf4f1b0b9', 'Another Text', 10, 21, 0, 1, 2, 1, 2, '2015-03-25 16:43:56', '2015-03-25 17:22:52', '2015-03-25 17:21:43');

-- --------------------------------------------------------

--
-- Table structure for table `bankaccounts`
--

CREATE TABLE IF NOT EXISTS `bankaccounts` (
  `id` int(11) NOT NULL AUTO_INCREMENT,
  `bankaccountuuid` varchar(255) NOT NULL DEFAULT '0',
  `company_id` int(11) NOT NULL DEFAULT '0',
  `branch_id` int(11) NOT NULL DEFAULT '0',
  `bank_id` int(11) NOT NULL DEFAULT '0',
  `bankbranch_id` int(11) NOT NULL DEFAULT '0',
  `bankaccounttype_id` int(11) NOT NULL DEFAULT '0',
  `bankaccountname` varchar(255) NOT NULL DEFAULT 'bankaccountname',
  `bankaccountnamebn` text NOT NULL,
  `bankaccountnumber` varchar(255) NOT NULL DEFAULT '0',
  `bankaccountisactive` tinyint(2) NOT NULL DEFAULT '0',
  `bankaccountinsertid` int(11) NOT NULL,
  `bankaccountupdateid` int(11) NOT NULL,
  `bankaccountdeleteid` int(11) NOT NULL,
  `bankaccountinsertdate` datetime NOT NULL DEFAULT '0000-00-00 00:00:00',
  `bankaccountupdatedate` datetime NOT NULL DEFAULT '0000-00-00 00:00:00',
  `bankaccountdeletedate` datetime NOT NULL DEFAULT '0000-00-00 00:00:00',
  PRIMARY KEY (`id`)
) ENGINE=InnoDB  DEFAULT CHARSET=utf8 AUTO_INCREMENT=6 ;

--
-- Dumping data for table `bankaccounts`
--

INSERT INTO `bankaccounts` (`id`, `bankaccountuuid`, `company_id`, `branch_id`, `bank_id`, `bankbranch_id`, `bankaccounttype_id`, `bankaccountname`, `bankaccountnamebn`, `bankaccountnumber`, `bankaccountisactive`, `bankaccountinsertid`, `bankaccountupdateid`, `bankaccountdeleteid`, `bankaccountinsertdate`, `bankaccountupdatedate`, `bankaccountdeletedate`) VALUES
(1, '54d09c10-4ca0-4566-8353-0a24c0a80067', 3, 5, 19, 3, 2, 'Matabbar', 'à¦®à¦¾à¦¤à¦¬à§à¦¬à¦°', '789456123', 1, 3, 3, 0, '2015-02-03 10:59:44', '2015-02-03 11:10:07', '0000-00-00 00:00:00'),
(2, '54d1fdd1-70a0-417b-a1bc-0dacf4f1b0b9', 1, 1, 8, 93, 1, 'Siraj', 'Siraj', '123456789', 1, 1, 0, 0, '2015-02-04 12:09:05', '0000-00-00 00:00:00', '0000-00-00 00:00:00'),
(3, '54d71869-2c18-46b0-9afe-0810f4f1b0b9', 3, 5, 1, 1, 1, 'Matabbar', 'à¦®à¦¾à¦¤à¦¬à§à¦¬à¦°', '123456789', 1, 3, 0, 0, '2015-02-08 09:03:53', '0000-00-00 00:00:00', '0000-00-00 00:00:00'),
(4, '54d71a2a-76c8-48c4-a0ea-0810f4f1b0b9', 3, 5, 19, 3, 2, 'Matabbar', 'à¦®à¦¾à¦¤à¦¬à§à¦¬à¦°', '789456123', 1, 3, 3, 0, '2015-02-08 09:11:22', '2015-02-08 09:13:38', '0000-00-00 00:00:00'),
(5, '54d71c2d-97cc-4fee-b2ee-0810f4f1b0b9', 3, 5, 2, 1, 1, 'Matabbar', 'à¦®à¦¾à¦¤à¦¬à§à¦¬à¦°', '123456789', 1, 3, 0, 0, '2015-02-08 09:19:57', '0000-00-00 00:00:00', '0000-00-00 00:00:00');

-- --------------------------------------------------------

--
-- Table structure for table `bankaccounttypes`
--

CREATE TABLE IF NOT EXISTS `bankaccounttypes` (
  `id` int(11) NOT NULL AUTO_INCREMENT,
  `bankaccounttypeuuid` varchar(255) NOT NULL,
  `bankaccounttypename` varchar(255) NOT NULL,
  `bankaccounttypenamebn` text NOT NULL,
  `bankaccounttypeisactive` tinyint(2) NOT NULL,
  `bankaccounttypeinsertid` int(11) NOT NULL,
  `bankaccounttypeupdateid` int(11) NOT NULL,
  `bankaccounttypedeleteid` int(11) NOT NULL,
  `bankaccounttypeinsertdate` datetime NOT NULL DEFAULT '0000-00-00 00:00:00',
  `bankaccounttypeupdatedate` datetime NOT NULL DEFAULT '0000-00-00 00:00:00',
  `bankaccounttypedeletedate` datetime NOT NULL DEFAULT '0000-00-00 00:00:00',
  PRIMARY KEY (`id`)
) ENGINE=InnoDB  DEFAULT CHARSET=utf8 AUTO_INCREMENT=19 ;

--
-- Dumping data for table `bankaccounttypes`
--

INSERT INTO `bankaccounttypes` (`id`, `bankaccounttypeuuid`, `bankaccounttypename`, `bankaccounttypenamebn`, `bankaccounttypeisactive`, `bankaccounttypeinsertid`, `bankaccounttypeupdateid`, `bankaccounttypedeleteid`, `bankaccounttypeinsertdate`, `bankaccounttypeupdatedate`, `bankaccounttypedeletedate`) VALUES
(1, '549e9c6e-98b8-4545-8ead-0fe8f4f1b0b9', 'Savings Account', 'à¦¸à¦žà§à¦šà¦¯à¦¼ à¦…à§à¦¯à¦¾à¦•à¦¾à¦‰à¦¨à§à¦Ÿ', 1, 1, 0, 0, '2014-12-27 12:47:58', '0000-00-00 00:00:00', '0000-00-00 00:00:00'),
(2, '549e9cba-5bf8-4e69-99c1-0fe8f4f1b0b9', 'Daily Profit Account', 'à¦¦à§ˆà¦¨à¦¿à¦• à¦®à§à¦¨à¦¾à¦«à¦¾ à¦…à§à¦¯à¦¾à¦•à¦¾à¦‰à¦¨à§à¦Ÿ', 1, 1, 0, 0, '2014-12-27 12:49:14', '0000-00-00 00:00:00', '0000-00-00 00:00:00'),
(3, '549e9cfa-6ba8-47ce-a97c-0fe8f4f1b0b9', 'Fixed Deposit Receipt (FDR)', 'à¦¸à§à¦¥à¦¾à¦¯à¦¼à§€ à¦†à¦®à¦¾à¦¨à¦¤ à¦°à¦¶à¦¿à¦¦ (à¦à¦« à¦¡à¦¿ à¦†à¦°)', 1, 1, 0, 0, '2014-12-27 12:50:18', '0000-00-00 00:00:00', '0000-00-00 00:00:00'),
(4, '549e9e50-e384-4f67-8b12-0fe8f4f1b0b9', 'Credit to Trade and Commerce', 'à¦¬à§à¦¯à¦¬à¦¸à¦¾ à¦“ à¦¬à¦¾à¦£à¦¿à¦œà§à¦¯ à¦‹à¦£', 2, 1, 1, 1, '2014-12-27 12:56:00', '2015-02-08 10:49:34', '2015-02-08 10:49:51'),
(5, '549e9e70-e6a8-47c5-b634-0fe8f4f1b0b9', 'Overdraft', 'à¦…à¦¤à¦¿à¦°à¦¿à¦•à§à¦¤ à¦…à¦°à§à¦¥ à¦¤à§‹à¦²à¦¾', 1, 1, 0, 0, '2014-12-27 12:56:32', '0000-00-00 00:00:00', '0000-00-00 00:00:00'),
(6, '549e9ea8-e8d4-4722-bfc3-0fe8f4f1b0b9', 'Housing Loan(urban residential)', 'à¦†à¦¬à¦¾à¦¸à¦¨ à¦‹à¦£ (à¦¶à¦¹à§à¦°à§‡ à¦†à¦¬à¦¾à¦¸à¦¿à¦•)', 1, 1, 0, 0, '2014-12-27 12:57:28', '0000-00-00 00:00:00', '0000-00-00 00:00:00'),
(7, '549e9ec4-7594-4228-a717-0fe8f4f1b0b9', 'Housing Loan(commercial)', 'à¦†à¦¬à¦¾à¦¸à¦¨ à¦‹à¦£ (à¦¬à¦¾à¦£à¦¿à¦œà§à¦¯à¦¿à¦•)', 1, 1, 0, 0, '2014-12-27 12:57:56', '0000-00-00 00:00:00', '0000-00-00 00:00:00'),
(8, '549e9ee1-4268-4d9e-8837-0fe8f4f1b0b9', 'Transport Loan', 'à¦ªà¦°à¦¿à¦¬à¦¹à¦¨ à¦‹à¦£', 1, 1, 0, 0, '2014-12-27 12:58:25', '0000-00-00 00:00:00', '0000-00-00 00:00:00'),
(9, '549e9f32-74d0-402f-8fc7-0fe8f4f1b0b9', 'Loan against Brick field/Gold ornaments', 'à¦‡à¦Ÿà¦­à¦¾à¦Ÿà¦¾/à¦¸à§‹à¦¨à¦¾à¦° à¦…à¦²à¦™à§à¦•à¦¾à¦° à¦¬à¦¿à¦ªà¦°à§€à¦¤à§‡ à¦‹à¦£', 1, 1, 0, 0, '2014-12-27 12:59:46', '0000-00-00 00:00:00', '0000-00-00 00:00:00'),
(10, '549e9f5c-6f9c-45f4-86e9-0fe8f4f1b0b9', 'Loan against Wes Earners Bond', 'à¦“à¦¯à¦¼à§‡à¦¸ à¦†à¦°à§à¦¨à¦¾à¦°à§à¦¸ à¦¬à¦¨à§à¦¡ à¦¬à¦¿à¦ªà¦°à§€à¦¤à§‡ à¦‹à¦£', 1, 1, 0, 0, '2014-12-27 13:00:28', '0000-00-00 00:00:00', '0000-00-00 00:00:00'),
(11, '549e9f97-ff08-4a25-b16d-0fe8f4f1b0b9', 'Loan against Insurance Policy / DP Note / Share / Debenture', 'à¦¬à§€à¦®à¦¾ à¦¨à§€à¦¤à¦¿ / à¦¡à¦¿à¦ªà¦¿ à¦‰à¦²à§à¦²à§‡à¦–à§à¦¯ / à¦¶à§‡à¦¯à¦¼à¦¾à¦° / à¦¡à¦¿à¦¬à§‡à¦žà§à¦šà¦¾à¦° à¦¬à¦¿à¦ªà¦°à§€à¦¤à§‡ à¦‹à¦£', 1, 1, 0, 0, '2014-12-27 13:01:27', '0000-00-00 00:00:00', '0000-00-00 00:00:00'),
(12, '549e9fd4-a664-4fb7-9d45-0fe8f4f1b0b9', 'Loan against Work order', 'à¦•à¦¾à¦œà§‡à¦° à¦†à¦¦à§‡à¦¶ à¦¬à¦¿à¦ªà¦°à§€à¦¤à§‡ à¦‹à¦£', 1, 1, 0, 0, '2014-12-27 13:02:28', '0000-00-00 00:00:00', '0000-00-00 00:00:00'),
(13, '549e9ff4-4bb0-4d28-95b9-0fe8f4f1b0b9', 'Loan against FDR', 'à¦à¦« à¦¡à¦¿ à¦†à¦° à¦¬à¦¿à¦ªà¦°à§€à¦¤à§‡ à¦‹à¦£', 1, 1, 0, 0, '2014-12-27 13:03:00', '0000-00-00 00:00:00', '0000-00-00 00:00:00'),
(14, '549ea091-a9b0-48e1-b0b5-0fe8f4f1b0b9', 'Loan against DPS', 'DPS à¦¬à¦¿à¦ªà¦°à§€à¦¤à§‡ à¦‹à¦£', 1, 1, 0, 0, '2014-12-27 13:05:37', '0000-00-00 00:00:00', '0000-00-00 00:00:00'),
(15, '549ea0ae-683c-4fd0-b3ce-0fe8f4f1b0b9', 'Loan against SDS', 'à¦à¦¸à¦¡à¦¿à¦à¦¸ à¦¬à¦¿à¦ªà¦°à§€à¦¤à§‡ à¦‹à¦£', 1, 1, 0, 0, '2014-12-27 13:06:06', '0000-00-00 00:00:00', '0000-00-00 00:00:00'),
(16, '549ea0f5-b2dc-4362-b9ee-0fe8f4f1b0b9', 'Loan against EDS', 'à¦‡à¦¡à¦¿à¦à¦¸ à¦¬à¦¿à¦ªà¦°à§€à¦¤à§‡ à¦‹à¦£', 1, 1, 0, 0, '2014-12-27 13:07:17', '0000-00-00 00:00:00', '0000-00-00 00:00:00'),
(17, '549ea112-2c28-4c05-813c-0fe8f4f1b0b9', 'Loan against MDS', 'MDS à¦¬à¦¿à¦ªà¦°à§€à¦¤à§‡ à¦‹à¦£', 1, 1, 0, 0, '2014-12-27 13:07:46', '0000-00-00 00:00:00', '0000-00-00 00:00:00'),
(18, '54d72f8b-cb90-4e41-9d3e-0c38f4f1b0b9', 'Credit to Trade and Commerce', 'à¦¬à§à¦¯à¦¬à¦¸à¦¾ à¦“ à¦¬à¦¾à¦£à¦¿à¦œà§à¦¯ à¦‹à¦£', 1, 1, 0, 0, '2015-02-08 10:42:35', '0000-00-00 00:00:00', '0000-00-00 00:00:00');

-- --------------------------------------------------------

--
-- Table structure for table `bankbranches`
--

CREATE TABLE IF NOT EXISTS `bankbranches` (
  `id` int(11) NOT NULL AUTO_INCREMENT,
  `bankbranchuuid` varchar(255) NOT NULL DEFAULT '0',
  `bankbranchname` varchar(255) NOT NULL,
  `bankbranchnamebn` text NOT NULL,
  `bankbranchaddress` varchar(255) NOT NULL,
  `bankbranchisactive` tinyint(2) NOT NULL DEFAULT '0',
  `bankbranchinsertid` int(11) NOT NULL DEFAULT '0',
  `bankbranchupdateid` int(11) NOT NULL DEFAULT '0',
  `bankbranchdeleteid` int(11) NOT NULL DEFAULT '0',
  `bankbranchinsertdate` datetime NOT NULL DEFAULT '0000-00-00 00:00:00',
  `bankbranchupdatedate` datetime NOT NULL DEFAULT '0000-00-00 00:00:00',
  `bankbranchdeletedate` datetime NOT NULL DEFAULT '0000-00-00 00:00:00',
  PRIMARY KEY (`id`)
) ENGINE=InnoDB  DEFAULT CHARSET=utf8 AUTO_INCREMENT=988 ;

--
-- Dumping data for table `bankbranches`
--

INSERT INTO `bankbranches` (`id`, `bankbranchuuid`, `bankbranchname`, `bankbranchnamebn`, `bankbranchaddress`, `bankbranchisactive`, `bankbranchinsertid`, `bankbranchupdateid`, `bankbranchdeleteid`, `bankbranchinsertdate`, `bankbranchupdatedate`, `bankbranchdeletedate`) VALUES
(1, '549e86f3-d48c-4c66-99d4-0fe8f4f1b0b9', 'BIJOY NAGAR, B. BARIA', 'à¦¬à¦¿à¦œà¦¯à¦¼ à¦¨à¦—à¦°, à¦¬à¦¿ à¦¬à¦¾à¦¡à¦¼à¦¿à¦¯à¦¼à¦¾', '', 1, 1, 0, 0, '2014-12-27 11:16:19', '0000-00-00 00:00:00', '0000-00-00 00:00:00'),
(2, '549e8721-9ad8-4423-be07-0fe8f4f1b0b9', 'BAGERHAT, BAGERHAT', 'à¦¬à¦¾à¦—à§‡à¦°à¦¹à¦¾à¦Ÿ, à¦¬à¦¾à¦—à§‡à¦°à¦¹à¦¾à¦Ÿ', '', 1, 1, 0, 0, '2014-12-27 11:17:05', '0000-00-00 00:00:00', '0000-00-00 00:00:00'),
(3, '549e87cb-3404-4758-956f-0fe8f4f1b0b9', 'CHITALMARI BAZAR, BAGERHAT', 'à¦šà¦¿à¦¤à¦²à¦®à¦¾à¦°à§€ à¦¬à¦¾à¦œà¦¾à¦°, à¦¬à¦¾à¦—à§‡à¦°à¦¹à¦¾à¦Ÿ', '', 1, 1, 0, 0, '2014-12-27 11:19:55', '0000-00-00 00:00:00', '0000-00-00 00:00:00'),
(4, '549e88f8-fde4-4a63-9187-0fe8a9baf6a0', 'COURT BUILDING BAGERHAT, BAGERHAT', 'à¦•à§‹à¦°à§à¦Ÿ à¦¬à¦¿à¦²à§à¦¡à¦¿à¦‚ à¦¬à¦¾à¦—à§‡à¦°à¦¹à¦¾à¦Ÿ,', '', 1, 1, 1, 0, '2014-12-27 11:24:56', '2014-12-27 12:11:37', '0000-00-00 00:00:00'),
(5, '549e8952-28b8-4516-97ab-0fe8a9baf6a0', 'FAKIRHAT,BAGERHAT', 'à¦«à¦•à¦¿à¦°à¦¹à¦¾à¦Ÿ,à¦¬à¦¾à¦—à§‡à¦°à¦¹à¦¾à¦Ÿ', '', 1, 1, 1, 0, '2014-12-27 11:26:26', '2014-12-27 12:24:51', '0000-00-00 00:00:00'),
(6, '549e8a76-0ac0-41e8-a79e-0fe8a9baf6a0', 'GILATALA,BAGERHAT', 'à¦à¦¿à¦²à¦¾à¦¤à¦²à¦¾,à¦¬à¦¾à¦—à§‡à¦°à¦¹à¦¾à¦Ÿ', '', 1, 1, 0, 0, '2014-12-27 11:31:18', '0000-00-00 00:00:00', '0000-00-00 00:00:00'),
(7, '549e937c-daf8-4621-85a9-0fe8a9baf6a0', 'GOURAMBHA BAZAR,BAGERHAT', 'à¦—à§Œà¦°à¦®à§à¦¬ à¦¬à¦¾à¦œà¦¾à¦°,à¦¬à¦¾à¦—à§‡à¦°à¦¹à¦¾à¦Ÿ', '', 1, 1, 0, 0, '2014-12-27 12:09:48', '0000-00-00 00:00:00', '0000-00-00 00:00:00'),
(8, '549f96eb-2588-419e-aed4-0d48a9baf6a0', 'KACHUA (BAGERHAT),BAGERHAT', 'à¦•à¦šà§à§Ÿà¦¾ (à¦¬à¦¾à¦—à§‡à¦°à¦¹à¦¾à¦Ÿ),à¦¬à¦¾à¦—à§‡à¦°à¦¹à¦¾à¦Ÿ', '', 1, 1, 0, 0, '2014-12-28 06:36:43', '0000-00-00 00:00:00', '0000-00-00 00:00:00'),
(9, '549f9719-a6d0-4b2a-ae08-0d48a9baf6a0', 'MAIN ROAD (BAGERHAT),BAGERHAT', 'à¦®à§‡à¦‡à¦¨ à¦°à§‹à¦¡(à¦¬à¦¾à¦—à§‡à¦°à¦¹à¦¾à¦Ÿ),à¦¬à¦¾à¦—à§‡à¦°à¦¹à¦¾à¦Ÿ', '', 1, 1, 0, 0, '2014-12-28 06:37:29', '0000-00-00 00:00:00', '0000-00-00 00:00:00'),
(10, '549f9751-08f8-46e6-a011-0d48a9baf6a0', 'MOLLAHAT,BAGERHAT', 'à¦®à§‹à¦²à§à¦²à¦¾à¦¹à¦¾à¦Ÿ,à¦¬à¦¾à¦—à§‡à¦°à¦¹à¦¾à¦Ÿ', '', 1, 1, 0, 0, '2014-12-28 06:38:25', '0000-00-00 00:00:00', '0000-00-00 00:00:00'),
(11, '549f977f-03c8-40db-84e7-0d48a9baf6a0', 'MONGLA,BAGERHAT', 'à¦®à¦‚à¦²à¦¾,à¦¬à¦¾à¦—à§‡à¦°à¦¹à¦¾à¦Ÿ', '', 1, 1, 0, 0, '2014-12-28 06:39:11', '0000-00-00 00:00:00', '0000-00-00 00:00:00'),
(12, '549f97a2-5ba4-46ce-b352-0d48a9baf6a0', 'MONGLA PORT,BAGERHAT', 'à¦®à¦‚à¦²à¦¾ à¦ªà§‹à¦°à§à¦Ÿ,à¦¬à¦¾à¦—à§‡à¦°à¦¹à¦¾à¦Ÿ', '', 1, 1, 0, 0, '2014-12-28 06:39:46', '0000-00-00 00:00:00', '0000-00-00 00:00:00'),
(13, '549f97f0-fd7c-4d54-9c58-0d48a9baf6a0', 'MORELGONJ,BAGERHAT', 'à¦®à§‹à§œà§‡à¦²à¦—à¦žà§à¦œ,à¦¬à¦¾à¦—à§‡à¦°à¦¹à¦¾à¦Ÿ', '', 1, 1, 0, 0, '2014-12-28 06:41:04', '0000-00-00 00:00:00', '0000-00-00 00:00:00'),
(14, '549f9815-dca4-4e4d-86e1-0d48a9baf6a0', 'RAMPAL,BAGERHAT', 'à¦°à¦¾à¦®à¦ªà¦²,à¦¬à¦¾à¦—à§‡à¦°à¦¹à¦¾à¦Ÿ', '', 1, 1, 0, 0, '2014-12-28 06:41:41', '0000-00-00 00:00:00', '0000-00-00 00:00:00'),
(15, '549f98c6-d8b8-4036-8b63-0d48a9baf6a0', 'RAYENDA BAZAR,BAGERHAT', 'à¦°à¦¾à§Ÿà§‡à¦¨à§à¦¦ à¦¬à¦¾à¦œà¦¾à¦°,à¦¬à¦¾à¦—à§‡à¦°à¦¹à¦¾à¦Ÿ', '', 1, 1, 0, 0, '2014-12-28 06:44:38', '0000-00-00 00:00:00', '0000-00-00 00:00:00'),
(16, '549f993c-4784-40fb-a930-0d48a9baf6a0', 'ALI KADAM,BANDARBON', 'à¦†à¦²à§€ à¦•à¦¦à¦®,à¦¬à¦¾à¦¨à§à¦¦à¦°à¦¬à¦¾à¦¨', '', 1, 1, 0, 0, '2014-12-28 06:46:36', '0000-00-00 00:00:00', '0000-00-00 00:00:00'),
(17, '549f996a-7f60-4fee-b6c9-0d48a9baf6a0', 'BANDARBON,BANDARBON', 'à¦¬à¦¾à¦¨à§à¦¦à¦°à¦¬à¦¾à¦¨,à¦¬à¦¾à¦¨à§à¦¦à¦°à¦¬à¦¾à¦¨', '', 1, 1, 0, 0, '2014-12-28 06:47:22', '0000-00-00 00:00:00', '0000-00-00 00:00:00'),
(18, '549f9998-6108-4076-b556-0d48a9baf6a0', 'LAMA,BANDARBON', 'à¦²à¦¾à¦®à¦¾,à¦¬à¦¾à¦¨à§à¦¦à¦°à¦¬à¦¾à¦¨', '', 1, 1, 0, 0, '2014-12-28 06:48:08', '0000-00-00 00:00:00', '0000-00-00 00:00:00'),
(19, '549f9a26-1a8c-4e13-9ef7-0d48a9baf6a0', 'NAIKHANGCHARI,BANDARBON', 'à¦¨à¦¾à¦‡à¦•à§à¦·à§à¦¯à¦‚à¦›à§œà¦¿,à¦¬à¦¾à¦¨à§à¦¦à¦°à¦¬à¦¾à¦¨', '', 1, 1, 0, 0, '2014-12-28 06:50:30', '0000-00-00 00:00:00', '0000-00-00 00:00:00'),
(20, '549f9a7b-6da4-4184-8f17-0d48a9baf6a0', 'ROWANGCHARI,BANDARBON', 'à¦°à§‹à§Ÿà¦¾à¦‚à¦›à§œà¦¿,à¦¬à¦¾à¦¨à§à¦¦à¦°à¦¬à¦¾à¦¨', '', 1, 1, 0, 0, '2014-12-28 06:51:55', '0000-00-00 00:00:00', '0000-00-00 00:00:00'),
(21, '549f9ab2-7340-46ef-b8e8-0d48a9baf6a0', 'RUMA,BANDARBON', 'à¦°à§à¦®à¦¾,à¦¬à¦¾à¦¨à§à¦¦à¦°à¦¬à¦¾à¦¨', '', 1, 1, 0, 0, '2014-12-28 06:52:50', '0000-00-00 00:00:00', '0000-00-00 00:00:00'),
(22, '549f9af1-c460-42e9-a063-0d48a9baf6a0', 'AMTALI (BARGUNA),BARGUNA', 'à¦†à¦®à¦¤à¦²à§€(à¦¬à¦°à¦—à§à¦¨à¦¾),à¦¬à¦°à¦—à§à¦¨à¦¾', '', 1, 1, 0, 0, '2014-12-28 06:53:53', '0000-00-00 00:00:00', '0000-00-00 00:00:00'),
(23, '549f9b17-ebb8-4008-a314-0d48a9baf6a0', 'BAMNA (BARGUNA),BARGUNA', 'à¦¬à¦¾à¦®à¦¨à¦¾(à¦¬à¦°à¦—à§à¦¨à¦¾),à¦¬à¦°à¦—à§à¦¨à¦¾', '', 1, 1, 0, 0, '2014-12-28 06:54:31', '0000-00-00 00:00:00', '0000-00-00 00:00:00'),
(24, '549f9b4c-a7ec-459b-92c0-0d48a9baf6a0', 'BARGUNA COURT BUILDING,BARGUNA', 'à¦¬à¦°à¦—à§à¦¨à¦¾ à¦•à§‹à¦°à§à¦Ÿ à¦¬à¦¿à¦²à§à¦¡à¦¿à¦‚,à¦¬à¦°à¦—à§à¦¨à¦¾', '', 1, 1, 0, 0, '2014-12-28 06:55:24', '0000-00-00 00:00:00', '0000-00-00 00:00:00'),
(25, '549f9b79-cd64-493e-a559-0d48a9baf6a0', 'BETAGI (BARGUNA),	BARGUNA', 'à¦¬à§‡à¦¤à¦¾à¦—à¦¿ (à¦¬à¦°à¦—à§à¦¨à¦¾),à¦¬à¦°à¦—à§à¦¨à¦¾', '', 1, 1, 0, 0, '2014-12-28 06:56:09', '0000-00-00 00:00:00', '0000-00-00 00:00:00'),
(26, '549f9c94-537c-4e49-b3e0-0d48a9baf6a0', 'DUMKI (BARGUNA),	BARGUNA', 'à¦¡à§à¦®à¦•à¦¿(à¦¬à¦°à¦—à§à¦¨à¦¾),à¦¬à¦°à¦—à§à¦¨à¦¾', '', 1, 1, 0, 0, '2014-12-28 07:00:52', '0000-00-00 00:00:00', '0000-00-00 00:00:00'),
(27, '549f9cbf-8520-45a4-b543-0d48a9baf6a0', 'PATHARGHATA (BARGUNA),BARGUNA', 'à¦ªà¦¾à¦¥à¦°à¦˜à¦¾à¦Ÿà¦¾(à¦¬à¦°à¦—à§à¦¨à¦¾),à¦¬à¦°à¦—à§à¦¨à¦¾', '', 1, 1, 0, 0, '2014-12-28 07:01:35', '0000-00-00 00:00:00', '0000-00-00 00:00:00'),
(28, '549f9cf5-1328-4e44-97b7-0d48a9baf6a0', 'Barisal University Branch,Barisal', 'à¦¬à¦°à¦¿à¦¶à¦¾à¦² à¦¬à¦¿à¦¶à§à¦¬à¦¬à¦¿à¦¦à§à¦¯à¦¾à¦²à§Ÿ à¦¶à¦¾à¦–à¦¾,à¦¬à¦°à¦¿à¦¶à¦¾à¦²', '', 1, 1, 0, 0, '2014-12-28 07:02:29', '0000-00-00 00:00:00', '0000-00-00 00:00:00'),
(29, '549f9d46-8ee8-43fb-ae4e-0d48a9baf6a0', 'AGAILJHARA,BARISHAL', 'à¦†à¦—à§ˆà¦²à¦à¦¾à§œà¦¾,à¦¬à¦°à¦¿à¦¶à¦¾à¦²', '', 1, 1, 0, 0, '2014-12-28 07:03:50', '0000-00-00 00:00:00', '0000-00-00 00:00:00'),
(30, '549f9e0a-3100-4f59-8f7d-0d48a9baf6a0', 'ARATDHAR PATTY BR.,BARISHAL', 'à¦†à¦°à¦¾à¦¥à¦¦à¦° à¦ªà§‡à¦Ÿà§à¦Ÿà¦¿ à¦¬à¦¿à¦†à¦°,à¦¬à¦°à¦¿à¦¶à¦¾à¦²', '', 1, 1, 0, 0, '2014-12-28 07:07:06', '0000-00-00 00:00:00', '0000-00-00 00:00:00'),
(31, '549f9e3c-2af8-48aa-b81b-0d48a9baf6a0', 'BAKERGONJ,BARISHAL', 'à¦¬à¦¾à¦•à§‡à¦°à¦—à¦žà§à¦œ,à¦¬à¦°à¦¿à¦¶à¦¾à¦²', '', 1, 1, 0, 0, '2014-12-28 07:07:56', '0000-00-00 00:00:00', '0000-00-00 00:00:00'),
(32, '549f9e6d-2ed8-4952-b6a1-0d48a9baf6a0', 'BANARIPARA,	BARISHAL', 'à¦¬à¦¾à¦¨à¦¾à¦°à§€à¦ªà¦¾à§œà¦¾,à¦¬à¦°à¦¿à¦¶à¦¾à¦²', '', 1, 1, 0, 0, '2014-12-28 07:08:45', '0000-00-00 00:00:00', '0000-00-00 00:00:00'),
(33, '549f9e93-1768-4ebc-9c3b-0d48a9baf6a0', 'BARISAL CADET COLLEGE,	BARISHAL', 'à¦¬à¦°à¦¿à¦¶à¦¾à¦² à¦•à§à¦¯à¦¾à¦¡à§‡à¦Ÿ à¦•à¦²à§‡à¦œ,à¦¬à¦°à¦¿à¦¶à¦¾à¦²', '', 1, 1, 0, 0, '2014-12-28 07:09:23', '0000-00-00 00:00:00', '0000-00-00 00:00:00'),
(34, '549f9ecb-2944-4a67-8d7c-0d48a9baf6a0', 'BARISAL CORPORATE BR.,	BARISHAL', 'à¦¬à¦°à¦¿à¦¶à¦¾à¦² à¦•à¦°à§à¦ªà§‹à¦°à§‡à¦Ÿ à¦¬à¦¿à¦†à¦°,à¦¬à¦°à¦¿à¦¶à¦¾à¦²', '', 1, 1, 0, 0, '2014-12-28 07:10:19', '0000-00-00 00:00:00', '0000-00-00 00:00:00'),
(35, '549f9eef-56e0-45e6-8ece-0d48a9baf6a0', 'CHAKHAR,	BARISHAL', 'à¦šà¦¾à¦–à¦¾à¦°,à¦¬à¦°à¦¿à¦¶à¦¾à¦²', '', 1, 1, 0, 0, '2014-12-28 07:10:55', '0000-00-00 00:00:00', '0000-00-00 00:00:00'),
(36, '549f9f3b-5610-4197-917e-0d48a9baf6a0', 'CHARAMUDDI,	BARISHAL', 'à¦šà¦¾à¦°à¦¾à¦®à§à¦¡à§à¦¡à¦¿,à¦¬à¦°à¦¿à¦¶à¦¾à¦²', '', 1, 1, 0, 0, '2014-12-28 07:12:11', '0000-00-00 00:00:00', '0000-00-00 00:00:00'),
(37, '549f9f66-eb28-4155-83c7-0d48a9baf6a0', 'CHOWK BAZAR (BARISAL),	BARISHAL', 'à¦šà§Œà¦• à¦¬à¦¾à¦œà¦¾à¦° (à¦¬à¦°à¦¿à¦¶à¦¾à¦²)à¦¬à¦°à¦¿à¦¶à¦¾à¦²', '', 1, 1, 0, 0, '2014-12-28 07:12:54', '0000-00-00 00:00:00', '0000-00-00 00:00:00'),
(38, '549f9f88-9e88-4a37-9f62-0d48a9baf6a0', 'COLLEGE ROAD (BARISAL),	BARISHAL', 'à¦•à¦²à§‡à¦œ à¦°à§‹à¦¡(à¦¬à¦°à¦¿à¦¶à¦¾à¦²),à¦¬à¦°à¦¿à¦¶à¦¾à¦²', '', 1, 1, 0, 0, '2014-12-28 07:13:28', '0000-00-00 00:00:00', '0000-00-00 00:00:00'),
(39, '549f9fab-8238-4dba-8449-0d48a9baf6a0', 'DHAMURIA,	BARISHAL', 'à¦§à¦¾à¦®à§à¦°à¦¿à§Ÿà¦¾,à¦¬à¦°à¦¿à¦¶à¦¾à¦²', '', 1, 1, 0, 0, '2014-12-28 07:14:03', '0000-00-00 00:00:00', '0000-00-00 00:00:00'),
(40, '549f9fc6-1bd0-40c5-b788-0d48a9baf6a0', 'GOILA,	BARISHAL', 'à¦—à§ˆà¦²à¦¾,à¦¬à¦°à¦¿à¦¶à¦¾à¦²', '', 1, 1, 0, 0, '2014-12-28 07:14:30', '0000-00-00 00:00:00', '0000-00-00 00:00:00'),
(41, '549f9fe8-8d30-4ac3-a69b-0d48a9baf6a0', 'GOURNADI,BARISHAL', 'à¦—à§Œà¦°à¦¨à¦¦à§€,à¦¬à¦°à¦¿à¦¶à¦¾à¦²', '', 1, 1, 0, 0, '2014-12-28 07:15:04', '0000-00-00 00:00:00', '0000-00-00 00:00:00'),
(42, '549fa013-da08-4205-b75f-0d48a9baf6a0', 'GUTHIA,	BARISHAL', 'à¦—à§à¦¥à¦¿à§Ÿà¦¾,à¦¬à¦°à¦¿à¦¶à¦¾à¦²', '', 1, 1, 0, 0, '2014-12-28 07:15:47', '0000-00-00 00:00:00', '0000-00-00 00:00:00'),
(43, '549fa03b-8f60-4ac1-931a-0d48a9baf6a0', 'HALTABANDAR,	BARISHAL', 'à¦¹à¦¾à¦²à¦¤à¦¾à¦¬à¦¾à¦¨à§à¦¦à¦°,à¦¬à¦°à¦¿à¦¶à¦¾à¦²', '', 1, 1, 0, 0, '2014-12-28 07:16:27', '0000-00-00 00:00:00', '0000-00-00 00:00:00'),
(44, '549fa180-3b40-4f35-9283-0d48a9baf6a0', 'HIZLA,	BARISHAL', 'à¦¹à¦¿à¦œà¦²à¦¾,à¦¬à¦°à¦¿à¦¶à¦¾à¦²', '', 1, 1, 0, 0, '2014-12-28 07:21:52', '0000-00-00 00:00:00', '0000-00-00 00:00:00'),
(45, '549fa262-35f0-40e3-9000-0d48a9baf6a0', 'JHALAKATI COURT BUILDING	,BARISHAL', 'à¦à¦¾à¦²à¦•à¦¾à¦ à¦¿ à¦•à§‹à¦°à§à¦Ÿ à¦¬à¦¿à¦²à§à¦¡à¦¿à¦‚,à¦¬à¦°à¦¿à¦¶à¦¾à¦²', '', 1, 1, 0, 0, '2014-12-28 07:25:38', '0000-00-00 00:00:00', '0000-00-00 00:00:00'),
(46, '549fa280-caf0-4400-9385-0d48a9baf6a0', 'KAMARKHALI,	BARISHAL', 'à¦•à¦¾à¦®à¦¾à¦°à¦–à¦¾à¦²à¦¿,à¦¬à¦°à¦¿à¦¶à¦¾à¦²', '', 1, 1, 0, 0, '2014-12-28 07:26:08', '0000-00-00 00:00:00', '0000-00-00 00:00:00'),
(47, '549fa2bb-a050-4f4c-afa3-0d48a9baf6a0', 'KATHALIA (JHALAKATI),	BARISHAL', 'à¦•à¦¾à¦ à¦¾à¦²à¦¿à§Ÿà¦¾(à¦à¦¾à¦²à¦•à¦¾à¦ à¦¿),à¦¬à¦°à¦¿à¦¶à¦¾à¦²', '', 1, 1, 0, 0, '2014-12-28 07:27:07', '0000-00-00 00:00:00', '0000-00-00 00:00:00'),
(48, '549fa2f0-48cc-4295-a328-0d48a9baf6a0', 'KHANPURA,	BARISHAL', 'à¦–à¦¾à¦¨à¦ªà§à§œà¦¾,à¦¬à¦°à¦¿à¦¶à¦¾à¦²', '', 1, 1, 0, 0, '2014-12-28 07:28:00', '0000-00-00 00:00:00', '0000-00-00 00:00:00'),
(49, '549fa34a-c9d4-4fb2-a8c3-0d48a9baf6a0', 'MEDAKUL,	BARISHAL', 'à¦®à¦¿à¦¡à¦¾à¦•à§à¦²,à¦¬à¦°à¦¿à¦¶à¦¾à¦²', '', 1, 1, 0, 0, '2014-12-28 07:29:30', '0000-00-00 00:00:00', '0000-00-00 00:00:00'),
(50, '549fa381-30d8-4aa6-b2c7-0d48a9baf6a0', 'MEHENDIGONJ,	BARISHAL', 'à¦®à§‡à¦¹à§‡à¦¨à§à¦¦à¦¿à¦—à¦žà§à¦œ,à¦¬à¦°à¦¿à¦¶à¦¾à¦²', '', 1, 1, 0, 0, '2014-12-28 07:30:25', '0000-00-00 00:00:00', '0000-00-00 00:00:00'),
(51, '549fa3b2-9cc0-43e9-a59e-0d48a9baf6a0', 'MOLLAR HAT (JHALAKATI),	BARISHAL', 'à¦®à§‹à¦²à§à¦²à¦¾à¦°à¦¹à¦¾à¦Ÿ(à¦à¦¾à¦²à¦•à¦¾à¦ à¦¿),à¦¬à¦°à¦¿à¦¶à¦¾à¦²', '', 1, 1, 0, 0, '2014-12-28 07:31:14', '0000-00-00 00:00:00', '0000-00-00 00:00:00'),
(52, '549fa3f8-0b14-4857-aeb4-0d48a9baf6a0', 'MULADI,	BARISHAL', 'à¦®à§à¦²à¦¾à¦¦à¦¿,à¦¬à¦°à¦¿à¦¶à¦¾à¦²', '', 1, 1, 0, 0, '2014-12-28 07:32:24', '0000-00-00 00:00:00', '0000-00-00 00:00:00'),
(53, '549fa443-e8f4-4bc4-989f-0d48a9baf6a0', 'NACHAN MAHAL (JHALAKATI),	BARISHAL', 'à¦¨à¦¾à¦šà¦¨ à¦®à§‹à¦¹à¦²(à¦à¦¾à¦²à¦•à¦¾à¦ à¦¿),à¦¬à¦°à¦¿à¦¶à¦¾à¦²', '', 1, 1, 0, 0, '2014-12-28 07:33:39', '0000-00-00 00:00:00', '0000-00-00 00:00:00'),
(54, '549fa466-3888-4a36-9113-0d48a9baf6a0', 'NALCHIRA,BARISHAL', 'à¦¨à¦²à¦›à¦¿à§œà¦¾,à¦¬à¦°à¦¿à¦¶à¦¾à¦²', '', 1, 1, 0, 0, '2014-12-28 07:34:14', '0000-00-00 00:00:00', '0000-00-00 00:00:00'),
(55, '549fa495-667c-4da9-8dfb-0d48a9baf6a0', 'NALCHITY (JHALAKATI),	BARISHAL', 'à¦¨à¦²à¦›à¦¿à¦Ÿà¦¿(à¦à¦¾à¦²à¦•à¦¾à¦ à¦¿),à¦¬à¦°à¦¿à¦¶à¦¾à¦²', '', 1, 1, 0, 0, '2014-12-28 07:35:01', '0000-00-00 00:00:00', '0000-00-00 00:00:00'),
(56, '549fa534-3b88-4fa9-805a-0d48a9baf6a0', 'NEAMATI BANDAR,	BARISHAL', 'à¦¨à§‡à¦®à¦¾à¦¤à§€ à¦¬à¦¾à¦¨à§à¦¦à¦°,à¦¬à¦°à¦¿à¦¶à¦¾à¦²', '', 1, 1, 0, 0, '2014-12-28 07:37:40', '0000-00-00 00:00:00', '0000-00-00 00:00:00'),
(57, '549fa559-7bf0-47dc-85e3-0d48a9baf6a0', 'PAISARHAT BR.,	BARISHAL', 'à¦ªà§Ÿà¦¸à¦¾à¦°à¦¹à¦¾à¦Ÿ à¦¬à¦¿à¦†à¦°,à¦¬à¦°à¦¿à¦¶à¦¾à¦²', '', 1, 1, 0, 0, '2014-12-28 07:38:17', '0000-00-00 00:00:00', '0000-00-00 00:00:00'),
(58, '549fa57e-34d8-4800-a484-0d48a9baf6a0', 'RAJAPUR (JHALAKATI),	BARISHAL', 'à¦°à¦¾à¦œà¦¾à¦ªà§à¦°(à¦à¦¾à¦²à¦•à¦¾à¦ à¦¿),à¦¬à¦°à¦¿à¦¶à¦¾à¦²', '', 1, 1, 0, 0, '2014-12-28 07:38:54', '0000-00-00 00:00:00', '0000-00-00 00:00:00'),
(59, '549fa5a1-4734-4381-8162-0d48c0a80108', 'SAGARDI,	BARISHAL', 'à¦¸à¦¾à¦—à¦°à¦¦à§€,à¦¬à¦°à¦¿à¦¶à¦¾à¦²', '', 1, 1, 0, 0, '2014-12-28 07:39:29', '0000-00-00 00:00:00', '0000-00-00 00:00:00'),
(60, '549fa5de-5348-4710-b31b-0d48a9baf6a0', 'T.T.D.C (C AND B ROAD,BARISAL)	BARISHAL', 'à¦Ÿà¦¿.à¦Ÿà¦¿.à¦¡à¦¿.à¦¸à¦¿.(à¦¸à¦¿ à¦à¦¨à§à¦¡ à¦¬à¦¿ à¦°à§‹à¦¡),à¦¬à¦°à¦¿à¦¶à¦¾à¦²', '', 1, 1, 0, 0, '2014-12-28 07:40:30', '0000-00-00 00:00:00', '0000-00-00 00:00:00'),
(61, '549fa621-d57c-40e9-81dc-0d48a9baf6a0', 'TORKEY BANDAR,	BARISHAL', 'à¦¤à§‹à¦°à§à¦•à¦¿ à¦¬à¦¾à¦¨à§à¦¦à¦°,à¦¬à¦°à¦¿à¦¶à¦¾à¦²', '', 1, 1, 0, 0, '2014-12-28 07:41:37', '0000-00-00 00:00:00', '0000-00-00 00:00:00'),
(62, '549fa645-f9c8-49dd-b4fd-0d48a9baf6a0', 'WAZIRPUR,	BARISHAL', 'à¦‰à¦œà¦¿à¦°à¦ªà§à¦°,à¦¬à¦°à¦¿à¦¶à¦¾à¦²', '', 1, 1, 0, 0, '2014-12-28 07:42:13', '0000-00-00 00:00:00', '0000-00-00 00:00:00'),
(63, '549fa669-96d0-46b3-bf91-0d48a9baf6a0', 'BHOLA,	BHOLA', 'à¦­à§‹à¦²à¦¾,à¦­à§‹à¦²à¦¾', '', 1, 1, 0, 0, '2014-12-28 07:42:49', '0000-00-00 00:00:00', '0000-00-00 00:00:00'),
(64, '549fa688-4a20-416e-b6a4-0d48a9baf6a0', 'BORHANUDDIN,	BHOLA', 'à¦¬à§‹à¦°à¦¹à¦¾à¦¨à¦‰à¦¦à§à¦¦à¦¿à¦¨,à¦­à§‹à¦²à¦¾', '', 1, 1, 0, 0, '2014-12-28 07:43:20', '0000-00-00 00:00:00', '0000-00-00 00:00:00'),
(65, '549fa6a6-6bfc-4a70-9f6b-0d48a9baf6a0', 'CHARFASHION,	BHOLA', 'à¦šà¦°à¦«à§à¦¯à¦¾à¦¶à¦¨,à¦­à§‹à¦²à¦¾', '', 1, 1, 0, 0, '2014-12-28 07:43:50', '0000-00-00 00:00:00', '0000-00-00 00:00:00'),
(66, '549fa77e-15f8-417f-a027-0d48a9baf6a0', 'DAULATKHAN,	BHOLA', 'à¦¦à§Œà¦²à¦¤à¦–à¦¾à¦¨,à¦­à§‹à¦²à¦¾', '', 1, 1, 0, 0, '2014-12-28 07:47:26', '0000-00-00 00:00:00', '0000-00-00 00:00:00'),
(67, '549fa906-a55c-4086-9c3e-0d48a9baf6a0', 'GAZARIA (BHOLA),	BHOLA', 'à¦—à¦œà¦¾à¦°à¦¿à§Ÿà¦¾ (à¦­à§‹à¦²à¦¾),à¦­à§‹à¦²à¦¾', '', 1, 1, 0, 0, '2014-12-28 07:53:58', '0000-00-00 00:00:00', '0000-00-00 00:00:00'),
(68, '549fa921-1080-4cca-905d-0d48a9baf6a0', 'LALMOHAN,BHOLA', 'à¦²à¦¾à¦²à¦®à§‹à¦¹à¦¨,à¦­à§‹à¦²à¦¾', '', 1, 1, 0, 0, '2014-12-28 07:54:25', '0000-00-00 00:00:00', '0000-00-00 00:00:00'),
(69, '549fa961-4b68-4626-9b6c-0d48a9baf6a0', 'MOHAJANPATTY (BHOLA)	BHOLA', 'à¦®à¦¹à¦¾à¦œà¦¨à¦ªà¦Ÿà§à¦Ÿà¦¿(à¦­à§‹à¦²à¦¾),à¦­à§‹à¦²à¦¾', '', 1, 1, 0, 0, '2014-12-28 07:55:29', '0000-00-00 00:00:00', '0000-00-00 00:00:00'),
(70, '549faa1e-6a7c-49ac-9b3d-0d48a9baf6a0', 'NORTH DIGHOLDI,	BHOLA', 'à¦‰à¦¤à§à¦¤à¦° à¦¦à§€à¦˜à¦²à¦¦à¦¿,à¦­à§‹à¦²à¦¾', '', 1, 1, 0, 0, '2014-12-28 07:58:38', '0000-00-00 00:00:00', '0000-00-00 00:00:00'),
(71, '549faa50-18e4-41e0-891d-0d48a9baf6a0', 'TAJUMUDDIN,	BHOLA', 'à¦¤à¦¾à¦œà§à¦®à§à¦¦à§à¦¦à¦¿à¦¨,à¦­à§‹à¦²à¦¾', '', 1, 1, 0, 0, '2014-12-28 07:59:28', '0000-00-00 00:00:00', '0000-00-00 00:00:00'),
(72, '549faaa3-8b14-4cef-99c1-0d48a9baf6a0', 'ADAMDIGHI,	BOGRA', 'à¦†à¦¦à¦®à¦¦à¦¿à¦˜à§€,à¦¬à¦—à§à§œà¦¾', '', 1, 1, 0, 0, '2014-12-28 08:00:51', '0000-00-00 00:00:00', '0000-00-00 00:00:00'),
(73, '549fb5a4-4484-4132-bbaf-0d48a9baf6a0', 'AZIZUL HOQUE COLLEGE,	BOGRA', 'à¦†à¦œà¦¿à¦œà§à¦² à¦¹à¦• à¦•à¦²à§‡à¦œ,à¦¬à¦—à§à§œà¦¾', '', 1, 1, 0, 0, '2014-12-28 08:47:48', '0000-00-00 00:00:00', '0000-00-00 00:00:00'),
(74, '549fb613-d85c-4dd1-ac5d-0d48a9baf6a0', 'B.P.U.A (GARIDAH),	BOGRA', 'à¦¬à¦¿.à¦ªà¦¿.à¦‡à¦‰.à¦.(à¦—à¦°à¦¿à¦¦à¦¾à¦¹),à¦¬à¦—à§à§œà¦¾', '', 1, 1, 0, 0, '2014-12-28 08:49:39', '0000-00-00 00:00:00', '0000-00-00 00:00:00'),
(75, '549fb637-69e4-45c7-b62b-0d48a9baf6a0', 'BALUAHAT,	BOGRA', 'à¦¬à¦¾à¦²à§à§Ÿà¦¾à¦¹à¦¾à¦Ÿ,à¦¬à¦—à§à§œà¦¾', '', 1, 1, 0, 0, '2014-12-28 08:50:15', '0000-00-00 00:00:00', '0000-00-00 00:00:00'),
(76, '549fb65e-3d80-4b35-a004-0d48a9baf6a0', 'BOGRA BAZAR,	BOGRA', 'à¦¬à¦—à§à§œà¦¾ à¦¬à¦¾à¦œà¦¾à¦°,à¦¬à¦—à§à§œà¦¾', '', 1, 1, 0, 0, '2014-12-28 08:50:54', '0000-00-00 00:00:00', '0000-00-00 00:00:00'),
(77, '549fb68f-e700-47be-8440-0d48a9baf6a0', 'BOGRA CANTONMENT,	BOGRA', 'à¦¬à¦—à§à§œà¦¾ à¦•à§à¦¯à¦¾à¦¨à§à¦Ÿà¦¨à¦®à§‡à¦¨à§à¦Ÿ,à¦¬à¦—à§à§œà¦¾', '', 1, 1, 0, 0, '2014-12-28 08:51:43', '0000-00-00 00:00:00', '0000-00-00 00:00:00'),
(78, '549fb6dc-3590-45a1-b97d-0d48a9baf6a0', 'BOGRA CORPORATE BR.,BOGRA', 'à¦¬à¦—à§à§œà¦¾ à¦•à¦°à§à¦ªà§‹à¦°à§‡à¦Ÿ à¦¬à¦¿à¦†à¦°.,à¦¬à¦—à§à§œà¦¾', '', 1, 1, 0, 0, '2014-12-28 08:53:00', '0000-00-00 00:00:00', '0000-00-00 00:00:00'),
(79, '549fb705-a16c-41df-af9c-0d48a9baf6a0', 'COLLEGE ROAD (BOGRA)	,BOGRA', 'à¦•à¦²à§‡à¦œ à¦°à§‹à¦¡(à¦¬à¦—à§à§œà¦¾),à¦¬à¦—à§à§œà¦¾', '', 1, 1, 0, 0, '2014-12-28 08:53:41', '0000-00-00 00:00:00', '0000-00-00 00:00:00'),
(80, '549fb72a-c674-4757-b679-0d48a9baf6a0', 'DHUNAT,	BOGRA', 'à¦§à§à¦¨à¦Ÿ,à¦¬à¦—à§à§œà¦¾', '', 1, 1, 0, 0, '2014-12-28 08:54:18', '0000-00-00 00:00:00', '0000-00-00 00:00:00'),
(81, '549fb75f-04e4-4c19-adf4-0d48a9baf6a0', 'DUPCHANCHIA,	BOGRA', 'à¦¦à§à¦ªà¦šà¦¾à¦šà¦¿à§Ÿà¦¾,à¦¬à¦—à§à§œà¦¾', '', 1, 1, 0, 0, '2014-12-28 08:55:11', '0000-00-00 00:00:00', '0000-00-00 00:00:00'),
(82, '549fb780-0354-4f0e-8caf-0d48a9baf6a0', 'DURGAPUR,	BOGRA', 'à¦¦à§‚à¦°à§à¦—à¦¾à¦ªà§à¦°,à¦¬à¦—à§à§œà¦¾', '', 1, 1, 0, 0, '2014-12-28 08:55:44', '0000-00-00 00:00:00', '0000-00-00 00:00:00'),
(83, '549fb7a6-b228-43fc-9348-0d48a9baf6a0', 'GABTALI,	BOGRA', 'à¦—à¦¾à¦¬à¦¤à¦²à§€,à¦¬à¦—à§à§œà¦¾', '', 1, 1, 0, 0, '2014-12-28 08:56:22', '0000-00-00 00:00:00', '0000-00-00 00:00:00'),
(84, '549fb86c-5ff8-4a9b-b8fd-0d48a9baf6a0', 'GANG NAGAR,	BOGRA', 'à¦—à§‡à¦¨à§à¦— à¦¨à¦—à¦°,à¦¬à¦—à§à§œà¦¾', '', 1, 1, 0, 0, '2014-12-28 08:59:40', '0000-00-00 00:00:00', '0000-00-00 00:00:00'),
(85, '549fb893-2390-4246-8908-0d48a9baf6a0', 'GOHAIL ROAD,	BOGRA', 'à¦—à§‹à¦¹à¦¾à¦‡à¦² à¦°à§‹à¦¡,à¦¬à¦—à§à§œà¦¾', '', 1, 1, 0, 0, '2014-12-28 09:00:19', '0000-00-00 00:00:00', '0000-00-00 00:00:00'),
(86, '549fb8b2-7438-4ba0-8677-0d48a9baf6a0', 'GOHAILHAT	,BOGRA', 'à¦—à§‹à¦¹à¦¾à¦‡à¦²à¦¹à¦¾à¦Ÿ,à¦¬à¦—à§à§œà¦¾', '', 1, 1, 0, 0, '2014-12-28 09:00:50', '0000-00-00 00:00:00', '0000-00-00 00:00:00'),
(87, '549fb8cd-e154-4af6-8f7c-0d48a9baf6a0', 'GUZIA,	BOGRA', 'à¦—à§à¦œà¦¿à§Ÿà¦¾,à¦¬à¦—à§à§œà¦¾', '', 1, 1, 0, 0, '2014-12-28 09:01:17', '0000-00-00 00:00:00', '0000-00-00 00:00:00'),
(88, '549fbdc8-819c-4c8c-b143-0d48a9baf6a0', 'HARIKHALIHAT,	BOGRA', 'à¦¹à¦°à¦¿à¦–à¦¾à¦²à¦¿à¦¹à¦¾à¦Ÿ,à¦¬à¦—à§à§œà¦¾', '', 1, 1, 0, 0, '2014-12-28 09:22:32', '0000-00-00 00:00:00', '0000-00-00 00:00:00'),
(89, '549fbdec-a42c-4034-a321-0d48a9baf6a0', 'JAMURHAT,	BOGRA', 'à¦œà¦®à§à¦°à¦¹à¦¾à¦Ÿ,à¦¬à¦—à§à§œà¦¾', '', 1, 1, 0, 0, '2014-12-28 09:23:08', '0000-00-00 00:00:00', '0000-00-00 00:00:00'),
(90, '549fbe0f-ebf0-4d42-9d26-0d48a9baf6a0', 'KAHALOO,	BOGRA', 'à¦•à¦¾à¦¹à¦¾à¦²à§,à¦¬à¦—à§à§œà¦¾', '', 1, 1, 0, 0, '2014-12-28 09:23:43', '0000-00-00 00:00:00', '0000-00-00 00:00:00'),
(91, '549fbe99-f2f8-46a0-b22b-0d48a9baf6a0', 'NAMUZAHAT,	BOGRA', 'à¦¨à¦¾à¦®à§à¦œà¦¾à¦¹à¦¾à¦Ÿ,à¦¬à¦—à§à§œà¦¾', '', 1, 1, 0, 0, '2014-12-28 09:26:01', '0000-00-00 00:00:00', '0000-00-00 00:00:00'),
(92, '549fbebb-afe4-428b-b718-0d48a9baf6a0', 'NANDIGRAM,	BOGRA', 'à¦¨à¦¨à§à¦¦à¦¿à¦—à§à¦°à¦¾à¦®,à¦¬à¦—à§à§œà¦¾', '', 1, 1, 0, 0, '2014-12-28 09:26:35', '0000-00-00 00:00:00', '0000-00-00 00:00:00'),
(93, '549fbef5-8cf8-46e4-a7e7-0d48a9baf6a0', 'NASHARATPUR,	BOGRA', 'à¦¨à¦¾à¦¶à¦¾à¦°à¦¤à¦ªà§à¦°,à¦¬à¦—à§à§œà¦¾', '', 1, 1, 0, 0, '2014-12-28 09:27:33', '0000-00-00 00:00:00', '0000-00-00 00:00:00'),
(94, '549fbf1b-e0a0-470d-bb4a-0d48a9baf6a0', 'RANABAGHA BAZAR,	BOGRA', 'à¦°à¦¾à¦¨à¦¾à¦¬à¦¾à¦—à¦¾ à¦¬à¦¾à¦œà¦¾à¦°,à¦¬à¦—à§à§œà¦¾', '', 1, 1, 0, 0, '2014-12-28 09:28:11', '0000-00-00 00:00:00', '0000-00-00 00:00:00'),
(95, '549fbf3d-b4d0-49ca-be88-0d48a9baf6a0', 'SANTAHAR,BOGRA', 'à¦¸à¦¾à¦¨à§à¦¤à¦¾à¦¹à¦¾à¦°,à¦¬à¦—à§à§œà¦¾', '', 1, 1, 0, 0, '2014-12-28 09:28:45', '0000-00-00 00:00:00', '0000-00-00 00:00:00'),
(96, '549fbf6a-aabc-4663-9112-0d48a9baf6a0', 'SHAHAR PUKUR,	BOGRA', 'à¦¸à¦¾à¦¹à¦¾à¦° à¦ªà§à¦•à§à¦°,à¦¬à¦—à§à§œà¦¾', '', 1, 1, 0, 0, '2014-12-28 09:29:30', '0000-00-00 00:00:00', '0000-00-00 00:00:00'),
(97, '549fbfa1-e518-4206-bfb9-0d48a9baf6a0', 'SHAHID ZIAUR RAHMAN MEDICAL COLLEGE,BOGRA,	BOGRA', 'à¦¶à¦¹à§€à¦¦ à¦œà¦¿à§Ÿà¦¾à¦‰à¦° à¦°à¦¹à¦®à¦¾à¦¨ à¦®à§‡à¦¡à¦¿à¦•à§‡à¦² à¦•à¦²à§‡à¦œ,à¦¬à¦—à§à§œà¦¾,à¦¬à¦—à§à§œà¦¾', '', 1, 1, 0, 0, '2014-12-28 09:30:25', '0000-00-00 00:00:00', '0000-00-00 00:00:00'),
(98, '549fbfe1-5ef0-4976-a11d-0d48a9baf6a0', 'SHARIAKANDI,	BOGRA', 'à¦¶à¦°à§€à¦†à¦¹à¦•à¦¾à¦¨à§à¦¦à¦¿,à¦¬à¦—à§à§œà¦¾', '', 1, 1, 0, 0, '2014-12-28 09:31:29', '0000-00-00 00:00:00', '0000-00-00 00:00:00'),
(99, '549fcbf0-0bd8-4109-8d25-0d48a9baf6a0', 'SHERPUR (BOGRA),	BOGRA', 'à¦¶à§‡à¦°à¦ªà§à¦°(à¦¬à¦—à§à§œà¦¾),à¦¬à¦—à§à§œà¦¾', '', 1, 1, 0, 0, '2014-12-28 10:22:56', '0000-00-00 00:00:00', '0000-00-00 00:00:00'),
(100, '549fcc17-db30-4997-b45a-0d48a9baf6a0', 'SHERPUR ROAD (BOGRA),	BOGRA', 'à¦¶à§‡à¦°à¦ªà§à¦° à¦°à§‹à¦¡(à¦¬à¦—à§à§œà¦¾),à¦¬à¦—à§à§œà¦¾', '', 1, 1, 0, 0, '2014-12-28 10:23:35', '0000-00-00 00:00:00', '0000-00-00 00:00:00'),
(101, '549fcc51-3894-4c6b-ab1f-0d48a9baf6a0', 'SHIBGONJ (BOGRA),	BOGRA', 'à¦¶à¦¿à¦¬à¦—à¦žà§à¦œ (à¦¬à¦—à§à§œà¦¾),à¦¬à¦—à§à§œà¦¾', '', 1, 1, 0, 0, '2014-12-28 10:24:33', '0000-00-00 00:00:00', '0000-00-00 00:00:00'),
(102, '549fcc6d-19f4-435d-a43f-0d48a9baf6a0', 'SONATALA,	BOGRA', 'à¦¸à§‹à¦¨à¦¾à¦¤à¦²à¦¾,à¦¬à¦—à§à§œà¦¾', '', 1, 1, 0, 0, '2014-12-28 10:25:01', '0000-00-00 00:00:00', '0000-00-00 00:00:00'),
(103, '549fcd08-f354-4049-a372-0d48a9baf6a0', 'TALORA,	BOGRA', 'à¦¤à¦²à§‹à¦°à¦¾,à¦¬à¦—à§à§œà¦¾', '', 1, 1, 0, 0, '2014-12-28 10:27:36', '0000-00-00 00:00:00', '0000-00-00 00:00:00'),
(104, '549fcd31-1eb0-476e-b467-0d48a9baf6a0', 'AKHAURA,	BRAHMANBARIA', 'à¦†à¦–à¦¾à¦‰à§œà¦¾,à¦¬à§à¦°à¦¾à¦•à§à¦·à¦£à¦¬à¦¾à§œà¦¿à§Ÿà¦¾', '', 1, 1, 0, 0, '2014-12-28 10:28:17', '0000-00-00 00:00:00', '0000-00-00 00:00:00'),
(105, '549fcd5e-2d24-4a99-9d8e-0d48a9baf6a0', 'ASHUGONJ,	BRAHMANBARIA', 'à¦†à¦¶à§à¦—à¦žà§à¦œ,à¦¬à§à¦°à¦¾à¦•à§à¦·à¦£à¦¬à¦¾à§œà¦¿à§Ÿà¦¾', '', 1, 1, 0, 0, '2014-12-28 10:29:02', '0000-00-00 00:00:00', '0000-00-00 00:00:00'),
(106, '549fcd94-36f8-4b61-bb8c-0d48a9baf6a0', 'BANCHARAMPUR,	BRAHMANBARIA', 'à¦¬à¦¾à¦žà§à¦›à¦¾à¦°à¦¾à¦®à¦ªà§à¦°,à¦¬à§à¦°à¦¾à¦•à§à¦·à¦£à¦¬à¦¾à§œà¦¿à§Ÿà¦¾', '', 1, 1, 0, 0, '2014-12-28 10:29:56', '0000-00-00 00:00:00', '0000-00-00 00:00:00'),
(107, '549fcdc9-9ea8-4829-b1b1-0d48a9baf6a0', 'BRAHMANBARIA,	BRAHMANBARIA', 'à¦¬à§à¦°à¦¾à¦•à§à¦·à¦£à¦¬à¦¾à§œà¦¿à§Ÿà¦¾,à¦¬à§à¦°à¦¾à¦•à§à¦·à¦£à¦¬à¦¾à§œà¦¿à§Ÿà¦¾', '', 1, 1, 0, 0, '2014-12-28 10:30:49', '0000-00-00 00:00:00', '0000-00-00 00:00:00'),
(108, '549fcdf0-af88-4af1-9767-0d48a9baf6a0', 'CHANDPUR BAZAR,	BRAHMANBARIA', 'à¦šà¦¾à¦¦à¦ªà§à¦° à¦¬à¦¾à¦œà¦¾à¦°,à¦¬à§à¦°à¦¾à¦•à§à¦·à¦£à¦¬à¦¾à§œà¦¿à§Ÿà¦¾', '', 1, 1, 0, 0, '2014-12-28 10:31:28', '0000-00-00 00:00:00', '0000-00-00 00:00:00'),
(109, '549fceeb-9fc8-4098-a719-0d48a9baf6a0', 'CHATALPAR BAZAR,	BRAHMANBARIA', 'à¦šà¦¾à¦¤à¦²à¦ªà¦¾à§œ à¦¬à¦¾à¦œà¦¾à¦°,à¦¬à§à¦°à¦¾à¦•à§à¦·à¦£à¦¬à¦¾à§œà¦¿à§Ÿà¦¾', '', 1, 1, 0, 0, '2014-12-28 10:35:39', '0000-00-00 00:00:00', '0000-00-00 00:00:00'),
(110, '549fcfb4-31e8-43c6-866d-0d48a9baf6a0', 'FANDAUK,	BRAHMANBARIA', 'à¦«à¦¨à¦¦à§Œà¦•,à¦¬à§à¦°à¦¾à¦•à§à¦·à¦£à¦¬à¦¾à§œà¦¿à§Ÿà¦¾', '', 1, 1, 0, 0, '2014-12-28 10:39:00', '0000-00-00 00:00:00', '0000-00-00 00:00:00'),
(111, '549fd0ef-872c-4b8d-8ce4-0d48a9baf6a0', 'GOKARNAGHAT,	BRAHMANBARIA', 'à¦—à§‹à¦•à¦°à¦¨à§‹à¦˜à¦¾à¦Ÿ,à¦¬à§à¦°à¦¾à¦•à§à¦·à¦£à¦¬à¦¾à§œà¦¿à§Ÿà¦¾', '', 1, 1, 0, 0, '2014-12-28 10:44:15', '0000-00-00 00:00:00', '0000-00-00 00:00:00'),
(112, '549fd117-a370-45b9-916b-0d48a9baf6a0', 'HARINBAR BAZAR,	BRAHMANBARIA', 'à¦¹à¦°à¦¿à¦£à¦¬à¦¾à¦° à¦¬à¦¾à¦œà¦¾à¦°,à¦¬à§à¦°à¦¾à¦•à§à¦·à¦£à¦¬à¦¾à§œà¦¿à§Ÿà¦¾', '', 1, 1, 0, 0, '2014-12-28 10:44:55', '0000-00-00 00:00:00', '0000-00-00 00:00:00'),
(113, '549fd135-2938-45da-9df8-0d48a9baf6a0', 'KOSBA,	BRAHMANBARIA', 'à¦•à¦¸à¦¬à¦¾,à¦¬à§à¦°à¦¾à¦•à§à¦·à¦£à¦¬à¦¾à§œà¦¿à§Ÿà¦¾', '', 1, 1, 0, 0, '2014-12-28 10:45:25', '0000-00-00 00:00:00', '0000-00-00 00:00:00'),
(114, '549fd153-4e28-435f-8760-0d48a9baf6a0', 'KUTIBAZAR,	BRAHMANBARIA', 'à¦•à§à¦ à¦¿à¦¬à¦¾à¦œà¦¾à¦°,à¦¬à§à¦°à¦¾à¦•à§à¦·à¦£à¦¬à¦¾à§œà¦¿à§Ÿà¦¾', '', 1, 1, 0, 0, '2014-12-28 10:45:55', '0000-00-00 00:00:00', '0000-00-00 00:00:00'),
(115, '549fd180-21c4-41e4-bc7d-0d48a9baf6a0', 'LADIES BRANCH (B.BARIA),	BRAHMANBARIA', 'à¦²à§‡à¦¡à¦¿à¦¸ à¦¶à¦¾à¦–à¦¾(à¦¬à¦¿.à¦¬à¦¾à§œà¦¿à§Ÿà¦¾),à¦¬à§à¦°à¦¾à¦•à§à¦·à¦£à¦¬à¦¾à§œà¦¿à§Ÿà¦¾', '', 1, 1, 0, 0, '2014-12-28 10:46:40', '0000-00-00 00:00:00', '0000-00-00 00:00:00'),
(116, '549fd19d-3814-4ea1-b2c1-0d48a9baf6a0', 'MEDDA	,BRAHMANBARIA', 'à¦®à§‡à¦¡à§à¦¡à¦¾,à¦¬à§à¦°à¦¾à¦•à§à¦·à¦£à¦¬à¦¾à§œà¦¿à§Ÿà¦¾', '', 1, 1, 0, 0, '2014-12-28 10:47:09', '0000-00-00 00:00:00', '0000-00-00 00:00:00'),
(117, '549fd1c7-4478-4a81-8ed1-0d48a9baf6a0', 'MIRASHANI,	BRAHMANBARIA', 'à¦®à¦¿à§œà¦¾à¦¶à¦¾à¦¨à¦¿,à¦¬à§à¦°à¦¾à¦•à§à¦·à¦£à¦¬à¦¾à§œà¦¿à§Ÿà¦¾', '', 1, 1, 0, 0, '2014-12-28 10:47:51', '0000-00-00 00:00:00', '0000-00-00 00:00:00'),
(118, '549fd1e2-9b30-4dfb-b81e-0d48a9baf6a0', 'NABINAGAR,	BRAHMANBARIA', 'à¦¨à¦¬à§€à¦¨à¦—à¦°,à¦¬à§à¦°à¦¾à¦•à§à¦·à¦£à¦¬à¦¾à§œà¦¿à§Ÿà¦¾', '', 1, 1, 0, 0, '2014-12-28 10:48:18', '0000-00-00 00:00:00', '0000-00-00 00:00:00'),
(119, '549fd1ff-082c-47bf-8ae0-0d48a9baf6a0', 'NASIRNAGAR,	BRAHMANBARIA', 'à¦¨à¦¾à¦¸à¦¿à¦°à¦¨à¦—à¦°,à¦¬à§à¦°à¦¾à¦•à§à¦·à¦£à¦¬à¦¾à§œà¦¿à§Ÿà¦¾', '', 1, 1, 0, 0, '2014-12-28 10:48:47', '0000-00-00 00:00:00', '0000-00-00 00:00:00'),
(120, '549fd22d-a250-47fb-b5ca-0d48a9baf6a0', 'NEW MARKET (B.BARIA),	BRAHMANBARIA', 'à¦¨à¦¿à¦‰ à¦®à¦¾à¦°à§à¦•à§‡à¦Ÿ(à¦¬à¦¿.à¦¬à¦¾à§œà¦¿à§Ÿà¦¾),à¦¬à§à¦°à¦¾à¦•à§à¦·à¦£à¦¬à¦¾à§œà¦¿à§Ÿà¦¾', '', 1, 1, 0, 0, '2014-12-28 10:49:33', '0000-00-00 00:00:00', '0000-00-00 00:00:00'),
(121, '549fd255-ab44-4cba-b873-0d48a9baf6a0', 'RASULLABAD,	BRAHMANBARIA', 'à¦°à¦¸à§à¦²à§à¦²à¦¾à¦¬à¦¾à¦¦,à¦¬à§à¦°à¦¾à¦•à§à¦·à¦£à¦¬à¦¾à§œà¦¿à§Ÿà¦¾', '', 1, 1, 0, 0, '2014-12-28 10:50:13', '0000-00-00 00:00:00', '0000-00-00 00:00:00'),
(122, '549fd284-1918-43ed-a0cf-0d48a9baf6a0', 'RUPASDI BAZAR	,BRAHMANBARIA', 'à¦°à§à¦ªà¦¸à¦¦à¦¿ à¦¬à¦¾à¦œà¦¾à¦°,à¦¬à§à¦°à¦¾à¦•à§à¦·à¦£à¦¬à¦¾à§œà¦¿à§Ÿà¦¾', '', 1, 1, 0, 0, '2014-12-28 10:51:00', '0000-00-00 00:00:00', '0000-00-00 00:00:00'),
(123, '549fdac3-bf94-4db1-9be8-0d48a9baf6a0', 'SARAIL,	BRAHMANBARIA', 'à¦¸à¦°à¦¾à¦‡à¦²,à¦¬à§à¦°à¦¾à¦•à§à¦·à¦£à¦¬à¦¾à§œà¦¿à§Ÿà¦¾', '', 1, 1, 0, 0, '2014-12-28 11:26:11', '0000-00-00 00:00:00', '0000-00-00 00:00:00'),
(124, '549fdaf2-63ac-401e-a7e1-0d48a9baf6a0', 'SHYMAGRAM,	BRAHMANBARIA', 'à¦¸à§€à¦®à¦¾à¦—à§à¦°à¦¾à¦®,à¦¬à§à¦°à¦¾à¦•à§à¦·à¦£à¦¬à¦¾à§œà¦¿à§Ÿà¦¾', '', 1, 1, 0, 0, '2014-12-28 11:26:58', '0000-00-00 00:00:00', '0000-00-00 00:00:00'),
(125, '549fdb1e-3270-4fa4-a8ea-0d48a9baf6a0', 'SINGERBIL,	BRAHMANBARIA', 'à¦¸à¦¿à¦™à§à¦—à¦¾à¦°à¦¬à¦¿à¦²,à¦¬à§à¦°à¦¾à¦•à§à¦·à¦£à¦¬à¦¾à§œà¦¿à§Ÿà¦¾', '', 1, 1, 1, 0, '2014-12-28 11:27:42', '2014-12-28 11:53:30', '0000-00-00 00:00:00'),
(126, '549fdb4c-2ccc-47ed-b7ca-0d48a9baf6a0', 'ZIA SARKARKHANA BR.,	BRAHMANBARIA', 'à¦œà¦¿à§Ÿà¦¾ à¦¸à¦°à¦•à¦¾à¦°à¦–à¦¾à¦¨à¦¾ à¦¬à¦¿à¦†à¦°.,à¦¬à§à¦°à¦¾à¦•à§à¦·à¦£à¦¬à¦¾à§œà¦¿à§Ÿà¦¾', '', 1, 1, 0, 0, '2014-12-28 11:28:28', '0000-00-00 00:00:00', '0000-00-00 00:00:00'),
(127, '549fdb78-82d0-4340-9984-0d48a9baf6a0', 'ALIGANJ,	CHANDPUR', 'à¦†à¦²à§€à¦—à¦žà§à¦œ,à¦šà¦¾à¦¦à¦ªà§à¦°', '', 1, 1, 0, 0, '2014-12-28 11:29:12', '0000-00-00 00:00:00', '0000-00-00 00:00:00'),
(128, '549fdbff-79e8-445c-a49e-0d48a9baf6a0', 'CHANDPUR,	CHANDPUR', 'à¦šà¦¾à¦à¦¦à¦ªà§à¦°,à¦šà¦¾à¦à¦¦à¦ªà§à¦°', '', 1, 1, 0, 0, '2014-12-28 11:31:27', '0000-00-00 00:00:00', '0000-00-00 00:00:00'),
(129, '549fdc29-5994-483f-8d93-0d48a9baf6a0', 'FARAJIKANDI,	CHANDPUR', 'à¦«à¦°à¦¾à¦œà¦¿à¦•à¦¾à¦¨à§à¦¦à¦¿,à¦šà¦¾à¦à¦¦à¦ªà§à¦°', '', 1, 1, 0, 0, '2014-12-28 11:32:09', '0000-00-00 00:00:00', '0000-00-00 00:00:00'),
(130, '549fdc59-3fc8-44c3-87db-0d48a9baf6a0', 'FARIDGANJ,	CHANDPUR', 'à¦«à¦°à¦¿à¦¦à¦—à¦žà§à¦œ,à¦šà¦¾à¦à¦¦à¦ªà§à¦°', '', 1, 1, 0, 0, '2014-12-28 11:32:57', '0000-00-00 00:00:00', '0000-00-00 00:00:00'),
(131, '549fdc8a-d1cc-4d5b-a6c3-0d48a9baf6a0', 'GAZIPUR (CHANDPUR),	CHANDPUR', 'à¦—à¦¾à¦œà§€à¦ªà§à¦°(à¦šà¦¾à¦à¦¦à¦ªà§à¦°),à¦šà¦¾à¦à¦¦à¦ªà§à¦°', '', 1, 1, 0, 0, '2014-12-28 11:33:46', '0000-00-00 00:00:00', '0000-00-00 00:00:00'),
(132, '549fdcce-b764-41f2-9dc0-0d48a9baf6a0', 'HAIMCHAR,	CHANDPUR', 'à¦¹à¦¾à¦‡à¦®à¦šà¦°,à¦šà¦¾à¦à¦¦à¦ªà§à¦°', '', 1, 1, 0, 0, '2014-12-28 11:34:54', '0000-00-00 00:00:00', '0000-00-00 00:00:00'),
(133, '549fdd06-5c7c-4338-b7bc-0d48a9baf6a0', 'HAZIGANJ (CHANDPUR),	CHANDPUR', 'à¦¹à¦¾à¦œà§€à¦—à¦žà§à¦œ(à¦šà¦¾à¦à¦¦à¦ªà§à¦°),à¦šà¦¾à¦à¦¦à¦ªà§à¦°', '', 1, 1, 0, 0, '2014-12-28 11:35:50', '0000-00-00 00:00:00', '0000-00-00 00:00:00'),
(134, '549fdd39-68f4-4a7a-82d9-0d48a9baf6a0', 'KACHUA (CHANDPUR),	CHANDPUR', 'à¦•à¦šà§à§Ÿà¦¾(à¦šà¦¾à¦à¦¦à¦ªà§à¦°),à¦šà¦¾à¦à¦¦à¦ªà§à¦°', '', 1, 1, 0, 0, '2014-12-28 11:36:41', '0000-00-00 00:00:00', '0000-00-00 00:00:00'),
(135, '549fdd64-e8fc-4448-85c0-0d48c0a80108', 'KHILA BAZAR,	CHANDPUR', 'à¦–à¦¿à¦²à¦¾à¦¬à¦¾à¦œà¦¾à¦°,à¦šà¦¾à¦à¦¦à¦ªà§à¦°', '', 1, 1, 0, 0, '2014-12-28 11:37:24', '0000-00-00 00:00:00', '0000-00-00 00:00:00'),
(136, '549fddaf-4bfc-4e5c-9bd0-0d48c0a80108', 'LADIES BRANCH (CHANDPUR),	CHANDPUR', 'à¦²à§‡à¦¡à¦¿à¦¸ à¦¬à§à¦°à¦¾à¦žà§à¦š(à¦šà¦¾à¦à¦¦à¦ªà§à¦°),à¦šà¦¾à¦à¦¦à¦ªà§à¦°', '', 1, 1, 0, 0, '2014-12-28 11:38:39', '0000-00-00 00:00:00', '0000-00-00 00:00:00'),
(137, '549fddd4-3b28-4c48-869d-0d48a9baf6a0', 'MOTLABGANJ,	CHANDPUR', 'à¦®à¦¤à¦²à¦¬à¦—à¦žà§à¦œ,à¦šà¦¾à¦à¦¦à¦ªà§à¦°', '', 1, 1, 0, 0, '2014-12-28 11:39:16', '0000-00-00 00:00:00', '0000-00-00 00:00:00'),
(138, '549fddf0-8d78-42fa-9faf-0d48a9baf6a0', 'NABIPUR,	CHANDPUR', 'à¦¨à¦¬à§€à¦ªà§à¦°,à¦šà¦¾à¦à¦¦à¦ªà§à¦°', '', 1, 1, 0, 0, '2014-12-28 11:39:44', '0000-00-00 00:00:00', '0000-00-00 00:00:00'),
(139, '549fde11-24c0-4e85-855e-0d48a9baf6a0', 'NAORA,	CHANDPUR', 'à¦¨à¦¾à¦“à§œà¦¾,à¦šà¦¾à¦à¦¦à¦ªà§à¦°', '', 1, 1, 0, 0, '2014-12-28 11:40:17', '0000-00-00 00:00:00', '0000-00-00 00:00:00'),
(140, '549fde38-54a4-40a5-b197-0d48a9baf6a0', 'PURANBAZAR (CHANDPUR),	CHANDPUR', 'à¦ªà§à¦°à¦¾à¦¨à¦¬à¦¾à¦œà¦¾à¦°(à¦šà¦¾à¦à¦¦à¦ªà§à¦°),à¦šà¦¾à¦à¦¦à¦ªà§à¦°', '', 1, 1, 0, 0, '2014-12-28 11:40:56', '0000-00-00 00:00:00', '0000-00-00 00:00:00'),
(141, '549fdec1-b390-4701-912b-0d48a9baf6a0', 'RAHIMANAGAR,	CHANDPUR', 'à¦°à¦¹à¦¿à¦®à¦¾à¦¨à¦—à¦°,à¦šà¦¾à¦à¦¦à¦ªà§à¦°', '', 1, 1, 0, 0, '2014-12-28 11:43:13', '0000-00-00 00:00:00', '0000-00-00 00:00:00'),
(142, '549fdf1d-e214-4c7e-91d5-0d48a9baf6a0', 'SACHAR BAZAR,	CHANDPUR', 'à¦¸à¦¾à¦šà¦¾à¦° à¦¬à¦¾à¦œà¦¾à¦°,à¦šà¦¾à¦à¦¦à¦ªà§à¦°', '', 1, 1, 0, 0, '2014-12-28 11:44:45', '0000-00-00 00:00:00', '0000-00-00 00:00:00'),
(143, '549fdf49-b670-455d-ae29-0d48a9baf6a0', 'SHAHRASTI,	CHANDPUR', 'à¦¶à¦¾à¦¹à¦°à¦¾à¦¸à§à¦¤à¦¿,à¦šà¦¾à¦à¦¦à¦ªà§à¦°', '', 1, 1, 0, 0, '2014-12-28 11:45:29', '0000-00-00 00:00:00', '0000-00-00 00:00:00'),
(144, '549fdf6b-6890-400b-afa0-0d48a9baf6a0', 'SHATAKI BAZAR,	CHANDPUR', 'à¦¸à¦¾à¦Ÿà¦¾à¦•à¦¿ à¦¬à¦¾à¦œà¦¾à¦°,à¦šà¦¾à¦à¦¦à¦ªà§à¦°', '', 1, 1, 0, 0, '2014-12-28 11:46:03', '0000-00-00 00:00:00', '0000-00-00 00:00:00'),
(145, '549fdf8a-c444-4303-a8b8-0d48c0a80108', 'SHOLAGHAR,	CHANDPUR', 'à¦·à§‹à¦²à¦˜à¦°,à¦šà¦¾à¦à¦¦à¦ªà§à¦°', '', 1, 1, 0, 0, '2014-12-28 11:46:34', '0000-00-00 00:00:00', '0000-00-00 00:00:00'),
(146, '549fdfa7-7fd0-4cbd-84d6-0d48c0a80108', 'WARUK,	CHANDPUR', 'à¦‰à¦°à§à¦•,à¦šà¦¾à¦à¦¦à¦ªà§à¦°', '', 1, 1, 0, 0, '2014-12-28 11:47:03', '0000-00-00 00:00:00', '0000-00-00 00:00:00'),
(147, '549fdfed-7ec4-461b-9547-0d48a9baf6a0', 'BHOLAHAT,	CHAPAI NAWABGONJ', 'à¦­à§‹à¦²à¦¾à¦¹à¦¾à¦Ÿ,à¦šà¦¾à¦à¦ªà¦¾à¦‡à¦¨à¦¬à¦¾à¦¬à¦—à¦žà§à¦œ', '', 1, 1, 0, 0, '2014-12-28 11:48:13', '0000-00-00 00:00:00', '0000-00-00 00:00:00'),
(148, '549fe01c-6624-4d6f-a3df-0d48a9baf6a0', 'CHAPAI NAWABGONJ,	CHAPAI NAWABGONJ', 'à¦šà¦¾à¦à¦ªà¦¾à¦‡à¦¨à¦¬à¦¾à¦¬à¦—à¦žà§à¦œ,à¦šà¦¾à¦à¦ªà¦¾à¦‡à¦¨à¦¬à¦¾à¦¬à¦—à¦žà§à¦œ', '', 1, 1, 0, 0, '2014-12-28 11:49:00', '0000-00-00 00:00:00', '0000-00-00 00:00:00'),
(149, '549fe047-ba28-454b-a8cd-0d48a9baf6a0', 'GOMASTAPUR,	CHAPAI NAWABGONJ', 'à¦—à§‹à¦®à¦¸à§à¦¤à¦¾à¦ªà§à¦°,à¦šà¦¾à¦à¦ªà¦¾à¦‡à¦¨à¦¬à¦¾à¦¬à¦—à¦žà§à¦œ', '', 1, 1, 0, 0, '2014-12-28 11:49:43', '0000-00-00 00:00:00', '0000-00-00 00:00:00'),
(150, '549fe083-5428-489a-9fa7-0d48a9baf6a0', 'LADIES BRANCH (CHAPAI NAWABGONJ),	CHAPAI NAWABGONJ', 'à¦²à§‡à¦¡à¦¿à¦¸ à¦¬à§à¦°à¦¾à¦žà§à¦š(à¦šà¦¾à¦à¦ªà¦¾à¦‡à¦¨à¦¬à¦¾à¦¬à¦—à¦žà§à¦œ),à¦šà¦¾à¦à¦ªà¦¾à¦‡à¦¨à¦¬à¦¾à¦¬à¦—à¦žà§à¦œ', '', 1, 1, 0, 0, '2014-12-28 11:50:43', '0000-00-00 00:00:00', '0000-00-00 00:00:00'),
(151, '549fe0b1-3ee4-45b7-80fa-0d48a9baf6a0', 'NACHOLE,	CHAPAI NAWABGONJ', 'à¦¨à¦¾à¦šà§‹à¦²,à¦šà¦¾à¦à¦ªà¦¾à¦‡à¦¨à¦¬à¦¾à¦¬à¦—à¦žà§à¦œ', '', 1, 1, 0, 0, '2014-12-28 11:51:29', '0000-00-00 00:00:00', '0000-00-00 00:00:00'),
(152, '549fe0dc-0884-46a6-a503-0d48a9baf6a0', 'ROHANPUR,	CHAPAI NAWABGONJ', 'à¦°à§‹à¦¹à¦¾à¦¨à¦ªà§à¦°,à¦šà¦¾à¦à¦ªà¦¾à¦‡à¦¨à¦¬à¦¾à¦¬à¦—à¦žà§à¦œ', '', 1, 1, 0, 0, '2014-12-28 11:52:12', '0000-00-00 00:00:00', '0000-00-00 00:00:00'),
(153, '549fe16d-fa68-47a0-922d-0d48a9baf6a0', 'SHIBGONJ (CHAPAI NAWABGONJ),	CHAPAI NAWABGONJ', 'à¦¶à¦¿à¦¬à¦—à¦žà§à¦œ (à¦šà¦¾à¦à¦ªà¦¾à¦‡à¦¨à¦¬à¦¾à¦¬à¦—à¦žà§à¦œ),à¦šà¦¾à¦à¦ªà¦¾à¦‡à¦¨à¦¬à¦¾à¦¬à¦—à¦žà§à¦œ', '', 1, 1, 0, 0, '2014-12-28 11:54:37', '0000-00-00 00:00:00', '0000-00-00 00:00:00'),
(154, '549fe1b3-31d4-47d6-8a53-0d48a9baf6a0', 'SONA MASJID BR. CHAPAI N.GONJ,	CHAPAI NAWABGONJ', 'à¦¸à§‹à¦¨à¦¾ à¦®à¦¸à¦œà¦¿à¦¦ à¦¬à¦¿à¦†à¦°.(à¦šà¦¾à¦à¦ªà¦¾à¦‡à¦¨à¦¬à¦¾à¦¬à¦—à¦žà§à¦œ),à¦šà¦¾à¦à¦ªà¦¾à¦‡à¦¨à¦¬à¦¾à¦¬à¦—à¦žà§à¦œ', '', 1, 1, 0, 0, '2014-12-28 11:55:47', '0000-00-00 00:00:00', '0000-00-00 00:00:00'),
(155, '549fe20c-311c-4205-b935-0d48a9baf6a0', 'AGRABAD CORPORATE BR.,	CHITTAGONG', 'à¦†à¦—à§à¦°à¦¾à¦¬à¦¾à¦¦ à¦•à¦°à§à¦ªà§‹à¦°à§‡à¦Ÿ à¦¬à¦¿à¦†à¦°.,à¦šà¦Ÿà§à¦Ÿà¦—à§à¦°à¦¾à¦®', '', 1, 1, 0, 0, '2014-12-28 11:57:16', '0000-00-00 00:00:00', '0000-00-00 00:00:00'),
(156, '549fe22c-3194-45c1-85a6-0d48a9baf6a0', 'AMIN JUTE MILLS,	CHITTAGONG', 'à¦†à¦®à¦¿à¦¨ à¦œà§à¦Ÿ à¦®à¦¿à¦²à¦¸,à¦šà¦Ÿà§à¦Ÿà¦—à§à¦°à¦¾à¦®', '', 1, 1, 0, 0, '2014-12-28 11:57:48', '0000-00-00 00:00:00', '0000-00-00 00:00:00'),
(157, '549fe24a-9120-44b7-9d1f-0d48a9baf6a0', 'ANOWARA,	CHITTAGONG', 'à¦†à¦¨à§‹à§Ÿà¦¾à¦°à¦¾,à¦šà¦Ÿà§à¦Ÿà¦—à§à¦°à¦¾à¦®', '', 1, 1, 0, 0, '2014-12-28 11:58:18', '0000-00-00 00:00:00', '0000-00-00 00:00:00'),
(158, '549fe26f-0fe4-4618-a094-0d48a9baf6a0', 'ASADGONJ (CHITTAGONG),	CHITTAGONG', 'à¦†à¦¸à¦¾à¦¦à¦—à¦žà§à¦œ(à¦šà¦Ÿà§à¦Ÿà¦—à§à¦°à¦¾à¦®),à¦šà¦Ÿà§à¦Ÿà¦—à§à¦°à¦¾à¦®', '', 1, 1, 0, 0, '2014-12-28 11:58:55', '0000-00-00 00:00:00', '0000-00-00 00:00:00'),
(159, '549fe28e-988c-45db-b9b6-0d48a9baf6a0', 'BAHADDARHAT,	CHITTAGONG', 'à¦¬à¦¹à¦¦à§à¦¦à¦¾à¦°à¦¹à¦¾à¦Ÿ,à¦šà¦Ÿà§à¦Ÿà¦—à§à¦°à¦¾à¦®', '', 1, 1, 0, 0, '2014-12-28 11:59:26', '0000-00-00 00:00:00', '0000-00-00 00:00:00'),
(160, '549fe2ad-704c-4ca1-9a58-0d48a9baf6a0', 'BANSHKHALI,	CHITTAGONG', 'à¦¬à¦¨à¦¸à¦–à¦¾à¦²à§€,à¦šà¦Ÿà§à¦Ÿà¦—à§à¦°à¦¾à¦®', '', 1, 1, 0, 0, '2014-12-28 11:59:57', '0000-00-00 00:00:00', '0000-00-00 00:00:00'),
(161, '549fe2c7-2e4c-4acb-b64e-0d48a9baf6a0', 'BANUR BAZAR,	CHITTAGONG', 'à¦¬à¦¾à¦¨à§à¦° à¦¬à¦¾à¦œà¦¾à¦°,à¦šà¦Ÿà§à¦Ÿà¦—à§à¦°à¦¾à¦®', '', 1, 1, 0, 0, '2014-12-28 12:00:23', '0000-00-00 00:00:00', '0000-00-00 00:00:00'),
(162, '549fe2e0-12e8-4316-bfa6-0d48a9baf6a0', 'BHATIARY,	CHITTAGONG', 'à¦­à¦¾à¦Ÿà¦¿à§Ÿà¦¾à¦°à¦¿,à¦šà¦Ÿà§à¦Ÿà¦—à§à¦°à¦¾à¦®', '', 1, 1, 0, 0, '2014-12-28 12:00:48', '0000-00-00 00:00:00', '0000-00-00 00:00:00'),
(163, '549fe304-45b8-4ca2-ae8f-0d48a9baf6a0', 'BIT BR.,	CHITTAGONG', 'à¦¬à¦¿à¦Ÿ à¦¬à¦¿à¦†à¦°,à¦šà¦Ÿà§à¦Ÿà¦—à§à¦°à¦¾à¦®', '', 1, 1, 0, 0, '2014-12-28 12:01:24', '0000-00-00 00:00:00', '0000-00-00 00:00:00'),
(164, '549fe320-6f6c-4d79-8724-0d48a9baf6a0', 'BOALKHALI,	CHITTAGONG', 'à¦¬à§‹à§Ÿà¦¾à¦²à¦–à¦¾à¦²à§€,à¦šà¦Ÿà§à¦Ÿà¦—à§à¦°à¦¾à¦®', '', 1, 1, 0, 0, '2014-12-28 12:01:52', '0000-00-00 00:00:00', '0000-00-00 00:00:00'),
(165, '549fe34c-df4c-4d83-a2c7-0d48a9baf6a0', 'C.D.A. MARKET (PAHARTALI),	CHITTAGONG', 'à¦¸à¦¿.à¦¡à¦¿.à¦.à¦®à¦¾à¦°à§à¦•à§‡à¦Ÿ(à¦ªà¦¾à¦¹à¦¾à§œà¦¤à¦²à§€),à¦šà¦Ÿà§à¦Ÿà¦—à§à¦°à¦¾à¦®', '', 1, 1, 0, 0, '2014-12-28 12:02:36', '0000-00-00 00:00:00', '0000-00-00 00:00:00'),
(166, '549fe374-237c-41d3-999f-0d48a9baf6a0', 'CDA R/A.,	CHITTAGONG', 'à¦¸à¦¿.à¦¡à¦¿.à¦. à¦†à¦°/à¦, à¦šà¦Ÿà§à¦Ÿà¦—à§à¦°à¦¾à¦®', '', 1, 1, 0, 0, '2014-12-28 12:03:16', '0000-00-00 00:00:00', '0000-00-00 00:00:00'),
(167, '549fe390-05f8-465e-87e0-0d48a9baf6a0', 'CHAKTAI,	CHITTAGONG', 'à¦šà¦¾à¦•à§à¦¤à¦¾à¦‡,à¦šà¦Ÿà§à¦Ÿà¦—à§à¦°à¦¾à¦®', '', 1, 1, 0, 0, '2014-12-28 12:03:44', '0000-00-00 00:00:00', '0000-00-00 00:00:00'),
(168, '549fe3c7-79ac-4ce5-bb61-0d48a9baf6a0', 'CHANDANAISH,	CHITTAGONG', 'à¦šà¦¨à§à¦¦à¦¨à¦¾à¦‡à¦¶,à¦šà¦Ÿà§à¦Ÿà¦—à§à¦°à¦¾à¦®', '', 1, 1, 0, 0, '2014-12-28 12:04:39', '0000-00-00 00:00:00', '0000-00-00 00:00:00'),
(169, '549fe3eb-d9ac-42a5-9476-0d48a9baf6a0', 'CHITTAGONG CANTONMENT,	CHITTAGONG', 'à¦šà¦Ÿà§à¦Ÿà¦—à§à¦°à¦¾à¦® à¦•à§à¦¯à¦¾à¦¨à§à¦Ÿà¦¨à¦®à§‡à¦¨à§à¦Ÿ,à¦šà¦Ÿà§à¦Ÿà¦—à§à¦°à¦¾à¦®', '', 1, 1, 0, 0, '2014-12-28 12:05:15', '0000-00-00 00:00:00', '0000-00-00 00:00:00'),
(170, '549fe415-2308-43e5-8945-0d48a9baf6a0', 'CHITTAGONG MEDICAL COLLEGE BR.,CHITTAGONG', 'à¦šà¦Ÿà§à¦Ÿà¦—à§à¦°à¦¾à¦® à¦®à§‡à¦¡à¦¿à¦•à§‡à¦² à¦•à¦²à§‡à¦œ à¦¬à¦¿à¦†à¦°.,à¦šà¦Ÿà§à¦Ÿà¦—à§à¦°à¦¾à¦®', '', 1, 1, 0, 0, '2014-12-28 12:05:57', '0000-00-00 00:00:00', '0000-00-00 00:00:00'),
(171, '549fe449-c1a4-41cf-ba5e-0d48a9baf6a0', 'CHITTAGONG UREA FERTILIZER LTD.,	CHITTAGONG', 'à¦šà¦Ÿà§à¦Ÿà¦—à§à¦°à¦¾à¦® à¦‡à¦‰à¦°à¦¿à§Ÿà¦¾ à¦«à¦¾à¦°à§à¦Ÿà¦¿à¦²à¦¾à¦‡à¦œà¦¾à¦° à¦²à¦¿:,à¦šà¦Ÿà§à¦Ÿà¦—à§à¦°à¦¾à¦®', '', 1, 1, 0, 0, '2014-12-28 12:06:49', '0000-00-00 00:00:00', '0000-00-00 00:00:00'),
(172, '549fe47c-5b44-4cd5-8915-0d48a9baf6a0', 'CHOWKBAZAR (CHITTAGONG),	CHITTAGONG', 'à¦šà§Œà¦• à¦¬à¦¾à¦œà¦¾à¦° (à¦šà¦Ÿà§à¦Ÿà¦—à§à¦°à¦¾à¦®),à¦šà¦Ÿà§à¦Ÿà¦—à§à¦°à¦¾à¦®', '', 1, 1, 0, 0, '2014-12-28 12:07:40', '0000-00-00 00:00:00', '0000-00-00 00:00:00'),
(173, '549fe7cb-1a70-45bd-afa0-0d48a9baf6a0', 'COURT HILLS,	CHITTAGONG', 'à¦•à§‹à¦°à§à¦Ÿ à¦¹à¦¿à¦²à¦¸,à¦šà¦Ÿà§à¦Ÿà¦—à§à¦°à¦¾à¦®', '', 1, 1, 0, 0, '2014-12-28 12:21:47', '0000-00-00 00:00:00', '0000-00-00 00:00:00'),
(174, '549fe7fc-ca7c-45fa-ac83-0d48c0a80108', 'CUSTOM HOUSE (CHITTAGONG),	CHITTAGONG', 'à¦•à¦¾à¦¸à§à¦Ÿà¦® à¦¹à¦¾à¦‰à¦¸(à¦šà¦Ÿà§à¦Ÿà¦—à§à¦°à¦¾à¦®),à¦šà¦Ÿà§à¦Ÿà¦—à§à¦°à¦¾à¦®', '', 1, 1, 0, 0, '2014-12-28 12:22:36', '0000-00-00 00:00:00', '0000-00-00 00:00:00'),
(175, '549fe83f-9958-4116-b95e-0d48c0a80108', 'DOHAZARI,	CHITTAGONG', 'à¦¦à§‹à¦¹à¦¾à¦œà¦¾à¦°à¦¿,à¦šà¦Ÿà§à¦Ÿà¦—à§à¦°à¦¾à¦®', '', 1, 1, 0, 0, '2014-12-28 12:23:43', '0000-00-00 00:00:00', '0000-00-00 00:00:00'),
(176, '549fe863-d018-47e1-9400-0d48a9baf6a0', 'FAKIRHAT BRANCH,	CHITTAGONG', 'à¦«à¦•à¦¿à¦°à¦¹à¦¾à¦Ÿ à¦¬à§à¦°à¦¾à¦žà§à¦š,à¦šà¦Ÿà§à¦Ÿà¦—à§à¦°à¦¾à¦®', '', 1, 1, 0, 0, '2014-12-28 12:24:19', '0000-00-00 00:00:00', '0000-00-00 00:00:00'),
(177, '549fe880-2e70-4115-8738-0d48a9baf6a0', 'FATIKCHARI,	CHITTAGONG', 'à¦«à¦Ÿà¦¿à¦•à¦›à§œà¦¿,à¦šà¦Ÿà§à¦Ÿà¦—à§à¦°à¦¾à¦®', '', 1, 1, 0, 0, '2014-12-28 12:24:48', '0000-00-00 00:00:00', '0000-00-00 00:00:00'),
(178, '549fe8ae-4f08-4f97-96ad-0d48a9baf6a0', 'HALISHAHAR HOUSING ESTATE,	CHITTAGONG', 'à¦¹à¦¾à¦²à¦¿à¦¶à¦¹à¦° à¦¹à¦¾à¦‰à¦œà¦¿à¦‚ à¦à¦¸à§à¦Ÿà§‡à¦Ÿ,à¦šà¦Ÿà§à¦Ÿà¦—à§à¦°à¦¾à¦®', '', 1, 1, 0, 0, '2014-12-28 12:25:34', '0000-00-00 00:00:00', '0000-00-00 00:00:00'),
(179, '549fe8cc-8908-4e2a-9774-0d48c0a80108', 'HATHAZARI,	CHITTAGONG', 'à¦¹à¦¾à¦Ÿà¦¹à¦¾à¦œà¦¾à¦°à§€,à¦šà¦Ÿà§à¦Ÿà¦—à§à¦°à¦¾à¦®', '', 1, 1, 0, 0, '2014-12-28 12:26:04', '0000-00-00 00:00:00', '0000-00-00 00:00:00');
INSERT INTO `bankbranches` (`id`, `bankbranchuuid`, `bankbranchname`, `bankbranchnamebn`, `bankbranchaddress`, `bankbranchisactive`, `bankbranchinsertid`, `bankbranchupdateid`, `bankbranchdeleteid`, `bankbranchinsertdate`, `bankbranchupdatedate`, `bankbranchdeletedate`) VALUES
(180, '549fe8e8-3b28-4bc0-9df9-0d48c0a80108', 'JAMALKHAN ROAD,	CHITTAGONG', 'à¦œà¦¾à¦®à¦¾à¦²à¦–à¦¾à¦¨ à¦°à§‹à¦¡,à¦šà¦Ÿà§à¦Ÿà¦—à§à¦°à¦¾à¦®', '', 1, 1, 0, 0, '2014-12-28 12:26:32', '0000-00-00 00:00:00', '0000-00-00 00:00:00'),
(181, '549fe914-d66c-4231-970a-0d48c0a80108', 'K.C.DEY ROAD CORPORATE BR.,	CHITTAGONG', 'à¦•à§‡.à¦¸à¦¿.à¦¦à§‡ à¦°à§‹à¦¡ à¦•à¦°à§à¦ªà§‹à¦°à§‡à¦Ÿ à¦¬à¦¿à¦†à¦°.,à¦šà¦Ÿà§à¦Ÿà¦—à§à¦°à¦¾à¦®', '', 1, 1, 0, 0, '2014-12-28 12:27:16', '0000-00-00 00:00:00', '0000-00-00 00:00:00'),
(182, '549fe9c0-1b28-47d7-84f1-0d48a9baf6a0', 'KAGATIAHAT,	CHITTAGONG', 'à¦•à¦—à¦Ÿà¦¿à§Ÿà¦¾à¦¹à¦¾à¦Ÿ,à¦šà¦Ÿà§à¦Ÿà¦—à§à¦°à¦¾à¦®', '', 1, 1, 0, 0, '2014-12-28 12:30:08', '0000-00-00 00:00:00', '0000-00-00 00:00:00'),
(183, '549fe9db-8078-4229-8e06-0d48a9baf6a0', 'KALARPOLE,	CHITTAGONG', 'à¦•à¦¾à¦²à¦¾à¦°à¦ªà§‹à¦²,à¦šà¦Ÿà§à¦Ÿà¦—à§à¦°à¦¾à¦®', '', 1, 1, 0, 0, '2014-12-28 12:30:35', '0000-00-00 00:00:00', '0000-00-00 00:00:00'),
(184, '549fe9f7-7488-41c5-b3a7-0d48a9baf6a0', 'KALIBARI,	CHITTAGONG', 'à¦•à¦¾à¦²à¦¿à¦¬à¦¾à§œà¦¿,à¦šà¦Ÿà§à¦Ÿà¦—à§à¦°à¦¾à¦®', '', 1, 1, 0, 0, '2014-12-28 12:31:03', '0000-00-00 00:00:00', '0000-00-00 00:00:00'),
(185, '549fea2a-dcf0-4579-803d-0d48a9baf6a0', 'KALUMUNSHIRHAT,	CHITTAGONG', 'à¦•à¦¾à¦²à§à¦®à§à¦¨à¦¸à¦¿à¦°à¦¾à¦¤,à¦šà¦Ÿà§à¦Ÿà¦—à§à¦°à¦¾à¦®', '', 1, 1, 0, 0, '2014-12-28 12:31:54', '0000-00-00 00:00:00', '0000-00-00 00:00:00'),
(186, '549fea69-3b50-474f-b0d5-0d48a9baf6a0', 'KALURGHAT INDUSTRIAL ESTATE,	CHITTAGONG', 'à¦•à¦¾à¦²à§à¦°à¦˜à¦¾à¦Ÿ à¦‡à¦¨à§à¦¡à§à¦°à¦¾à¦Ÿà§à¦°à¦¿à§Ÿà¦¾à¦² à¦à¦¸à§à¦Ÿà§‡à¦Ÿ,à¦šà¦Ÿà§à¦Ÿà¦—à§à¦°à¦¾à¦®', '', 1, 1, 0, 0, '2014-12-28 12:32:57', '0000-00-00 00:00:00', '0000-00-00 00:00:00'),
(187, '549fea87-4e08-4dc7-a703-0d48a9baf6a0', 'KHAN BAHADUR BAZAR,	CHITTAGONG', 'à¦–à¦¾à¦¨ à¦¬à¦¾à¦¹à¦¾à¦¦à§à¦° à¦¬à¦¾à¦œà¦¾à¦°,à¦šà¦Ÿà§à¦Ÿà¦—à§à¦°à¦¾à¦®', '', 1, 1, 0, 0, '2014-12-28 12:33:27', '0000-00-00 00:00:00', '0000-00-00 00:00:00'),
(188, '549feab1-7a88-4a95-adb3-0d48a9baf6a0', 'KHATUNGONJ,	CHITTAGONG', 'à¦–à¦¾à¦¤à§à¦¨à¦—à¦žà§à¦œ,à¦šà¦Ÿà§à¦Ÿà¦—à§à¦°à¦¾à¦®', '', 1, 1, 0, 0, '2014-12-28 12:34:09', '0000-00-00 00:00:00', '0000-00-00 00:00:00'),
(189, '549feae1-148c-4aa3-b063-0d48a9baf6a0', 'KURBANIGONJ,	Chittagong', 'à¦•à§à¦°à¦¬à¦¾à¦¨à¦¿à¦—à¦žà§à¦œ,à¦šà¦Ÿà§à¦Ÿà¦—à§à¦°à¦¾à¦®', '', 1, 1, 0, 0, '2014-12-28 12:34:57', '0000-00-00 00:00:00', '0000-00-00 00:00:00'),
(190, '549feafa-2be0-4366-83b9-0d48a9baf6a0', 'LOHAGARA,	CHITTAGONG', 'à¦²à§‹à¦¹à¦¾à¦—à§œà¦¾,à¦šà¦Ÿà§à¦Ÿà¦—à§à¦°à¦¾à¦®', '', 1, 1, 0, 0, '2014-12-28 12:35:22', '0000-00-00 00:00:00', '0000-00-00 00:00:00'),
(191, '549feb14-2a28-4bf5-aacc-0d48a9baf6a0', 'MAJIRGHAT,	CHITTAGONG', 'à¦®à¦¾à¦à¦¿à¦°à¦˜à¦¾à¦Ÿ,à¦šà¦Ÿà§à¦Ÿà¦—à§à¦°à¦¾à¦®', '', 1, 1, 0, 0, '2014-12-28 12:35:48', '0000-00-00 00:00:00', '0000-00-00 00:00:00'),
(192, '549feb2f-5b90-42d1-85af-0d48a9baf6a0', 'MARIAMNAGAR,	CHITTAGONG', 'à¦®à¦°à¦¿à§Ÿà¦®à¦¨à¦—à¦°,à¦šà¦Ÿà§à¦Ÿà¦—à§à¦°à¦¾à¦®', '', 1, 1, 0, 0, '2014-12-28 12:36:15', '0000-00-00 00:00:00', '0000-00-00 00:00:00'),
(193, '549feb71-35a8-41c2-88b1-0d48a9baf6a0', 'MARINE ACADEMY (B.M.M.A JULDIA),	CHITTAGONG', 'à¦®à§‡à¦°à¦¿à¦¨ à¦à¦•à¦¾à¦¡à§‡à¦®à¦¿(à¦¬à¦¿.à¦à¦®.à¦à¦®.à¦. à¦œà§à¦²à¦¦à¦¿à§Ÿà¦¾),à¦šà¦Ÿà§à¦Ÿà¦—à§à¦°à¦¾à¦®', '', 1, 1, 0, 0, '2014-12-28 12:37:21', '0000-00-00 00:00:00', '0000-00-00 00:00:00'),
(194, '549febb2-951c-40dd-9fe0-0d48a9baf6a0', 'MIDAGALI,	CHITTAGONG', 'à¦®à¦¿à¦ à¦¾à¦—à¦²à¦¿,à¦šà¦Ÿà§à¦Ÿà¦—à§à¦°à¦¾à¦®', '', 1, 1, 0, 0, '2014-12-28 12:38:26', '0000-00-00 00:00:00', '0000-00-00 00:00:00'),
(195, '549febcd-9318-4a6b-ae21-0d48a9baf6a0', 'MIRSARAI,	CHITTAGONG', 'à¦®à¦¿à¦°à¦¸à¦°à¦¾à¦‡,à¦šà¦Ÿà§à¦Ÿà¦—à§à¦°à¦¾à¦®', '', 1, 1, 0, 0, '2014-12-28 12:38:53', '0000-00-00 00:00:00', '0000-00-00 00:00:00'),
(196, '549fefa5-7338-44ca-9825-0d48a9baf6a0', 'MOHAMMAD TAKIRHAT,	CHITTAGONG', 'à¦®à§‹à¦¹à¦¾à¦®à§à¦®à¦¦ à¦¤à§Œà¦•à¦¿à¦°à¦¹à¦¾à¦Ÿ,à¦šà¦Ÿà§à¦Ÿà¦—à§à¦°à¦¾à¦®', '', 1, 1, 0, 0, '2014-12-28 12:55:17', '0000-00-00 00:00:00', '0000-00-00 00:00:00'),
(197, '549fefe2-dce8-44bf-a4e3-0d48a9baf6a0', 'MOULVI BAZAR (PATIYA),	CHITTAGONG', 'à¦®à§Œà¦²à¦­à¦¿ à¦¬à¦¾à¦œà¦¾à¦°(à¦ªà¦Ÿà¦¿à§Ÿà¦¾),à¦šà¦Ÿà§à¦Ÿà¦—à§à¦°à¦¾à¦®', '', 1, 1, 0, 0, '2014-12-28 12:56:18', '0000-00-00 00:00:00', '0000-00-00 00:00:00'),
(198, '549ff00a-67f8-4443-8c02-0d48a9baf6a0', 'N.A.CHOWDHURY ROAD,	CHITTAGONG', 'à¦à¦¨,à¦, à¦šà§Œà¦§à§à¦°à§€ à¦°à§‹à¦¡,à¦šà¦Ÿà§à¦Ÿà¦—à§à¦°à¦¾à¦®', '', 1, 1, 0, 0, '2014-12-28 12:56:58', '0000-00-00 00:00:00', '0000-00-00 00:00:00'),
(199, '549ff05d-0d94-4d8f-a4f8-0d48a9baf6a0', 'NANGOLMORA,	CHITTAGONG', 'à¦¨à¦¾à¦™à§à¦—à¦²à¦®à§‹à§œà¦¾,à¦šà¦Ÿà§à¦Ÿà¦—à§à¦°à¦¾à¦®', '', 1, 1, 0, 0, '2014-12-28 12:58:21', '0000-00-00 00:00:00', '0000-00-00 00:00:00'),
(200, '549ff094-7f14-4253-9e3e-0d48a9baf6a0', 'NEW MARKET,	CHITTAGONG', 'à¦¨à¦¿à¦‰ à¦®à¦¾à¦°à§à¦•à§‡à¦Ÿ,à¦šà¦Ÿà§à¦Ÿà¦—à§à¦°à¦¾à¦®', '', 1, 1, 0, 0, '2014-12-28 12:59:16', '0000-00-00 00:00:00', '0000-00-00 00:00:00'),
(201, '549ff0b6-7974-4ec3-a06c-0d48a9baf6a0', 'NIZAMPUR,	CHITTAGONG', 'à¦¨à¦¿à¦œà¦¾à¦®à¦ªà§à¦°,à¦šà¦Ÿà§à¦Ÿà¦—à§à¦°à¦¾à¦®', '', 1, 1, 0, 0, '2014-12-28 12:59:50', '0000-00-00 00:00:00', '0000-00-00 00:00:00'),
(202, '54a0e036-3744-4ce4-86f0-0f8ca9baf6a0', 'PAHARTALI MAIN ROAD,	CHITTAGONG', 'à¦ªà¦¾à¦¹à¦¾à§œà¦¤à¦²à§€ à¦®à§‡à¦‡à¦¨ à¦°à§‹à¦¡,à¦šà¦Ÿà§à¦Ÿà¦—à§à¦°à¦¾à¦®', '', 1, 1, 0, 0, '2014-12-29 06:01:42', '0000-00-00 00:00:00', '0000-00-00 00:00:00'),
(203, '54a0e053-cd08-4e59-a10d-0f8ca9baf6a0', 'PATIYA,	CHITTAGONG', 'à¦ªà¦Ÿà¦¿à§Ÿà¦¾,à¦šà¦Ÿà§à¦Ÿà¦—à§à¦°à¦¾à¦®', '', 1, 1, 0, 0, '2014-12-29 06:02:11', '0000-00-00 00:00:00', '0000-00-00 00:00:00'),
(204, '54a0e091-085c-45a3-a650-0f8ca9baf6a0', 'PORT BRANCH,	CHITTAGONG', 'à¦ªà§‹à¦°à§à¦Ÿ à¦¬à§à¦°à¦¾à¦žà§à¦š,à¦šà¦Ÿà§à¦Ÿà¦—à§à¦°à¦¾à¦®', '', 1, 1, 0, 0, '2014-12-29 06:03:13', '0000-00-00 00:00:00', '0000-00-00 00:00:00'),
(205, '54a0e0bf-0f54-4a7b-bbf1-0f8ca9baf6a0', 'PUNCHLAISH.,	CHITTAGONG', 'à¦ªà¦¾à¦à¦šà¦²à¦¾à¦‡à¦¶,à¦šà¦Ÿà§à¦Ÿà¦—à§à¦°à¦¾à¦®', '', 1, 1, 0, 0, '2014-12-29 06:03:59', '0000-00-00 00:00:00', '0000-00-00 00:00:00'),
(206, '54a0e0ed-36a4-4091-8fad-0f8ca9baf6a0', 'RAILWAY BUILDING (CHITTAGONG),	CHITTAGONG', 'à¦°à§‡à¦²à¦“à§Ÿà§‡ à¦¬à¦¿à¦²à§à¦¡à¦¿à¦‚(à¦šà¦Ÿà§à¦Ÿà¦—à§à¦°à¦¾à¦®),à¦šà¦Ÿà§à¦Ÿà¦—à§à¦°à¦¾à¦®', '', 1, 1, 0, 0, '2014-12-29 06:04:45', '0000-00-00 00:00:00', '0000-00-00 00:00:00'),
(207, '54a0e108-66c8-49a6-8a5d-0f8ca9baf6a0', 'RANGUNIA,	CHITTAGONG', 'à¦°à¦¾à¦™à§à¦—à§à¦¨à¦¿à§Ÿà¦¾,à¦šà¦Ÿà§à¦Ÿà¦—à§à¦°à¦¾à¦®', '', 1, 1, 0, 0, '2014-12-29 06:05:12', '0000-00-00 00:00:00', '0000-00-00 00:00:00'),
(208, '54a0e126-8308-4e57-85b5-0f8ca9baf6a0', 'RAUZAN,	CHITTAGONG', 'à¦°à¦¾à¦‰à¦œà¦¾à¦¨,à¦šà¦Ÿà§à¦Ÿà¦—à§à¦°à¦¾à¦®', '', 1, 1, 0, 0, '2014-12-29 06:05:42', '0000-00-00 00:00:00', '0000-00-00 00:00:00'),
(209, '54a0e144-b4fc-43e4-89ef-0f8ca9baf6a0', 'REAZUDDIN BAZAR,	CHITTAGONG', 'à¦°à¦¿à§Ÿà¦¾à¦œà¦‰à¦¦à§à¦¦à¦¿à¦¨ à¦¬à¦¾à¦œà¦¾à¦°,à¦šà¦Ÿà§à¦Ÿà¦—à§à¦°à¦¾à¦®', '', 1, 1, 0, 0, '2014-12-29 06:06:12', '0000-00-00 00:00:00', '0000-00-00 00:00:00'),
(210, '54a0e1d9-ae7c-4176-bedf-0f8ca9baf6a0', 'ROAZARHAT,	CHITTAGONG', 'à¦°à§‹à¦œà¦¾à¦°à¦¹à¦¾à¦Ÿ,à¦šà¦Ÿà§à¦Ÿà¦—à§à¦°à¦¾à¦®', '', 1, 1, 0, 0, '2014-12-29 06:08:41', '0000-00-00 00:00:00', '0000-00-00 00:00:00'),
(211, '54a0e1f9-83f8-40f9-a4c7-0f8ca9baf6a0', 'ROWSHANHAT,	CHITTAGONG', 'à¦°à§Œà¦¶à¦¨à¦¹à¦¾à¦Ÿ,à¦šà¦Ÿà§à¦Ÿà¦—à§à¦°à¦¾à¦®', '', 1, 1, 0, 0, '2014-12-29 06:09:13', '0000-00-00 00:00:00', '0000-00-00 00:00:00'),
(212, '54a0e214-9454-417e-b172-0f8ca9baf6a0', 'RUSTOMHAT,	CHITTAGONG', 'à¦°à§à¦¸à§à¦¤à¦®à¦¹à¦¾à¦Ÿ,à¦šà¦Ÿà§à¦Ÿà¦—à§à¦°à¦¾à¦®', '', 1, 1, 0, 0, '2014-12-29 06:09:40', '0000-00-00 00:00:00', '0000-00-00 00:00:00'),
(213, '54a0e23b-4008-4d3a-9e44-0f8ca9baf6a0', 'SADARGHAT (CHITTAGONG),	CHITTAGONG', 'à¦¸à¦¦à¦°à¦˜à¦¾à¦Ÿ(à¦šà¦Ÿà§à¦Ÿà¦—à§à¦°à¦¾à¦®),à¦šà¦Ÿà§à¦Ÿà¦—à§à¦°à¦¾à¦®', '', 1, 1, 0, 0, '2014-12-29 06:10:19', '0000-00-00 00:00:00', '0000-00-00 00:00:00'),
(214, '54a0e26c-49c0-4ee2-942f-0f8ca9baf6a0', 'SANDVIP,	CHITTAGONG', 'à¦¸à¦¨à§à¦§à§€à¦ª,à¦šà¦Ÿà§à¦Ÿà¦—à§à¦°à¦¾à¦®', '', 1, 1, 0, 0, '2014-12-29 06:11:08', '0000-00-00 00:00:00', '0000-00-00 00:00:00'),
(215, '54a0e288-d098-4690-ab5c-0f8ca9baf6a0', 'SATKANIA,	CHITTAGONG', 'à¦¸à¦¾à¦¤à¦•à¦¾à¦¨à¦¿à§Ÿà¦¾,à¦šà¦Ÿà§à¦Ÿà¦—à§à¦°à¦¾à¦®', '', 1, 1, 0, 0, '2014-12-29 06:11:36', '0000-00-00 00:00:00', '0000-00-00 00:00:00'),
(216, '54a0e2b8-f7b4-46cc-bba0-0f8ca9baf6a0', 'SHAH AMANAT(R:)INT.AIRPORT,	CHITTAGONG', 'à¦¶à¦¾à¦¹ à¦†à¦®à¦¾à¦¨à¦¤(à¦°:) à¦‡à¦¨à§à¦Ÿà¦¾: à¦¬à¦¿à¦®à¦¾à¦¨à¦¬à¦¨à§à¦¦à¦°,à¦šà¦Ÿà§à¦Ÿà¦—à§à¦°à¦¾à¦®', '', 1, 1, 0, 0, '2014-12-29 06:12:24', '0000-00-00 00:00:00', '0000-00-00 00:00:00'),
(217, '54a0e2e1-01a0-4ad0-b98f-0f8ca9baf6a0', 'SIRAJUDDOWLA ROAD,	CHITTAGONG', 'à¦¸à¦¿à¦°à¦¾à¦œà¦‰à¦¦à§à¦¦à§Œà¦²à¦¾ à¦°à§‹à¦¡,à¦šà¦Ÿà§à¦Ÿà¦—à§à¦°à¦¾à¦®', '', 1, 1, 0, 0, '2014-12-29 06:13:05', '0000-00-00 00:00:00', '0000-00-00 00:00:00'),
(218, '54a0e2fc-72ac-4c17-8a49-0f8ca9baf6a0', 'SITAKUNDA,	CHITTAGONG', 'à¦¸à§€à¦¤à¦¾à¦•à§à¦¨à§à¦¡,à¦šà¦Ÿà§à¦Ÿà¦—à§à¦°à¦¾à¦®', '', 1, 1, 0, 0, '2014-12-29 06:13:32', '0000-00-00 00:00:00', '0000-00-00 00:00:00'),
(219, '54a0e31a-a0ec-4daa-8166-0f8ca9baf6a0', 'TERRI BAZAR,	CHITTAGONG', 'à¦Ÿà§‡à¦°à§€ à¦¬à¦¾à¦œà¦¾à¦°,à¦šà¦Ÿà§à¦Ÿà¦—à§à¦°à¦¾à¦®', '', 1, 1, 0, 0, '2014-12-29 06:14:02', '0000-00-00 00:00:00', '0000-00-00 00:00:00'),
(220, '54a0e338-3b88-400d-8a8e-0f8ca9baf6a0', 'UTTOR PATANGA,	CHITTAGONG', 'à¦‰à¦¤à§à¦¤à¦° à¦ªà¦¤à§‡à¦™à§à¦—à¦¾,à¦šà¦Ÿà§à¦Ÿà¦—à§à¦°à¦¾à¦®', '', 1, 1, 0, 0, '2014-12-29 06:14:32', '0000-00-00 00:00:00', '0000-00-00 00:00:00'),
(221, '54a0e378-e6e8-4965-86bd-0f8ca9baf6a0', 'WAGE EARNER''S.CHITTAGONG.,	CHITTAGONG', 'à¦“à§Ÿà§‡à¦œ à¦†à¦°à§à¦¨à¦¾à¦°à§à¦¸ à¦šà¦Ÿà§à¦Ÿà¦—à§à¦°à¦¾à¦®, à¦šà¦Ÿà§à¦Ÿà¦—à§à¦°à¦¾à¦®', '', 1, 1, 0, 0, '2014-12-29 06:15:36', '0000-00-00 00:00:00', '0000-00-00 00:00:00'),
(222, '54a0e3b2-8a3c-4b60-825e-0f8ca9baf6a0', 'ALAMDANGA,	CHUADANGA', 'à¦†à¦²à¦®à¦¡à¦¾à¦™à§à¦—à¦¾,à¦šà§à§Ÿà¦¾à¦¡à¦¾à¦™à§à¦—à¦¾', '', 1, 1, 0, 0, '2014-12-29 06:16:34', '0000-00-00 00:00:00', '0000-00-00 00:00:00'),
(223, '54a0e3e0-6da0-4b02-8e99-0f8ca9baf6a0', 'CHUADANGA,	CHUADANGA', 'à¦šà§à§Ÿà¦¾à¦¡à¦¾à¦™à§à¦—à¦¾,à¦šà§à§Ÿà¦¾à¦¡à¦¾à¦™à§à¦—à¦¾', '', 1, 1, 0, 0, '2014-12-29 06:17:20', '0000-00-00 00:00:00', '0000-00-00 00:00:00'),
(224, '54a0e467-6718-45d7-94b4-0f8ca9baf6a0', 'DAMURHUDA,	CHUADANGA', 'à¦¦à¦¾à¦®à§à§œà¦¹à§à¦¦à¦¾,à¦šà§à§Ÿà¦¾à¦¡à¦¾à¦™à§à¦—à¦¾', '', 1, 1, 0, 0, '2014-12-29 06:19:35', '0000-00-00 00:00:00', '0000-00-00 00:00:00'),
(225, '54a0e4c0-a9b8-4ecd-aae8-0f8ca9baf6a0', 'DARSANA,	CHUADANGA', 'à¦¦à¦¾à¦°à¦¸à¦¨à¦¾,à¦šà§à§Ÿà¦¾à¦¡à¦¾à¦™à§à¦—à¦¾', '', 1, 1, 0, 0, '2014-12-29 06:21:04', '0000-00-00 00:00:00', '0000-00-00 00:00:00'),
(226, '54a0e56b-265c-46c5-897b-0f8ca9baf6a0', 'DINGIADAH,	CHUADANGA', 'à¦¡à¦¿à¦™à§à¦—à¦¿à¦¦à¦¾à¦¹,à¦šà§à§Ÿà¦¾à¦¡à¦¾à¦™à§à¦—à¦¾', '', 1, 1, 0, 0, '2014-12-29 06:23:55', '0000-00-00 00:00:00', '0000-00-00 00:00:00'),
(227, '54a0e5e3-39c8-4854-b20a-0f8ca9baf6a0', 'GOKULKHALI BAZAR,	CHUADANGA', 'à¦—à§‹à¦•à§‚à¦²à¦–à¦¾à¦²à§€ à¦¬à¦¾à¦œà¦¾à¦°,à¦šà§à§Ÿà¦¾à¦¡à¦¾à¦™à§à¦—à¦¾', '', 1, 1, 0, 0, '2014-12-29 06:25:55', '0000-00-00 00:00:00', '0000-00-00 00:00:00'),
(228, '54a0e605-be7c-4dc8-b4c0-0f8ca9baf6a0', 'HATBOALIA,	CHUADANGA', 'à¦¹à¦¾à¦Ÿà¦¬à§‹à§Ÿà¦¾à¦²à¦¿à§Ÿà¦¾,à¦šà§à§Ÿà¦¾à¦¡à¦¾à¦™à§à¦—à¦¾', '', 1, 1, 0, 0, '2014-12-29 06:26:29', '0000-00-00 00:00:00', '0000-00-00 00:00:00'),
(229, '54a0e621-331c-49ac-813e-0f8ca9baf6a0', 'JIBANNAGAR,	CHUADANGA', 'à¦œà§€à¦¬à¦¨à¦¨à¦—à¦°,à¦šà§à§Ÿà¦¾à¦¡à¦¾à¦™à§à¦—à¦¾', '', 1, 1, 0, 0, '2014-12-29 06:26:57', '0000-00-00 00:00:00', '0000-00-00 00:00:00'),
(230, '54a0e658-71d0-47d8-a884-0f8ca9baf6a0', 'MUNSHIGONJ (CHUADANGA),	CHUADANGA', 'à¦®à§à¦¨à§à¦¸à§€à¦—à¦žà§à¦œ(à¦šà§à§Ÿà¦¾à¦¡à¦¾à¦™à§à¦—à¦¾),à¦šà§à§Ÿà¦¾à¦¡à¦¾à¦™à§à¦—à¦¾', '', 1, 1, 0, 0, '2014-12-29 06:27:52', '0000-00-00 00:00:00', '0000-00-00 00:00:00'),
(231, '54a0e6cc-e3e0-4b4a-8bb1-0f8ca9baf6a0', 'SAROJGONJ,	CHUADANGA', 'à¦¸à¦°à§‹à¦œà¦—à¦žà§à¦œ,à¦šà§à§Ÿà¦¾à¦¡à¦¾à¦™à§à¦—à¦¾', '', 1, 1, 0, 0, '2014-12-29 06:29:48', '0000-00-00 00:00:00', '0000-00-00 00:00:00'),
(232, '54a0e6e9-6260-47da-9269-0f8ca9baf6a0', 'UTHALI,	CHUADANGA', 'à¦‰à¦¥à¦¾à¦²à§€,à¦šà§à§Ÿà¦¾à¦¡à¦¾à¦™à§à¦—à¦¾', '', 1, 1, 0, 0, '2014-12-29 06:30:17', '0000-00-00 00:00:00', '0000-00-00 00:00:00'),
(233, '54a0e71a-e5b4-4d6d-9255-0f8ca9baf6a0', 'EID GOAN BR.,	COCX BAZAR', 'à¦ˆà¦¦ à¦—à¦¾à¦à¦“ à¦¬à¦¿à¦†à¦°.,à¦•à¦•à§à¦¸à¦¬à¦¾à¦œà¦¾à¦°', '', 1, 1, 0, 0, '2014-12-29 06:31:06', '0000-00-00 00:00:00', '0000-00-00 00:00:00'),
(234, '54a0e73b-60b0-45a9-a616-0f8ca9baf6a0', 'ADDA BAZAR,	COMILLA', 'à¦†à¦¡à§à¦¡à¦¾ à¦¬à¦¾à¦œà¦¾à¦°,à¦•à§à¦®à¦¿à¦²à§à¦²à¦¾', '', 1, 1, 0, 0, '2014-12-29 06:31:39', '0000-00-00 00:00:00', '0000-00-00 00:00:00'),
(235, '54a0e768-686c-4956-bb73-0f8ca9baf6a0', 'B.I.S.E (COMILLA),	COMILLA', 'à¦¬à¦¿.à¦†à¦‡.à¦à¦¸.à¦‡.(à¦•à§à¦®à¦¿à¦²à§à¦²à¦¾),à¦•à§à¦®à¦¿à¦²à§à¦²à¦¾', '', 1, 1, 0, 0, '2014-12-29 06:32:24', '0000-00-00 00:00:00', '0000-00-00 00:00:00'),
(236, '54a0e79b-6b2c-4a6b-b946-0f8ca9baf6a0', 'BARURA,	COMILLA', 'à¦¬à¦°à§à§œà¦¾,à¦•à§à¦®à¦¿à¦²à§à¦²à¦¾', '', 1, 1, 0, 0, '2014-12-29 06:33:15', '0000-00-00 00:00:00', '0000-00-00 00:00:00'),
(237, '54a0e7d8-7e6c-489b-a9d5-0f8ca9baf6a0', 'BHARASAR BAZAR,	COMILLA', 'à¦¬à§œà¦¸à¦° à¦¬à¦¾à¦œà¦¾à¦°,à¦•à§à¦®à¦¿à¦²à§à¦²à¦¾', '', 1, 1, 0, 0, '2014-12-29 06:34:16', '0000-00-00 00:00:00', '0000-00-00 00:00:00'),
(238, '54a0e800-86f8-43f6-a0f1-0f8ca9baf6a0', 'BRAHMANPARA,	COMILLA', 'à¦¬à§à¦°à¦¾à¦•à§à¦·à¦£à¦ªà¦¾à§œà¦¾,à¦•à§à¦®à¦¿à¦²à§à¦²à¦¾', '', 1, 1, 0, 0, '2014-12-29 06:34:56', '0000-00-00 00:00:00', '0000-00-00 00:00:00'),
(239, '54a0e81b-d200-498d-884b-0f8ca9baf6a0', 'BURICHONG,	COMILLA', 'à¦¬à§à§œà¦¿à¦šà¦‚,à¦•à§à¦®à¦¿à¦²à§à¦²à¦¾', '', 1, 1, 0, 0, '2014-12-29 06:35:23', '0000-00-00 00:00:00', '0000-00-00 00:00:00'),
(240, '54a0e834-39b0-457c-89aa-0f8ca9baf6a0', 'CHANDINA,	COMILLA', 'à¦šà¦¾à¦¨à§à¦¦à¦¿à¦¨à¦¾,à¦•à§à¦®à¦¿à¦²à§à¦²à¦¾', '', 1, 1, 0, 0, '2014-12-29 06:35:48', '0000-00-00 00:00:00', '0000-00-00 00:00:00'),
(241, '54a0e857-a1cc-4aee-9c01-0f8ca9baf6a0', 'CHOWDDAGRAM,	COMILLA', 'à¦šà§Œà¦¦à§à¦¦à¦—à§à¦°à¦¾à¦®,à¦•à§à¦®à¦¿à¦²à§à¦²à¦¾', '', 1, 1, 0, 0, '2014-12-29 06:36:23', '0000-00-00 00:00:00', '0000-00-00 00:00:00'),
(242, '54a0e87c-4d10-413d-b60a-0f8ca9baf6a0', 'COMILLA CANTONMENT,	COMILLA', 'à¦•à§à¦®à¦¿à¦²à§à¦²à¦¾ à¦•à§à¦¯à¦¾à¦¨à§à¦Ÿà¦¨à¦®à§‡à¦¨à§à¦Ÿ,à¦•à§à¦®à¦¿à¦²à§à¦²à¦¾', '', 1, 1, 0, 0, '2014-12-29 06:37:00', '0000-00-00 00:00:00', '0000-00-00 00:00:00'),
(243, '54a0e8a0-832c-4b18-b86f-0f8ca9baf6a0', 'COMILLA CORPORATE BR.,	COMILLA', 'à¦•à§à¦®à¦¿à¦²à§à¦²à¦¾ à¦•à¦°à§à¦ªà§‹à¦°à§‡à¦Ÿ à¦¬à¦¿à¦†à¦°.,à¦•à§à¦®à¦¿à¦²à§à¦²à¦¾', '', 1, 1, 0, 0, '2014-12-29 06:37:36', '0000-00-00 00:00:00', '0000-00-00 00:00:00'),
(244, '54a0e8c4-7814-4e75-b5da-0f8ca9baf6a0', 'COMILLA SADAR DAKHIN,	COMILLA', 'à¦•à§à¦®à¦¿à¦²à§à¦²à¦¾ à¦¸à¦¦à¦° à¦¦à¦•à§à¦·à¦¿à¦£,à¦•à§à¦®à¦¿à¦²à§à¦²à¦¾', '', 1, 1, 0, 0, '2014-12-29 06:38:12', '0000-00-00 00:00:00', '0000-00-00 00:00:00'),
(245, '54a0e8e8-5c18-46dd-aaaf-0f8ca9baf6a0', 'COURT BUILDING (COMILLA),	COMILLA', 'à¦•à§‹à¦°à§à¦Ÿ à¦¬à¦¿à¦²à§à¦¡à¦¿à¦‚(à¦•à§à¦®à¦¿à¦²à§à¦²à¦¾),à¦•à§à¦®à¦¿à¦²à§à¦²à¦¾', '', 1, 1, 0, 0, '2014-12-29 06:38:48', '0000-00-00 00:00:00', '0000-00-00 00:00:00'),
(246, '54a0e904-1398-45f6-88a2-0f8ca9baf6a0', 'DAUDKANDI,	COMILLA', 'à¦¦à¦¾à¦‰à¦¦à¦•à¦¾à¦¨à§à¦¦à¦¿,à¦•à§à¦®à¦¿à¦²à§à¦²à¦¾', '', 1, 1, 0, 0, '2014-12-29 06:39:16', '0000-00-00 00:00:00', '0000-00-00 00:00:00'),
(247, '54a0e928-9ed0-4646-95ba-0f8ca9baf6a0', 'DAULATGONJ,	COMILLA', 'à¦¦à§Œà¦²à¦¤à¦—à¦žà§à¦œ,à¦•à§à¦®à¦¿à¦²à§à¦²à¦¾', '', 1, 1, 0, 0, '2014-12-29 06:39:52', '0000-00-00 00:00:00', '0000-00-00 00:00:00'),
(248, '54a0e93f-45b4-4917-8809-0f8ca9baf6a0', 'DEBIDWAR,	COMILLA', 'à¦¦à§‡à¦¬à¦¿à¦¦à§à¦¬à¦¾à¦°,à¦•à§à¦®à¦¿à¦²à§à¦²à¦¾', '', 1, 1, 0, 0, '2014-12-29 06:40:15', '0000-00-00 00:00:00', '0000-00-00 00:00:00'),
(249, '54a0e95a-ecc8-4187-bb9c-0f8ca9baf6a0', 'ELIOTGONJ,	COMILLA', 'à¦‡à¦²à¦¿à§Ÿà¦Ÿà¦—à¦žà§à¦œ,à¦•à§à¦®à¦¿à¦²à§à¦²à¦¾', '', 1, 1, 0, 0, '2014-12-29 06:40:42', '0000-00-00 00:00:00', '0000-00-00 00:00:00'),
(250, '54a0e97d-12f0-42fc-b9eb-0f8ca9baf6a0', 'GOURIPUR BAZAR,	COMILLA', 'à¦—à§Œà¦°à¦¿à¦ªà§à¦° à¦¬à¦¾à¦œà¦¾à¦°,à¦•à§à¦®à¦¿à¦²à§à¦²à¦¾', '', 1, 1, 0, 0, '2014-12-29 06:41:17', '0000-00-00 00:00:00', '0000-00-00 00:00:00'),
(251, '54a0e997-38f8-4d8f-ad24-0f8ca9baf6a0', 'HOMNA,	COMILLA', 'à¦¹à§‹à¦®à¦¨à¦¾,à¦•à§à¦®à¦¿à¦²à§à¦²à¦¾', '', 1, 1, 0, 0, '2014-12-29 06:41:43', '0000-00-00 00:00:00', '0000-00-00 00:00:00'),
(252, '54a0ea18-2c20-47c2-95a5-0f8ca9baf6a0', 'KONGSHANAGAR,	COMILLA', 'à¦•à¦‚à¦¶à¦¨à¦—à¦°,à¦•à§à¦®à¦¿à¦²à§à¦²à¦¾', '', 1, 1, 0, 0, '2014-12-29 06:43:52', '0000-00-00 00:00:00', '0000-00-00 00:00:00'),
(253, '54a0ea34-0470-467d-8d46-0f8ca9baf6a0', 'KOTBARI,	COMILLA', 'à¦•à§‹à¦Ÿà¦¬à¦¾à§œà§€,à¦•à§à¦®à¦¿à¦²à§à¦²à¦¾', '', 1, 1, 0, 0, '2014-12-29 06:44:20', '0000-00-00 00:00:00', '0000-00-00 00:00:00'),
(254, '54a0ea55-8e00-40d6-80f8-0f8ca9baf6a0', 'MANIKAR CHAR BR.,	COMILLA', 'à¦®à¦£à¦¿à¦•à¦¾à¦° à¦šà¦° à¦¬à¦¿à¦†à¦°.,à¦•à§à¦®à¦¿à¦²à§à¦²à¦¾', '', 1, 1, 0, 0, '2014-12-29 06:44:53', '0000-00-00 00:00:00', '0000-00-00 00:00:00'),
(255, '54a0eacc-7a74-421e-8b73-0f8ca9baf6a0', 'MONOHARGONJ,	COMILLA', 'à¦®à¦¨à§‹à¦¹à¦°à¦—à¦žà§à¦œ,à¦•à§à¦®à¦¿à¦²à§à¦²à¦¾', '', 1, 1, 0, 0, '2014-12-29 06:46:52', '0000-00-00 00:00:00', '0000-00-00 00:00:00'),
(256, '54a0eae8-3530-475e-94bd-0f8ca9baf6a0', 'MURADNAGAR,	COMILLA', 'à¦®à§à¦°à¦¾à¦¦à¦¨à¦—à¦°,à¦•à§à¦®à¦¿à¦²à§à¦²à¦¾', '', 1, 1, 0, 0, '2014-12-29 06:47:20', '0000-00-00 00:00:00', '0000-00-00 00:00:00'),
(257, '54a0eb08-4f48-40e9-8d0c-0f8ca9baf6a0', 'NANGALKOT,	COMILLA', 'à¦¨à¦¾à¦™à§à¦—à¦²à¦•à§‹à¦Ÿ,à¦•à§à¦®à¦¿à¦²à§à¦²à¦¾', '', 1, 1, 0, 0, '2014-12-29 06:47:52', '0000-00-00 00:00:00', '0000-00-00 00:00:00'),
(258, '54a0eb25-fbd8-4d97-b885-0f8ca9baf6a0', 'NOABAZAR,	COMILLA', 'à¦¨à§‹à§Ÿà¦¾à¦¬à¦¾à¦œà¦¾à¦°,à¦•à§à¦®à¦¿à¦²à§à¦²à¦¾', '', 1, 1, 0, 0, '2014-12-29 06:48:21', '0000-00-00 00:00:00', '0000-00-00 00:00:00'),
(259, '54a0eb48-d714-413b-b1b2-0f8ca9baf6a0', 'PARAMTALA	,COMILLA', 'à¦ªà¦°à¦®à¦¤à¦²à¦¾,à¦•à§à¦®à¦¿à¦²à§à¦²à¦¾', '', 1, 1, 0, 0, '2014-12-29 06:48:56', '0000-00-00 00:00:00', '0000-00-00 00:00:00'),
(260, '54a0eb84-4fa4-4306-9f3e-0f8ca9baf6a0', 'PAYALGACHA,	COMILLA', 'à¦ªà¦¾à§Ÿà§‡à¦²à¦—à¦šà¦¾,à¦•à§à¦®à¦¿à¦²à§à¦²à¦¾', '', 1, 1, 0, 0, '2014-12-29 06:49:56', '0000-00-00 00:00:00', '0000-00-00 00:00:00'),
(261, '54a0ebf3-f3f8-44e2-8307-0f8ca9baf6a0', 'RAIPUR BAZAR,	COMILLA', 'à¦°à¦¾à§Ÿà¦ªà§à¦° à¦¬à¦¾à¦œà¦¾à¦°,à¦•à§à¦®à¦¿à¦²à§à¦²à¦¾', '', 1, 1, 0, 0, '2014-12-29 06:51:47', '0000-00-00 00:00:00', '0000-00-00 00:00:00'),
(262, '54a0ec15-1030-4f0f-9670-0f8ca9baf6a0', 'RAMMOHAN BAZAR,	COMILLA', 'à¦°à¦¾à¦®à¦®à§‹à¦¹à¦¨ à¦¬à¦¾à¦œà¦¾à¦°,à¦•à§à¦®à¦¿à¦²à§à¦²à¦¾', '', 1, 1, 0, 0, '2014-12-29 06:52:21', '0000-00-00 00:00:00', '0000-00-00 00:00:00'),
(263, '54a0ec33-7644-44a6-9517-0f8ca9baf6a0', 'RASULPUR BAZAR,	COMILLA', 'à¦°à¦¸à§à¦²à¦ªà§à¦° à¦¬à¦¾à¦œà¦¾à¦°,à¦•à§à¦®à¦¿à¦²à§à¦²à¦¾', '', 1, 1, 0, 0, '2014-12-29 06:52:51', '0000-00-00 00:00:00', '0000-00-00 00:00:00'),
(264, '54a0ec55-7bc0-4b5b-b1bc-0f8ca9baf6a0', 'SREEKAIL,	COMILLA', 'à¦¶à§à¦°à§€à¦•à¦¾à¦‡à¦²,à¦•à§à¦®à¦¿à¦²à§à¦²à¦¾', '', 1, 1, 0, 0, '2014-12-29 06:53:25', '0000-00-00 00:00:00', '0000-00-00 00:00:00'),
(265, '54a0ec7c-261c-4eeb-85f6-0f8ca9baf6a0', 'STATION ROAD,COMILLA,	COMILLA', 'à¦¸à§à¦Ÿà§‡à¦¶à¦¨ à¦°à§‹à¦¡,à¦•à§à¦®à¦¿à¦²à§à¦²à¦¾,à¦•à§à¦®à¦¿à¦²à§à¦²à¦¾', '', 1, 1, 0, 0, '2014-12-29 06:54:04', '0000-00-00 00:00:00', '0000-00-00 00:00:00'),
(266, '54a0ec98-d254-4cef-b836-0f8ca9baf6a0', 'SUAGAZI,	COMILLA', 'à¦¸à§à§Ÿà¦¾à¦—à¦¾à¦œà§€,à¦•à§à¦®à¦¿à¦²à§à¦²à¦¾', '', 1, 1, 0, 0, '2014-12-29 06:54:32', '0000-00-00 00:00:00', '0000-00-00 00:00:00'),
(267, '54a0ecb9-a348-414f-9995-0f8ca9baf6a0', 'WAPDA BUILDING,COMILLA,	COMILLA', 'à¦“à§Ÿà¦¾à¦ªà¦¦à¦¾ à¦¬à¦¿à¦²à§à¦¡à¦¿à¦‚,à¦•à§à¦®à¦¿à¦²à§à¦²à¦¾,à¦•à§à¦®à¦¿à¦²à§à¦²à¦¾', '', 1, 1, 0, 0, '2014-12-29 06:55:05', '0000-00-00 00:00:00', '0000-00-00 00:00:00'),
(268, '54a0ece9-a96c-45c1-8e5e-0f8ca9baf6a0', 'BADARKHALI,	COX''S BAZAR', 'à¦¬à¦¾à¦¦à¦°à¦–à¦¾à¦²à§€,à¦•à¦•à§à¦¸à¦¬à¦¾à¦œà¦¾à¦°', '', 1, 1, 0, 0, '2014-12-29 06:55:53', '0000-00-00 00:00:00', '0000-00-00 00:00:00'),
(269, '54a0ed03-db6c-4876-8731-0f8ca9baf6a0', 'CHAKARIA,	COX''S BAZAR', 'à¦šà¦•à¦°à¦¿à§Ÿà¦¾,à¦•à¦•à§à¦¸à¦¬à¦¾à¦œà¦¾à¦°', '', 1, 1, 0, 0, '2014-12-29 06:56:19', '0000-00-00 00:00:00', '0000-00-00 00:00:00'),
(270, '54a0ed2e-2678-485c-b1ad-0f8ca9baf6a0', 'COX''S BAZAR,	COX''S BAZAR', 'à¦•à¦•à§à¦¸à¦¬à¦¾à¦œà¦¾à¦°,à¦•à¦•à§à¦¸à¦¬à¦¾à¦œà¦¾à¦°', '', 1, 1, 0, 0, '2014-12-29 06:57:02', '0000-00-00 00:00:00', '0000-00-00 00:00:00'),
(271, '54a0eda3-71d0-414d-a009-0f8ca9baf6a0', 'DULAHAZARA,	COX''S BAZAR', 'à¦¡à§à¦²à¦¾à¦¹à¦¾à¦œà¦°à¦¾,à¦•à¦•à§à¦¸à¦¬à¦¾à¦œà¦¾à¦°', '', 1, 1, 0, 0, '2014-12-29 06:58:59', '0000-00-00 00:00:00', '0000-00-00 00:00:00'),
(272, '54a0edbd-7274-4615-8e6c-0f8ca9baf6a0', 'KUTUBDIA,	COX''S BAZAR', 'à¦•à§à¦¤à§à¦¬à¦¦à¦¿à§Ÿà¦¾,à¦•à¦•à§à¦¸à¦¬à¦¾à¦œà¦¾à¦°', '', 1, 1, 0, 0, '2014-12-29 06:59:25', '0000-00-00 00:00:00', '0000-00-00 00:00:00'),
(273, '54a0edd4-4a2c-42ea-ac99-0f8ca9baf6a0', 'MOHESHKHALI,	COX''S BAZAR', 'à¦®à¦¹à§‡à¦¶à¦–à¦¾à¦²à§€,à¦•à¦•à§à¦¸à¦¬à¦¾à¦œà¦¾à¦°', '', 1, 1, 0, 0, '2014-12-29 06:59:48', '0000-00-00 00:00:00', '0000-00-00 00:00:00'),
(274, '54a0ede8-d528-437c-ac46-0f8ca9baf6a0', 'RAMU,	COX''S BAZAR', 'à¦°à¦¾à¦®à§,à¦•à¦•à§à¦¸à¦¬à¦¾à¦œà¦¾à¦°', '', 1, 1, 0, 0, '2014-12-29 07:00:08', '0000-00-00 00:00:00', '0000-00-00 00:00:00'),
(275, '54a0ee04-dd7c-4df2-9976-0f8ca9baf6a0', 'TEKNAF	,COX''S BAZAR', 'à¦Ÿà§‡à¦•à¦¨à¦¾à¦«,à¦•à¦•à§à¦¸à¦¬à¦¾à¦œà¦¾à¦°', '', 1, 1, 0, 0, '2014-12-29 07:00:36', '0000-00-00 00:00:00', '0000-00-00 00:00:00'),
(276, '54a0ee1a-585c-4d49-a6ec-0f8ca9baf6a0', 'UKHIYA,	COX''S BAZAR', 'à¦‰à¦–à¦¿à§Ÿà¦¾,à¦•à¦•à§à¦¸à¦¬à¦¾à¦œà¦¾à¦°', '', 1, 1, 0, 0, '2014-12-29 07:00:58', '0000-00-00 00:00:00', '0000-00-00 00:00:00'),
(277, '54a0ee3e-7fb8-495e-a3ab-0f8ca9baf6a0', 'AGARGAON BR.,	DHAKA', 'à¦†à¦—à¦¾à¦°à¦—à¦¾à¦à¦“ à¦¬à¦¿à¦†à¦°.,à¦¢à¦¾à¦•à¦¾', '', 1, 1, 0, 0, '2014-12-29 07:01:34', '0000-00-00 00:00:00', '0000-00-00 00:00:00'),
(278, '54a0ef9b-8d48-4744-9b4f-0f8ca9baf6a0', 'AGLA,	DHAKA', 'à¦†à¦—à¦²à¦¾,à¦¢à¦¾à¦•à¦¾', '', 1, 1, 0, 0, '2014-12-29 07:07:23', '0000-00-00 00:00:00', '0000-00-00 00:00:00'),
(279, '54a0efe1-7b20-4470-b93d-0f8ca9baf6a0', 'AGRANI BALIKA BIDYALAYA,	DHAKA', 'à¦…à¦—à§à¦°à¦£à§€ à¦¬à¦¾à¦²à¦¿à¦•à¦¾ à¦¬à¦¿à¦¦à§à¦¯à¦¾à¦²à§Ÿ,à¦¢à¦¾à¦•à¦¾', '', 1, 1, 0, 0, '2014-12-29 07:08:33', '0000-00-00 00:00:00', '0000-00-00 00:00:00'),
(280, '54a0f000-e61c-4cbb-8a94-0f8ca9baf6a0', 'AMIN BAZAR,	DHAKA', 'à¦†à¦®à¦¿à¦¨ à¦¬à¦¾à¦œà¦¾à¦°,à¦¢à¦¾à¦•à¦¾', '', 1, 1, 0, 0, '2014-12-29 07:09:04', '0000-00-00 00:00:00', '0000-00-00 00:00:00'),
(281, '54a0f01c-3520-4dd1-a9b1-0f8ca9baf6a0', 'ARMANITOLA,	DHAKA', 'à¦†à¦°à¦®à¦¾à¦¨à¦¿à¦Ÿà§‹à¦²à¦¾,à¦¢à¦¾à¦•à¦¾', '', 1, 1, 0, 0, '2014-12-29 07:09:32', '0000-00-00 00:00:00', '0000-00-00 00:00:00'),
(282, '54a0f046-1924-485b-8698-0f8ca9baf6a0', 'Ashuli Bazer Br.,	Dhaka', 'à¦†à¦¶à§à¦²à¦¿à§Ÿà¦¾ à¦¬à¦¾à¦œà¦¾à¦° à¦¬à¦¿à¦†à¦°.,à¦¢à¦¾à¦•à¦¾', '', 1, 1, 0, 0, '2014-12-29 07:10:14', '0000-00-00 00:00:00', '0000-00-00 00:00:00'),
(283, '54a0f05f-dd58-4aaa-9c10-0f8ca9baf6a0', 'ATIBAZAR,	DHAKA', 'à¦†à¦¤à¦¿à¦¬à¦¾à¦œà¦¾à¦°,à¦¢à¦¾à¦•à¦¾', '', 1, 1, 0, 0, '2014-12-29 07:10:39', '0000-00-00 00:00:00', '0000-00-00 00:00:00'),
(284, '54a0f07e-8d94-46a8-b1e0-0f8ca9baf6a0', 'AWLAD HOSSAIN MARKET,	DHAKA', 'à¦†à¦“à¦²à¦¾à¦¦ à¦¹à§‹à¦¸à§‡à¦¨ à¦®à¦¾à¦°à§à¦•à§‡à¦Ÿ,à¦¢à¦¾à¦•à¦¾', '', 1, 1, 0, 0, '2014-12-29 07:11:10', '0000-00-00 00:00:00', '0000-00-00 00:00:00'),
(285, '54a0f0b0-0700-4276-860f-0f8ca9baf6a0', 'B.B.AVENUE CORPORATE BR.,	DHAKA', 'à¦¬à¦¿.à¦¬à¦¿.à¦à¦­à¦¿à¦¨à¦¿à¦‰ à¦•à¦°à§à¦ªà§‹à¦°à§‡à¦Ÿ à¦¬à¦¿à¦†à¦°.,à¦¢à¦¾à¦•à¦¾', '', 1, 1, 0, 0, '2014-12-29 07:12:00', '0000-00-00 00:00:00', '0000-00-00 00:00:00'),
(286, '54a0f0d3-4a6c-443b-a901-0f8ca9baf6a0', 'B.I.S.E.,	DHAKA', 'à¦¬à¦¿.à¦†à¦‡.à¦à¦¸.à¦‡.,à¦¢à¦¾à¦•à¦¾', '', 1, 1, 0, 0, '2014-12-29 07:12:35', '0000-00-00 00:00:00', '0000-00-00 00:00:00'),
(287, '54a0f0f0-1ddc-41a2-9e4e-0f8ca9baf6a0', 'B.M.E.B.,	DHAKA', 'à¦¬à¦¿.à¦à¦®.à¦‡.à¦¬à¦¿.,à¦¢à¦¾à¦•à¦¾', '', 1, 1, 0, 0, '2014-12-29 07:13:04', '0000-00-00 00:00:00', '0000-00-00 00:00:00'),
(288, '54a0f110-dff4-4583-9571-0f8ca9baf6a0', 'B.U.E.T.,	DHAKA', 'à¦¬à¦¿.à¦‡à¦‰.à¦‡.à¦Ÿà¦¿.,à¦¢à¦¾à¦•à¦¾', '', 1, 1, 0, 0, '2014-12-29 07:13:36', '0000-00-00 00:00:00', '0000-00-00 00:00:00'),
(289, '54a0f12a-8808-4c61-9fca-0f8ca9baf6a0', 'BABUBAZAR,	DHAKA', 'à¦¬à¦¾à¦¬à§à¦¬à¦¾à¦œà¦¾à¦°,à¦¢à¦¾à¦•à¦¾', '', 1, 1, 0, 0, '2014-12-29 07:14:02', '0000-00-00 00:00:00', '0000-00-00 00:00:00'),
(290, '54a0f142-201c-4fe2-86dc-0f8ca9baf6a0', 'BADDAH,	DHAKA', 'à¦¬à¦¾à¦¡à§à¦¡à¦¾,à¦¢à¦¾à¦•à¦¾', '', 1, 1, 0, 0, '2014-12-29 07:14:26', '0000-00-00 00:00:00', '0000-00-00 00:00:00'),
(291, '54a0f168-3608-4e89-8212-0f8ca9baf6a0', 'BAITUL MOKKARRAM,	DHAKA', 'à¦¬à¦¾à§Ÿà¦¤à§à¦² à¦®à§‹à¦•à¦¾à¦°à¦°à¦®,à¦¢à¦¾à¦•à¦¾', '', 1, 1, 0, 0, '2014-12-29 07:15:04', '0000-00-00 00:00:00', '0000-00-00 00:00:00'),
(292, '54a0f181-d6d4-4a4f-a7ec-0f8ca9baf6a0', 'BANANI,	DHAKA', 'à¦¬à¦¨à¦¾à¦¨à§€,à¦¢à¦¾à¦•à¦¾', '', 1, 1, 0, 0, '2014-12-29 07:15:29', '0000-00-00 00:00:00', '0000-00-00 00:00:00'),
(293, '54a0f19e-c8a0-4e83-94a8-0f8ca9baf6a0', 'BANANI BAZAR,	DHAKA', 'à¦¬à¦¨à¦¾à¦¨à§€ à¦¬à¦¾à¦œà¦¾à¦°,à¦¢à¦¾à¦•à¦¾', '', 1, 1, 0, 0, '2014-12-29 07:15:58', '0000-00-00 00:00:00', '0000-00-00 00:00:00'),
(294, '54a0f1c8-4630-452f-8e89-0f8ca9baf6a0', 'BANGA BANDHU JATIO STADIUM BR.,	DHAKA', 'à¦¬à¦™à§à¦—à¦¬à¦¨à§à¦§à§ à¦œà¦¾à¦¤à§€à§Ÿ à¦¸à§à¦Ÿà§‡à¦¡à¦¿à§Ÿà¦¾à¦® à¦¬à¦¿à¦†à¦°.,à¦¢à¦¾à¦•à¦¾', '', 1, 1, 0, 0, '2014-12-29 07:16:40', '0000-00-00 00:00:00', '0000-00-00 00:00:00'),
(295, '54a0f1e0-06fc-4702-9b23-0f8ca9baf6a0', 'BARIDHARA,	DHAKA', 'à¦¬à¦¾à¦°à¦¿à¦§à¦¾à¦°à¦¾,à¦¢à¦¾à¦•à¦¾', '', 1, 1, 0, 0, '2014-12-29 07:17:04', '0000-00-00 00:00:00', '0000-00-00 00:00:00'),
(296, '54a0f1f6-650c-46e2-b7c9-0f8ca9baf6a0', 'BASHABO,	DHAKA', 'à¦¬à¦¾à¦¸à¦¾à¦¬à§‹,à¦¢à¦¾à¦•à¦¾', '', 1, 1, 0, 0, '2014-12-29 07:17:26', '0000-00-00 00:00:00', '0000-00-00 00:00:00'),
(297, '54a0f2ca-8630-4ad4-9c43-0f8ca9baf6a0', 'BAWANINAGAR,	DHAKA', 'à¦¬à§Œà¦¨à¦¿à¦¨à¦—à¦°,à¦¢à¦¾à¦•à¦¾', '', 1, 1, 0, 0, '2014-12-29 07:20:58', '0000-00-00 00:00:00', '0000-00-00 00:00:00'),
(298, '54a0f30f-a068-4680-8290-0f8ca9baf6a0', 'BAZME QUADERIA COMPLEX,	DHAKA', 'à¦¬à¦œà¦®à§€ à¦•à¦¾à¦¦à§‡à¦°à§€à§Ÿà¦¾ à¦•à¦®à¦ªà§à¦²à§‡à¦•à§à¦¸,à¦¢à¦¾à¦•à¦¾', '', 1, 1, 0, 0, '2014-12-29 07:22:07', '0000-00-00 00:00:00', '0000-00-00 00:00:00'),
(299, '54a0f333-d454-43c7-9b08-0f8ca9baf6a0', 'BEGUM ROKEYA SHARANI,	DHAKA', 'à¦¬à§‡à¦—à¦® à¦°à§‹à¦•à§‡à§Ÿà¦¾ à¦¸à§à¦®à¦°à¦£à§€,à¦¢à¦¾à¦•à¦¾', '', 1, 1, 0, 0, '2014-12-29 07:22:43', '0000-00-00 00:00:00', '0000-00-00 00:00:00'),
(300, '54a0f35b-d228-47a8-9fce-0f8ca9baf6a0', 'BSIC INDUSTRIAL AREA	DHAKA', 'à¦¬à¦¿à¦¸à¦¿à¦• à¦¶à¦¿à¦²à§à¦ª à¦à¦²à¦¾à¦•à¦¾,à¦¢à¦¾à¦•à¦¾', '', 1, 1, 0, 0, '2014-12-29 07:23:23', '0000-00-00 00:00:00', '0000-00-00 00:00:00'),
(301, '54a0f377-ab54-4b39-b873-0f8ca9baf6a0', 'CHOWK BAZAR (DHAKA),	DHAKA', 'à¦šà¦• à¦¬à¦¾à¦œà¦¾à¦°(à¦¢à¦¾à¦•à¦¾),à¦¢à¦¾à¦•à¦¾', '', 1, 1, 0, 0, '2014-12-29 07:23:51', '0000-00-00 00:00:00', '0000-00-00 00:00:00'),
(302, '54a0f3e9-ed38-40b7-b20e-0f8ca9baf6a0', 'CHURAIN,	DHAKA', 'à¦œà§à¦°à¦¾à¦‡à¦¨,à¦¢à¦¾à¦•à¦¾', '', 1, 1, 0, 0, '2014-12-29 07:25:45', '0000-00-00 00:00:00', '0000-00-00 00:00:00'),
(303, '54a0f417-4adc-41fd-bbaa-0f8ca9baf6a0', 'CUSTOM HOUSE BRANCH,KURMITOLA,	DHAKA', 'à¦•à¦¾à¦¸à§à¦Ÿà¦® à¦¹à¦¾à¦‰à¦¸ à¦¶à¦¾à¦–à¦¾,à¦•à§à¦°à§à¦®à¦¿à¦Ÿà§‹à¦²à¦¾,à¦¢à¦¾à¦•à¦¾', '', 1, 1, 0, 0, '2014-12-29 07:26:31', '0000-00-00 00:00:00', '0000-00-00 00:00:00'),
(304, '54a0f439-3b74-4163-8649-0f8ca9baf6a0', 'D.C.HALL (DHAKA),	DHAKA', 'à¦¡à¦¿.à¦¸à¦¿.à¦¹à¦² (à¦¢à¦¾à¦•à¦¾),à¦¢à¦¾à¦•à¦¾', '', 1, 1, 0, 0, '2014-12-29 07:27:05', '0000-00-00 00:00:00', '0000-00-00 00:00:00'),
(305, '54a0f450-e9ec-4c9c-b8bf-0f8ca9baf6a0', 'DAYAGONJ,	DHAKA', 'à¦¦à§Ÿà¦¾à¦—à¦žà§à¦œ,à¦¢à¦¾à¦•à¦¾', '', 1, 1, 0, 0, '2014-12-29 07:27:28', '0000-00-00 00:00:00', '0000-00-00 00:00:00'),
(306, '54a0f470-4528-4ba9-b0c4-0f8ca9baf6a0', 'DHAKA AIRPORT,	DHAKA', 'à¦¢à¦¾à¦•à¦¾ à¦à§Ÿà¦¾à¦°à¦ªà§‹à¦°à§à¦Ÿ,à¦¢à¦¾à¦•à¦¾', '', 1, 1, 0, 0, '2014-12-29 07:28:00', '0000-00-00 00:00:00', '0000-00-00 00:00:00'),
(307, '54a0f499-9c9c-4bce-8ef7-0f8ca9baf6a0', 'DHAKA CANTT.CORPORATE.,	DHAKA', 'à¦¢à¦¾à¦•à¦¾ à¦•à§à¦¯à¦¾à¦¨à§à¦Ÿ: à¦•à¦°à§à¦ªà§‹à¦°à§‡à¦Ÿ,à¦¢à¦¾à¦•à¦¾', '', 1, 1, 0, 0, '2014-12-29 07:28:41', '0000-00-00 00:00:00', '0000-00-00 00:00:00'),
(308, '54a0f4d3-9e30-4cb7-b79e-0f8ca9baf6a0', 'DHAKA RAPTANI PRAKRIAKARAN ALAKHA,	DHAKA', 'à¦¢à¦¾à¦•à¦¾ à¦°à¦ªà§à¦¤à¦¾à¦¨à§€ à¦ªà§à¦°à¦•à§à¦°à¦¿à§Ÿà¦¾à¦•à¦°à¦£ à¦à¦²à¦¾à¦•à¦¾,à¦¢à¦¾à¦•à¦¾', '', 1, 1, 0, 0, '2014-12-29 07:29:39', '0000-00-00 00:00:00', '0000-00-00 00:00:00'),
(309, '54a0f501-093c-4093-9508-0f8ca9baf6a0', 'DHAKA RESIDENTIAL MODEL COLLEGE,	DHAKA', 'à¦¢à¦¾à¦•à¦¾ à¦°à§‡à¦¸à¦¿à¦¡à§‡à¦¨à§à¦¸à¦¿à§Ÿà¦¾à¦² à¦®à¦¡à§‡à¦² à¦•à¦²à§‡à¦œ,à¦¢à¦¾à¦•à¦¾', '', 1, 1, 0, 0, '2014-12-29 07:30:25', '0000-00-00 00:00:00', '0000-00-00 00:00:00'),
(310, '54a0f52a-ac68-4ed1-b58f-0f8ca9baf6a0', 'DHAKA UNIVERSITY CAMPUS,	DHAKA', 'à¦¢à¦¾à¦•à¦¾ à¦¬à¦¿à¦¶à§à¦¬à¦¬à¦¿à¦¦à§à¦¯à¦¾à¦²à§Ÿ à¦•à§à¦¯à¦¾à¦®à§à¦ªà¦¾à¦¸,à¦¢à¦¾à¦•à¦¾', '', 1, 1, 0, 0, '2014-12-29 07:31:06', '0000-00-00 00:00:00', '0000-00-00 00:00:00'),
(311, '54a0f541-10a8-47ba-ab97-0f8ca9baf6a0', 'DHAMRAI,	DHAKA', 'à¦§à¦¾à¦®à¦°à¦¾à¦‡,à¦¢à¦¾à¦•à¦¾', '', 1, 1, 0, 0, '2014-12-29 07:31:29', '0000-00-00 00:00:00', '0000-00-00 00:00:00'),
(312, '54a0f560-2db8-44f1-89f0-0f8ca9baf6a0', 'DILKUSHA CORPORATE BR.,	DHAKA', 'à¦¦à¦¿à¦²à¦•à§à¦¶à¦¾ à¦•à¦°à§à¦ªà§‹à¦°à§‡à¦Ÿ à¦¬à¦¿à¦†à¦°.,à¦¢à¦¾à¦•à¦¾', '', 1, 1, 0, 0, '2014-12-29 07:32:00', '0000-00-00 00:00:00', '0000-00-00 00:00:00'),
(313, '54a0f58f-4194-4a93-a820-0f8ca9baf6a0', 'DISTILARY ROAD,	DHAKA', 'à¦¦à¦¿à¦¶à¦¤à¦¿à¦²à¦¾à¦°à§€ à¦°à§‹à¦¡,à¦¢à¦¾à¦•à¦¾', '', 1, 1, 0, 0, '2014-12-29 07:32:47', '0000-00-00 00:00:00', '0000-00-00 00:00:00'),
(314, '54a0f5a9-882c-4f4c-a6f5-0f8ca9baf6a0', 'ELEPHANT ROAD,	DHAKA', 'à¦à¦²à¦¿à¦«à§à¦¯à¦¾à¦¨à§à¦Ÿ à¦°à§‹à¦¡,à¦¢à¦¾à¦•à¦¾', '', 1, 1, 0, 0, '2014-12-29 07:33:13', '0000-00-00 00:00:00', '0000-00-00 00:00:00'),
(315, '54a0f5c7-fb80-4bb8-91f9-0f8ca9baf6a0', 'FAKIRAPOOL,	DHAKA', 'à¦«à¦•à¦¿à¦°à¦¾à¦ªà§à¦²,à¦¢à¦¾à¦•à¦¾', '', 1, 1, 0, 0, '2014-12-29 07:33:43', '0000-00-00 00:00:00', '0000-00-00 00:00:00'),
(316, '54a0f5e5-c808-400f-9179-0f8ca9baf6a0', 'FARASHGANJ,	DHAKA', 'à¦«à¦°à¦¾à¦¸à¦—à¦žà§à¦œ,à¦¢à¦¾à¦•à¦¾', '', 1, 1, 0, 0, '2014-12-29 07:34:13', '0000-00-00 00:00:00', '0000-00-00 00:00:00'),
(317, '54a0f600-db88-4d2e-9a13-0f8ca9baf6a0', 'FARMGATE,	DHAKA', 'à¦«à¦¾à¦°à§à¦®à¦—à§‡à¦Ÿ,à¦¢à¦¾à¦•à¦¾', '', 1, 1, 0, 0, '2014-12-29 07:34:40', '0000-00-00 00:00:00', '0000-00-00 00:00:00'),
(318, '54a0f631-db2c-4ed5-9c3e-0f8ca9baf6a0', 'FOREIGN EXCHANGE CORPORATE BR.,	DHAKA', 'à¦«à¦°à§‡à¦¨ à¦à¦•à§à¦¸à¦šà§‡à¦žà§à¦œ à¦•à¦°à§à¦ªà§‹à¦°à§‡à¦Ÿ à¦¬à¦¿à¦†à¦°.,à¦¢à¦¾à¦•à¦¾', '', 1, 1, 0, 0, '2014-12-29 07:35:29', '0000-00-00 00:00:00', '0000-00-00 00:00:00'),
(319, '54a0f649-abe4-42ae-8b5b-0f8ca9baf6a0', 'GANA BHABAN,	DHAKA', 'à¦—à¦£ à¦­à¦¬à¦¨,à¦¢à¦¾à¦•à¦¾', '', 1, 1, 0, 0, '2014-12-29 07:35:53', '0000-00-00 00:00:00', '0000-00-00 00:00:00'),
(320, '54a0f661-3784-4635-845b-0f8ca9baf6a0', 'GORAN,	DHAKA', 'à¦—à§‹à§œà¦¾à¦¨,à¦¢à¦¾à¦•à¦¾', '', 1, 1, 0, 0, '2014-12-29 07:36:17', '0000-00-00 00:00:00', '0000-00-00 00:00:00'),
(321, '54a0f67b-79c4-4495-a059-0f8ca9baf6a0', 'GREEN ROAD,	DHAKA', 'à¦—à§à¦°à§€à¦£ à¦°à§‹à¦¡,à¦¢à¦¾à¦•à¦¾', '', 1, 1, 0, 0, '2014-12-29 07:36:43', '0000-00-00 00:00:00', '0000-00-00 00:00:00'),
(322, '54a0f694-fbf8-44c8-91d3-0f8ca9baf6a0', 'GULSHAN,	DHAKA', 'à¦—à§à¦²à¦¶à¦¾à¦¨,à¦¢à¦¾à¦•à¦¾', '', 1, 1, 0, 0, '2014-12-29 07:37:08', '0000-00-00 00:00:00', '0000-00-00 00:00:00'),
(323, '54a0f72a-07c8-4a43-97f2-0f8ca9baf6a0', 'GULSHAN NEW NORTH CIRCLE,	DHAKA', 'à¦—à§à¦²à¦¶à¦¾à¦¨ à¦¨à¦¿à¦‰ à¦‰à¦¤à§à¦¤à¦° à¦¸à¦¾à¦°à§à¦•à§‡à¦²,à¦¢à¦¾à¦•à¦¾', '', 1, 1, 0, 0, '2014-12-29 07:39:38', '0000-00-00 00:00:00', '0000-00-00 00:00:00'),
(324, '54a0f756-9d34-43b0-8be5-0f8ca9baf6a0', 'HAZARIBAG BRANCH,DHAKA	DHAKA', 'à¦¹à¦¾à¦œà¦¾à¦°à§€à¦¬à¦¾à¦— à¦¶à¦¾à¦–à¦¾,à¦¢à¦¾à¦•à¦¾,à¦¢à¦¾à¦•à¦¾', '', 1, 1, 0, 0, '2014-12-29 07:40:22', '0000-00-00 00:00:00', '0000-00-00 00:00:00'),
(325, '54a0f775-8234-4d26-b845-0f8ca9baf6a0', 'HOTEL SHERATON BR.,	DHAKA', 'à¦¹à§‹à¦Ÿà§‡à¦² à¦¶à§‡à¦°à¦¾à¦Ÿà¦¨ à¦¬à¦¿à¦†à¦°.,à¦¢à¦¾à¦•à¦¾', '', 1, 1, 0, 0, '2014-12-29 07:40:53', '0000-00-00 00:00:00', '0000-00-00 00:00:00'),
(326, '54a0f78e-8a64-4867-bc8a-0f8ca9baf6a0', 'IBRAHIMPUR,	DHAKA', 'à¦‡à¦¬à§à¦°à¦¾à¦¹à¦¿à¦®à¦ªà§à¦°,à¦¢à¦¾à¦•à¦¾', '', 1, 1, 0, 0, '2014-12-29 07:41:18', '0000-00-00 00:00:00', '0000-00-00 00:00:00'),
(327, '54a10b4b-b28c-480d-abcc-0f8ca9baf6a0', 'ISHWAR CH.STREET,	DHAKA', 'à¦ˆà¦¶à¦¾à¦° à¦¸à¦¿à¦à¦‡à¦š. à¦¸à§à¦Ÿà§à¦°à§€à¦Ÿ,à¦¢à¦¾à¦•à¦¾', '', 1, 1, 0, 0, '2014-12-29 09:05:31', '0000-00-00 00:00:00', '0000-00-00 00:00:00'),
(328, '54a10b76-a9c4-440e-a574-0f8ca9baf6a0', 'JATIO SANGSHAD BHABAN BR.,	DHAKA', 'à¦œà¦¾à¦¤à§€à§Ÿ à¦¸à¦‚à¦¸à¦¦ à¦­à¦¬à¦¨ à¦¬à¦¿à¦†à¦°.,à¦¢à¦¾à¦•à¦¾', '', 1, 1, 0, 0, '2014-12-29 09:06:14', '0000-00-00 00:00:00', '0000-00-00 00:00:00'),
(329, '54a10ba9-3244-47b7-a48a-0f8ca9baf6a0', 'JATRABARI,	DHAKA', 'à¦¯à¦¾à¦¤à§à¦°à¦¾à¦¬à¦¾à§œà§€,à¦¢à¦¾à¦•à¦¾', '', 1, 1, 0, 0, '2014-12-29 09:07:05', '0000-00-00 00:00:00', '0000-00-00 00:00:00'),
(330, '54a10bc3-4180-4d3c-b048-0f8ca9baf6a0', 'JHIKATALA,	DHAKA', 'à¦à¦¿à¦—à¦¾à¦¤à¦²à¦¾,à¦¢à¦¾à¦•à¦¾', '', 1, 1, 0, 0, '2014-12-29 09:07:31', '0000-00-00 00:00:00', '0000-00-00 00:00:00'),
(331, '54a10bdb-9b70-4d6a-ba8a-0f8ca9baf6a0', 'JOYPARA,	DHAKA', 'à¦œà§Ÿà¦ªà¦¾à§œà¦¾,à¦¢à¦¾à¦•à¦¾', '', 1, 1, 0, 0, '2014-12-29 09:07:55', '0000-00-00 00:00:00', '0000-00-00 00:00:00'),
(332, '54a10bf1-4264-4c6a-b3ae-0f8ca9baf6a0', 'KAKRAIL,	DHAKA', 'à¦•à¦¾à¦•à¦°à¦¾à¦‡à¦²,à¦¢à¦¾à¦•à¦¾', '', 1, 1, 0, 0, '2014-12-29 09:08:17', '0000-00-00 00:00:00', '0000-00-00 00:00:00'),
(333, '54a10c50-af30-42f3-b3ad-0f8ca9baf6a0', 'KALAKOPA,	DHAKA', 'à¦•à¦²à¦¾à¦•à§‹à¦ªà¦¾,à¦¢à¦¾à¦•à¦¾', '', 1, 1, 0, 0, '2014-12-29 09:09:52', '0000-00-00 00:00:00', '0000-00-00 00:00:00'),
(334, '54a10c6e-abe8-4e75-a235-0f8ca9baf6a0', 'KALAMPUR BAZAR,	DHAKA', 'à¦•à¦¾à¦²à¦¾à¦®à¦ªà§à¦° à¦¬à¦¾à¦œà¦¾à¦°,à¦¢à¦¾à¦•à¦¾', '', 1, 1, 0, 0, '2014-12-29 09:10:22', '0000-00-00 00:00:00', '0000-00-00 00:00:00'),
(335, '54a10c83-3d14-4be6-ba60-0f8ca9baf6a0', 'KALATIA,	DHAKA', 'à¦•à¦²à¦¾à¦¤à¦¿à§Ÿà¦¾,à¦¢à¦¾à¦•à¦¾', '', 1, 1, 0, 0, '2014-12-29 09:10:43', '0000-00-00 00:00:00', '0000-00-00 00:00:00'),
(336, '54a10c9c-15ec-46a7-90c0-0f8ca9baf6a0', 'KALLYANPUR,	DHAKA', 'à¦•à¦²à§à¦¯à¦¾à¦£à¦ªà§à¦°,à¦¢à¦¾à¦•à¦¾', '', 1, 1, 0, 0, '2014-12-29 09:11:08', '0000-00-00 00:00:00', '0000-00-00 00:00:00'),
(337, '54a10cc8-cd08-4343-8863-0f8ca9baf6a0', 'KAMALAPUR RAILWAY STATION ICD,	DHAKA', 'à¦•à¦®à¦²à¦¾à¦ªà§à¦° à¦°à§‡à¦²à¦“à§Ÿà§‡ à¦¸à§à¦Ÿà§‡à¦¶à¦¨ à¦†à¦‡à¦¸à¦¿à¦¡à¦¿,à¦¢à¦¾à¦•à¦¾', '', 1, 1, 0, 0, '2014-12-29 09:11:52', '0000-00-00 00:00:00', '0000-00-00 00:00:00'),
(338, '54a10ce2-7778-4e77-8d3f-0f8ca9baf6a0', 'KAWRAN BAZAR,	DHAKA', 'à¦•à¦¾à¦“à¦°à¦¾à¦¨ à¦¬à¦¾à¦œà¦¾à¦°,à¦¢à¦¾à¦•à¦¾', '', 1, 1, 0, 0, '2014-12-29 09:12:18', '0000-00-00 00:00:00', '0000-00-00 00:00:00'),
(339, '54a10d03-b540-46f9-92da-0f8ca9baf6a0', 'KERANIGANJ,	DHAKA', 'à¦•à§‡à¦°à¦¾à¦£à§€à¦—à¦žà§à¦œ,à¦¢à¦¾à¦•à¦¾', '', 1, 1, 0, 0, '2014-12-29 09:12:51', '0000-00-00 00:00:00', '0000-00-00 00:00:00'),
(340, '54a10d1e-3404-44b9-9804-0f8ca9baf6a0', 'KHILGAON,	DHAKA', 'à¦–à¦¿à¦²à¦—à¦¾à¦à¦“,à¦¢à¦¾à¦•à¦¾', '', 1, 1, 0, 0, '2014-12-29 09:13:18', '0000-00-00 00:00:00', '0000-00-00 00:00:00'),
(341, '54a10d3e-44bc-493a-90bc-0f8ca9baf6a0', 'KRISHI BAZAR BRANCH,	DHAKA', 'à¦•à§ƒà¦·à¦¿ à¦¬à¦¾à¦œà¦¾à¦° à¦¬à§à¦°à¦¾à¦žà§à¦š,à¦¢à¦¾à¦•à¦¾', '', 1, 1, 0, 0, '2014-12-29 09:13:50', '0000-00-00 00:00:00', '0000-00-00 00:00:00'),
(342, '54a10d59-c4b4-4d7c-915e-0f8ca9baf6a0', 'KRISHI BHABAN,	DHAKA', 'à¦•à§ƒà¦·à¦¿ à¦­à¦¬à¦¨,à¦¢à¦¾à¦•à¦¾', '', 1, 1, 0, 0, '2014-12-29 09:14:17', '0000-00-00 00:00:00', '0000-00-00 00:00:00'),
(343, '54a10d7b-a548-4c5c-afdb-0f8ca9baf6a0', 'KURMITOLA	,DHAKA', 'à¦•à§à¦°à§à¦®à¦¿à¦Ÿà§‹à¦²à¦¾,à¦¢à¦¾à¦•à¦¾', '', 1, 1, 0, 0, '2014-12-29 09:14:51', '0000-00-00 00:00:00', '0000-00-00 00:00:00'),
(344, '54a10da8-4e98-4219-94d3-0f8ca9baf6a0', 'LADIES BRANCH, DHANMONDI,	DHAKA', 'à¦²à§‡à¦¡à¦¿à¦¸ à¦¬à§à¦°à¦¾à¦žà§à¦š,à¦§à¦¾à¦¨à¦®à¦¨à§à¦¡à¦¿,à¦¢à¦¾à¦•à¦¾', '', 1, 1, 0, 0, '2014-12-29 09:15:36', '0000-00-00 00:00:00', '0000-00-00 00:00:00'),
(345, '54a10dc7-2cd4-426a-8289-0f8ca9baf6a0', 'LALBAG ROAD (DHAKA),	DHAKA', 'à¦²à¦¾à¦²à¦¬à¦¾à¦— à¦°à§‹à¦¡,(à¦¢à¦¾à¦•à¦¾),à¦¢à¦¾à¦•à¦¾', '', 1, 1, 0, 0, '2014-12-29 09:16:07', '0000-00-00 00:00:00', '0000-00-00 00:00:00'),
(346, '54a10de2-1f74-4db4-b554-0f8ca9baf6a0', 'LALMATIA,	DHAKA', 'à¦²à¦¾à¦²à¦®à¦¾à¦Ÿà¦¿à§Ÿà¦¾,à¦¢à¦¾à¦•à¦¾', '', 1, 1, 0, 0, '2014-12-29 09:16:34', '0000-00-00 00:00:00', '0000-00-00 00:00:00'),
(347, '54a10dfd-b958-4db1-b5bf-0f8ca9baf6a0', 'LAXMI BAZAR BR.,	DHAKA', 'à¦²à¦•à§à¦·à§€ à¦¬à¦¾à¦œà¦¾à¦° à¦¬à¦¿à¦†à¦°.,à¦¢à¦¾à¦•à¦¾', '', 1, 1, 0, 0, '2014-12-29 09:17:01', '0000-00-00 00:00:00', '0000-00-00 00:00:00'),
(348, '54a10e14-840c-4970-9fcd-0f8ca9baf6a0', 'LOCAL OFFICE,	DHAKA', 'à¦²à§‹à¦•à¦¾à¦² à¦…à¦«à¦¿à¦¸,à¦¢à¦¾à¦•à¦¾', '', 1, 1, 0, 0, '2014-12-29 09:17:24', '0000-00-00 00:00:00', '0000-00-00 00:00:00'),
(349, '54a10e28-4c3c-4007-a05b-0f8ca9baf6a0', 'MALIBAGH,	DHAKA', 'à¦®à¦¾à¦²à¦¿à¦¬à¦¾à¦—,à¦¢à¦¾à¦•à¦¾', '', 1, 1, 0, 0, '2014-12-29 09:17:44', '0000-00-00 00:00:00', '0000-00-00 00:00:00'),
(350, '54a10e4c-e6e8-4349-bf65-0f8ca9baf6a0', 'MANIK MIAH AVENUE,	DHAKA', 'à¦®à¦¾à¦¨à¦¿à¦• à¦®à¦¿à§Ÿà¦¾ à¦à¦­à¦¿à¦¨à¦¿à¦‰,à¦¢à¦¾à¦•à¦¾', '', 1, 1, 0, 0, '2014-12-29 09:18:20', '0000-00-00 00:00:00', '0000-00-00 00:00:00'),
(351, '54a10e66-a6e0-454f-b9ed-0f8ca9baf6a0', 'MIRPUR CANTONMENT,	DHAKA', 'à¦®à¦¿à¦°à¦ªà§à¦° à¦•à§à¦¯à¦¾à¦¨à§à¦Ÿà¦¨à¦®à§‡à¦¨à§à¦Ÿ,à¦¢à¦¾à¦•à¦¾', '', 1, 1, 0, 0, '2014-12-29 09:18:46', '0000-00-00 00:00:00', '0000-00-00 00:00:00'),
(352, '54a10e80-c818-4891-97ac-0f8ca9baf6a0', 'MIRPUR SECTION-1,	DHAKA', 'à¦®à¦¿à¦°à¦ªà§à¦° à¦¸à§‡à¦•à¦¶à¦¨-à§§,à¦¢à¦¾à¦•à¦¾', '', 1, 1, 0, 0, '2014-12-29 09:19:12', '0000-00-00 00:00:00', '0000-00-00 00:00:00'),
(353, '54a10e9b-5678-4811-a00b-0f8ca9baf6a0', 'MIRPUR SECTION-12,	DHAKA', 'à¦®à¦¿à¦°à¦ªà§à¦° à¦¸à§‡à¦•à¦¶à¦¨-à§§à§¨,à¦¢à¦¾à¦•à¦¾', '', 1, 1, 0, 0, '2014-12-29 09:19:39', '0000-00-00 00:00:00', '0000-00-00 00:00:00'),
(354, '54a10ec6-5160-4cb1-8d2c-0f8ca9baf6a0', 'MIRPUR SHILPA ELAKA,	DHAKA', 'à¦®à¦¿à¦°à¦ªà§à¦° à¦¶à¦¿à¦²à§à¦ª à¦à¦²à¦¾à¦•à¦¾,à¦¢à¦¾à¦•à¦¾', '', 1, 1, 0, 0, '2014-12-29 09:20:22', '0000-00-00 00:00:00', '0000-00-00 00:00:00'),
(355, '54a10ee4-6910-4dc2-abc9-0f8ca9baf6a0', 'MITFORD ROAD	,DHAKA', 'à¦®à¦¿à¦Ÿà¦«à§‹à¦°à§à¦¡ à¦°à§‹à¦¡,à¦¢à¦¾à¦•à¦¾', '', 1, 1, 0, 0, '2014-12-29 09:20:52', '0000-00-00 00:00:00', '0000-00-00 00:00:00'),
(356, '54a10ef9-2468-4895-89ea-0f8ca9baf6a0', 'MOGH BAZAR,	DHAKA', 'à¦®à¦—à¦¬à¦¾à¦œà¦¾à¦°,à¦¢à¦¾à¦•à¦¾', '', 1, 1, 0, 0, '2014-12-29 09:21:13', '0000-00-00 00:00:00', '0000-00-00 00:00:00'),
(357, '54a10f0e-7a80-413b-bdc5-0f8ca9baf6a0', 'MOHAKHALI,	DHAKA', 'à¦®à¦¹à¦¾à¦–à¦¾à¦²à§€,à¦¢à¦¾à¦•à¦¾', '', 1, 1, 0, 0, '2014-12-29 09:21:34', '0000-00-00 00:00:00', '0000-00-00 00:00:00'),
(358, '54a10f27-88c0-4a51-88ce-0f8ca9baf6a0', 'MOHAMMADPUR BAZAR,	DHAKA', 'à¦®à§‹à¦¹à¦¾à¦®à§à¦®à¦¦à¦ªà§à¦° à¦¬à¦¾à¦œà¦¾à¦°,à¦¢à¦¾à¦•à¦¾', '', 1, 1, 0, 0, '2014-12-29 09:21:59', '0000-00-00 00:00:00', '0000-00-00 00:00:00'),
(359, '54a121e2-b6bc-400f-b783-0f8ca9baf6a0', 'MOKIMKATRA,	DHAKA', 'à¦®à§‹à¦•à¦¿à¦®à¦•à¦¾à¦Ÿà¦°à¦¾', '', 1, 1, 0, 0, '2014-12-29 10:41:54', '0000-00-00 00:00:00', '0000-00-00 00:00:00'),
(360, '54a1220b-2378-44eb-853f-0f8ca9baf6a0', 'N.C.T.B.B.BR.,	DHAKA', 'à¦à¦¨.à¦¸à¦¿.à¦Ÿà¦¿.à¦¬à¦¿.à¦¬à¦¿.à¦¬à¦¿à¦†à¦°.,à¦¢à¦¾à¦•à¦¾', '', 1, 1, 0, 0, '2014-12-29 10:42:35', '0000-00-00 00:00:00', '0000-00-00 00:00:00');
INSERT INTO `bankbranches` (`id`, `bankbranchuuid`, `bankbranchname`, `bankbranchnamebn`, `bankbranchaddress`, `bankbranchisactive`, `bankbranchinsertid`, `bankbranchupdateid`, `bankbranchdeleteid`, `bankbranchinsertdate`, `bankbranchupdatedate`, `bankbranchdeletedate`) VALUES
(361, '54a1223c-eea4-44e1-9b95-0f8ca9baf6a0', 'NAGAR BHABAN BRANCH,	DHAKA', 'à¦¨à¦—à¦° à¦­à¦¬à¦¨ à¦¬à§à¦°à¦¾à¦žà§à¦š,à¦¢à¦¾à¦•à¦¾', '', 1, 1, 0, 0, '2014-12-29 10:43:24', '0000-00-00 00:00:00', '0000-00-00 00:00:00'),
(362, '54a1225a-5c88-45a5-b89c-0f8ca9baf6a0', 'NAWABGANJ (DHAKA),	DHAKA', 'à¦¨à¦“à§Ÿà¦¾à¦¬à¦—à¦žà§à¦œ(à¦¢à¦¾à¦•à¦¾),à¦¢à¦¾à¦•à¦¾', '', 1, 1, 0, 0, '2014-12-29 10:43:54', '0000-00-00 00:00:00', '0000-00-00 00:00:00'),
(363, '54a12274-4440-4543-b055-0f8ca9baf6a0', 'NAYABAZAR	,DHAKA', 'à¦¨à§Ÿà¦¾ à¦¬à¦¾à¦œà¦¾à¦°,à¦¢à¦¾à¦•à¦¾', '', 1, 1, 0, 0, '2014-12-29 10:44:20', '0000-00-00 00:00:00', '0000-00-00 00:00:00'),
(364, '54a12295-26dc-46b3-a572-0f8ca9baf6a0', 'NAYARHAT,	DHAKA', 'à¦¨à§Ÿà¦¾à¦°à¦¹à¦¾à¦Ÿ,à¦¢à¦¾à¦•à¦¾', '', 1, 1, 0, 0, '2014-12-29 10:44:53', '0000-00-00 00:00:00', '0000-00-00 00:00:00'),
(365, '54a122b2-743c-4637-9713-0f8ca9baf6a0', 'NAZIM UDDIN ROAD,	DHAKA', 'à¦¨à¦¾à¦œà¦¿à¦®à¦‰à¦¦à§à¦¦à¦¿à¦¨ à¦°à§‹à¦¡,à¦¢à¦¾à¦•à¦¾', '', 1, 1, 0, 0, '2014-12-29 10:45:22', '0000-00-00 00:00:00', '0000-00-00 00:00:00'),
(366, '54a122cf-3d08-43f6-a16d-0f8ca9baf6a0', 'NAZIRABAZAR,	DHAKA', 'à¦¨à¦œà¦¿à¦°à¦¾à¦¬à¦¾à¦œà¦¾à¦°,à¦¢à¦¾à¦•à¦¾', '', 1, 1, 0, 0, '2014-12-29 10:45:51', '0000-00-00 00:00:00', '0000-00-00 00:00:00'),
(367, '54a122f0-85b0-4ec5-9f00-0f8ca9baf6a0', 'NEVAL HEAD QUARTER,	DHAKA', 'à¦¨à§‡à¦­à¦¾à¦² à¦¹à§‡à¦¡ à¦•à§‹à§Ÿà¦¾à¦°à§à¦Ÿà¦¾à¦°,à¦¢à¦¾à¦•à¦¾', '', 1, 1, 0, 0, '2014-12-29 10:46:24', '0000-00-00 00:00:00', '0000-00-00 00:00:00'),
(368, '54a1230d-1668-45e0-919b-0f8ca9baf6a0', 'NORTH SOUTH SARAK,	DHAKA', 'à¦¨à¦°à§à¦¥ à¦¸à¦¾à¦‰à¦¥ à¦¸à§œà¦•,à¦¢à¦¾à¦•à¦¾', '', 1, 1, 0, 0, '2014-12-29 10:46:53', '0000-00-00 00:00:00', '0000-00-00 00:00:00'),
(369, '54a12327-a27c-4a46-85fc-0f8ca9baf6a0', 'NOWABPUR ROAD,	DHAKA', 'à¦¨à¦“à§Ÿà¦¾à¦¬à¦ªà§à¦° à¦°à§‹à¦¡,à¦¢à¦¾à¦•à¦¾', '', 1, 1, 0, 0, '2014-12-29 10:47:19', '0000-00-00 00:00:00', '0000-00-00 00:00:00'),
(370, '54a12348-4e20-4c1d-ac7c-0f8ca9baf6a0', 'P.A.T.C (SAVAR),	DHAKA', 'à¦ªà¦¿.à¦.à¦Ÿà¦¿.à¦¸à¦¿.(à¦¸à¦¾à¦­à¦¾à¦°),à¦¢à¦¾à¦•à¦¾', '', 1, 1, 0, 0, '2014-12-29 10:47:52', '0000-00-00 00:00:00', '0000-00-00 00:00:00'),
(371, '54a12368-991c-4943-a599-0f8ca9baf6a0', 'PALAMGANJ,	DHAKA', 'à¦ªà¦²à¦®à¦—à¦žà§à¦œ,à¦¢à¦¾à¦•à¦¾', '', 1, 1, 0, 0, '2014-12-29 10:48:24', '0000-00-00 00:00:00', '0000-00-00 00:00:00'),
(372, '54a123a2-0ce4-4167-b3c3-0f8ca9baf6a0', 'PANGAON ICT BR.,	DHAKA', 'à¦ªà¦¾à¦à¦¨à¦—à¦¾à¦à¦“ à¦†à¦‡à¦¸à¦¿à¦Ÿà¦¿ à¦¬à¦¿à¦†à¦°.,à¦¢à¦¾à¦•à¦¾', '', 1, 1, 0, 0, '2014-12-29 10:49:22', '0000-00-00 00:00:00', '0000-00-00 00:00:00'),
(373, '54a123be-cc70-4078-8860-0f8ca9baf6a0', 'POSTAGOLA	,DHAKA', 'à¦ªà¦¸à§à¦¤à§‹à¦—à§‹à¦²à¦¾,à¦¢à¦¾à¦•à¦¾', '', 1, 1, 0, 0, '2014-12-29 10:49:50', '0000-00-00 00:00:00', '0000-00-00 00:00:00'),
(374, '54a123f2-28f8-4272-9ee4-0f8ca9baf6a0', 'PRODHANMONTRIRSACHIBALAYA BR.,	DHAKA', 'à¦ªà§à¦°à¦§à¦¾à¦¨à¦®à¦¨à§à¦¤à§à¦°à§€à¦° à¦¸à¦šà¦¿à¦¬à¦¾à¦²à§Ÿ à¦¬à¦¿à¦†à¦°.,à¦¢à¦¾à¦•à¦¾', '', 1, 1, 0, 0, '2014-12-29 10:50:42', '0000-00-00 00:00:00', '0000-00-00 00:00:00'),
(375, '54a12412-dad0-4efb-acf0-0f8ca9baf6a0', 'RAJUK BHABAN BR.,	DHAKA', 'à¦°à¦¾à¦œà¦‰à¦• à¦­à¦¬à¦¨ à¦¬à¦¿à¦†à¦°.,à¦¢à¦¾à¦•à¦¾', '', 1, 1, 0, 0, '2014-12-29 10:51:14', '0000-00-00 00:00:00', '0000-00-00 00:00:00'),
(376, '54a12431-ebd4-4d60-ae90-0f8ca9baf6a0', 'RAMNA CORPORATE BR.,	DHAKA', 'à¦°à¦®à¦¨à¦¾ à¦•à¦°à§à¦ªà§‹à¦°à§‡à¦Ÿ à¦¬à¦¿à¦†à¦°.,à¦¢à¦¾à¦•à¦¾', '', 1, 1, 0, 0, '2014-12-29 10:51:45', '0000-00-00 00:00:00', '0000-00-00 00:00:00'),
(377, '54a12447-c87c-4896-b13f-0f8ca9baf6a0', 'RAMPURA,	DHAKA', 'à¦°à¦¾à¦®à¦ªà§à¦°à¦¾,à¦¢à¦¾à¦•à¦¾', '', 1, 1, 0, 0, '2014-12-29 10:52:07', '0000-00-00 00:00:00', '0000-00-00 00:00:00'),
(378, '54a1246c-95d0-4775-9671-0f8ca9baf6a0', 'RASULPUR BAZAR,	DHAKA', 'à¦°à¦¸à§‚à¦²à¦ªà§à¦° à¦¬à¦¾à¦œà¦¾à¦°,à¦¢à¦¾à¦•à¦¾', '', 1, 1, 0, 0, '2014-12-29 10:52:44', '0000-00-00 00:00:00', '0000-00-00 00:00:00'),
(379, '54a12492-f340-428d-bb14-0f8ca9baf6a0', 'REGISTRATION COMPLEX BRANCH,	DHAKA', 'à¦°à§‡à¦œà¦¿à¦¸à§à¦Ÿà§à¦°à§‡à¦¶à¦¨ à¦•à¦®à¦ªà§à¦²à§‡à¦•à§à¦¸ à¦¬à§à¦°à¦¾à¦žà§à¦š,à¦¢à¦¾à¦•à¦¾', '', 1, 1, 0, 0, '2014-12-29 10:53:22', '0000-00-00 00:00:00', '0000-00-00 00:00:00'),
(380, '54a124af-4924-481e-96a7-0f8ca9baf6a0', 'RUHITPUR,	DHAKA', 'à¦°à§‹à¦¹à¦¿à¦¤à¦ªà§à¦°,à¦¢à¦¾à¦•à¦¾', '', 1, 1, 0, 0, '2014-12-29 10:53:51', '0000-00-00 00:00:00', '0000-00-00 00:00:00'),
(381, '54a124d7-6f5c-4767-b9ea-0f8ca9baf6a0', 'SADARGHAT CORPORATE BR.	,DHAKA', 'à¦¸à¦¦à¦°à¦˜à¦¾à¦Ÿ à¦•à¦°à§à¦ªà§‹à¦°à§‡à¦Ÿ à¦¬à¦¿à¦†à¦°.,à¦¢à¦¾à¦•à¦¾', '', 1, 1, 0, 0, '2014-12-29 10:54:31', '0000-00-00 00:00:00', '0000-00-00 00:00:00'),
(382, '54a124fb-6844-465e-bf2d-0f8ca9baf6a0', 'SAIDABAD BUS TERMINAL,	DHAKA', 'à¦¸à¦¾à§Ÿà§‡à¦¦à¦¾à¦¬à¦¾à¦¦ à¦¬à¦¾à¦¸ à¦Ÿà¦¾à¦°à§à¦®à¦¿à¦¨à¦¾à¦²,à¦¢à¦¾à¦•à¦¾', '', 1, 1, 0, 0, '2014-12-29 10:55:07', '0000-00-00 00:00:00', '0000-00-00 00:00:00'),
(383, '54a12515-6924-4f86-b97f-0f8ca9baf6a0', 'SATMASJID ROAD,	DHAKA', 'à¦¸à¦¾à¦¤à¦®à¦¸à¦œà¦¿à¦¦ à¦°à§‹à¦¡,à¦¢à¦¾à¦•à¦¾', '', 1, 1, 0, 0, '2014-12-29 10:55:33', '0000-00-00 00:00:00', '0000-00-00 00:00:00'),
(384, '54a12529-1c80-4ec0-8e92-0f8ca9baf6a0', 'SAVAR,	DHAKA', 'à¦¸à¦¾à¦­à¦¾à¦°,à¦¢à¦¾à¦•à¦¾', '', 1, 1, 0, 0, '2014-12-29 10:55:53', '0000-00-00 00:00:00', '0000-00-00 00:00:00'),
(385, '54a12543-4abc-4884-ad40-0f8ca9baf6a0', 'SAVAR CANTONMENT,	DHAKA', 'à¦¸à¦¾à¦­à¦¾à¦° à¦•à§à¦¯à¦¾à¦¨à§à¦Ÿà¦¨à¦®à§‡à¦¨à§à¦Ÿ,à¦¢à¦¾à¦•à¦¾', '', 1, 1, 0, 0, '2014-12-29 10:56:19', '0000-00-00 00:00:00', '0000-00-00 00:00:00'),
(386, '54a1255f-c3ec-4416-9a3d-0f8ca9baf6a0', 'SEGUN BAGICHA,	DHAKA', 'à¦¸à§‡à¦—à§à¦¨ à¦¬à¦¾à¦—à¦¿à¦šà¦¾,à¦¢à¦¾à¦•à¦¾', '', 1, 1, 0, 0, '2014-12-29 10:56:47', '0000-00-00 00:00:00', '0000-00-00 00:00:00'),
(387, '54a12578-2448-49a7-a526-0f8ca9baf6a0', 'SHAHJAHANPUR	,DHAKA', 'à¦¶à¦¾à¦¹à¦œà¦¾à¦¹à¦¾à¦¨à¦ªà§à¦°,à¦¢à¦¾à¦•à¦¾', '', 1, 1, 0, 0, '2014-12-29 10:57:12', '0000-00-00 00:00:00', '0000-00-00 00:00:00'),
(388, '54a1259a-843c-442a-9999-0f8ca9baf6a0', 'SHILPA BHABAN CORPORATE BR.,	DHAKA', 'à¦¶à¦¿à¦²à§à¦ª à¦­à¦¬à¦¨ à¦•à¦°à§à¦ªà§‹à¦°à§‡à¦Ÿ à¦¬à¦¿à¦†à¦°.,à¦¢à¦¾à¦•à¦¾', '', 1, 1, 0, 0, '2014-12-29 10:57:46', '0000-00-00 00:00:00', '0000-00-00 00:00:00'),
(389, '54a125bb-6b68-4307-a608-0f8ca9baf6a0', 'SONARGAON HOTEL,	DHAKA', 'à¦¸à§‹à¦¨à¦¾à¦°à¦—à¦¾à¦à¦“ à¦¹à§‹à¦Ÿà§‡à¦²,à¦¢à¦¾à¦•à¦¾', '', 1, 1, 0, 0, '2014-12-29 10:58:19', '0000-00-00 00:00:00', '0000-00-00 00:00:00'),
(390, '54a125e0-4eac-4c3e-abba-0f8ca9baf6a0', 'SONARGAON ROAD,	DHAKA', 'à¦¸à§‹à¦¨à¦¾à¦°à¦—à¦¾à¦à¦“ à¦°à§‹à¦¡,à¦¢à¦¾à¦•à¦¾', '', 1, 1, 0, 0, '2014-12-29 10:58:56', '0000-00-00 00:00:00', '0000-00-00 00:00:00'),
(391, '54a12600-27cc-4ddb-8254-0f8ca9baf6a0', 'SUPREME COURT,	DHAKA', 'à¦¸à§à¦ªà§à¦°à§€à¦® à¦•à§‹à¦°à§à¦Ÿ,à¦¢à¦¾à¦•à¦¾', '', 1, 1, 0, 0, '2014-12-29 10:59:28', '0000-00-00 00:00:00', '0000-00-00 00:00:00'),
(392, '54a1262b-2cb8-48ec-b1cf-0f8ca9baf6a0', 'TEJGAON INDUSTIAL AREA,	DHAKA', 'à¦¤à§‡à¦œà¦—à¦¾à¦à¦“ à¦‡à¦¨à§à¦¡à§à¦°à¦¾à¦¸à§à¦Ÿà§à¦°à¦¿à§Ÿà¦¾à¦² à¦à¦²à¦¾à¦•à¦¾,à¦¢à¦¾à¦•à¦¾', '', 1, 1, 0, 0, '2014-12-29 11:00:11', '0000-00-00 00:00:00', '0000-00-00 00:00:00'),
(393, '54a12648-3784-4673-8258-0f8ca9baf6a0', 'URDU ROAD,	DHAKA', 'à¦‰à¦°à§à¦¦à§ à¦°à§‹à¦¡,à¦¢à¦¾à¦•à¦¾', '', 1, 1, 0, 0, '2014-12-29 11:00:40', '0000-00-00 00:00:00', '0000-00-00 00:00:00'),
(394, '54a12664-a5d4-40cb-86b7-0f8ca9baf6a0', 'UTTARA MODEL TOWN,	DHAKA', 'à¦‰à¦¤à§à¦¤à¦°à¦¾ à¦®à¦¡à§‡à¦² à¦Ÿà¦¾à¦‰à¦¨,à¦¢à¦¾à¦•à¦¾', '', 1, 1, 0, 0, '2014-12-29 11:01:08', '0000-00-00 00:00:00', '0000-00-00 00:00:00'),
(395, '54a12ece-2d9c-4358-b2bd-0f8ca9baf6a0', 'UTTARKHAN BRANCH,	DHAKA', 'à¦‰à¦¤à§à¦¤à¦°à¦–à¦¾à¦¨ à¦¬à§à¦°à¦¾à¦žà§à¦š,à¦¢à¦¾à¦•à¦¾', '', 1, 1, 0, 0, '2014-12-29 11:37:02', '0000-00-00 00:00:00', '0000-00-00 00:00:00'),
(396, '54a12ef6-8d38-40b2-935b-0f8ca9baf6a0', 'VIKARUNNISSA NOON SCHOOL,	DHAKA', 'à¦­à¦¿à¦•à¦¾à¦°à§à¦¨à§à¦¨à§‡à¦¸à¦¾ à¦¨à§à¦¨ à¦¸à§à¦•à§à¦²,à¦¢à¦¾à¦•à¦¾', '', 1, 1, 0, 0, '2014-12-29 11:37:42', '0000-00-00 00:00:00', '0000-00-00 00:00:00'),
(397, '54a12f31-e99c-48bb-919d-0f8ca9baf6a0', 'WAGE EARNERS CORPORATE BR.,	DHAKA', 'à¦“à§Ÿà§‡à¦œ à¦†à¦°à§à¦¨à¦¾à¦°à§à¦¸ à¦•à¦°à§à¦ªà§‹à¦°à§‡à¦Ÿ à¦¬à¦¿à¦†à¦°.,à¦¢à¦¾à¦•à¦¾', '', 1, 1, 0, 0, '2014-12-29 11:38:41', '0000-00-00 00:00:00', '0000-00-00 00:00:00'),
(398, '54a12f68-780c-49a3-a852-0f8ca9baf6a0', 'WAPDA BUILDING (DHAKA),	DHAKA', 'à¦“à§Ÿà¦¾à¦ªà¦¦à¦¾ à¦¬à¦¿à¦²à§à¦¡à¦¿à¦‚(à¦¢à¦¾à¦•à¦¾),à¦¢à¦¾à¦•à¦¾', '', 1, 1, 0, 0, '2014-12-29 11:39:36', '0000-00-00 00:00:00', '0000-00-00 00:00:00'),
(399, '54a12f7d-e6a8-4488-a9b9-0f8ca9baf6a0', 'WARI,	DHAKA', 'à¦“à§Ÿà¦¾à¦°à§€,à¦¢à¦¾à¦•à¦¾', '', 1, 1, 0, 0, '2014-12-29 11:39:57', '0000-00-00 00:00:00', '0000-00-00 00:00:00'),
(400, '54a12fbb-0664-4aae-8363-0f8ca9baf6a0', 'ZIA INTERNATIONAL AIRPORT,	DHAKA', 'à¦œà¦¿à§Ÿà¦¾ à¦†à¦¨à§à¦¤à¦°à§à¦œà¦¾à¦¤à¦¿à¦• à¦à§Ÿà¦¾à¦°à¦ªà§‹à¦°à§à¦Ÿ,à¦¢à¦¾à¦•à¦¾', '', 1, 1, 0, 0, '2014-12-29 11:40:59', '0000-00-00 00:00:00', '0000-00-00 00:00:00'),
(401, '54a12fd8-1a1c-4d40-8da2-0f8ca9baf6a0', 'AFTABGONJ,	DINAJPUR', 'à¦†à¦«à¦¤à¦¾à¦¬à¦—à¦žà§à¦œ,à¦¦à¦¿à¦¨à¦¾à¦œà¦ªà§à¦°', '', 1, 1, 0, 0, '2014-12-29 11:41:28', '0000-00-00 00:00:00', '0000-00-00 00:00:00'),
(402, '54a13012-6efc-4390-b64b-0f8ca9baf6a0', 'BARA PUKURIA KOYLAKHANI PRAKALPA BR,	DINAJPUR', 'à¦¬à§œ à¦ªà§à¦•à§à¦°à¦¿à§Ÿà¦¾ à¦•à§Ÿà¦²à¦¾à¦–à¦¨à¦¿ à¦ªà§à¦°à¦•à¦²à§à¦ª à¦¬à¦¿à¦†à¦°.,à¦¦à¦¿à¦¨à¦¾à¦œà¦ªà§à¦°', '', 1, 1, 0, 0, '2014-12-29 11:42:26', '0000-00-00 00:00:00', '0000-00-00 00:00:00'),
(403, '54a130f8-2914-43e4-bfb1-0f8cc0a80107', 'BHAWANIPUR BAZAR,	DINAJPUR', 'à¦­à§‹à§Ÿà¦¾à¦¨à¦¿à¦ªà§à¦° à¦¬à¦¾à¦œà¦¾à¦°,à¦¦à¦¿à¦¨à¦¾à¦œà¦ªà§à¦°', '', 1, 1, 0, 0, '2014-12-29 11:46:16', '0000-00-00 00:00:00', '0000-00-00 00:00:00'),
(404, '54a13113-fe9c-4051-8569-0f8cc0a80107', 'BINNA KURI,	DINAJPUR', 'à¦¬à¦¿à¦¨à§à¦¨à¦¾ à¦•à§à¦°à¦¿,à¦¦à¦¿à¦¨à¦¾à¦œà¦ªà§à¦°', '', 1, 1, 0, 0, '2014-12-29 11:46:43', '0000-00-00 00:00:00', '0000-00-00 00:00:00'),
(405, '54a1312c-91c0-4f21-814c-0f8cc0a80107', 'BIRAMPUR,	DINAJPUR', 'à¦¬à¦¿à¦°à¦¾à¦®à¦ªà§à¦°,à¦¦à¦¿à¦¨à¦¾à¦œà¦ªà§à¦°', '', 1, 1, 0, 0, '2014-12-29 11:47:08', '0000-00-00 00:00:00', '0000-00-00 00:00:00'),
(406, '54a13146-0e34-4f43-9c26-0f8cc0a80107', 'BIRGONJ,	DINAJPUR', 'à¦¬à§€à¦°à¦—à¦žà§à¦œ,à¦¦à¦¿à¦¨à¦¾à¦œà¦ªà§à¦°', '', 1, 1, 0, 0, '2014-12-29 11:47:34', '0000-00-00 00:00:00', '0000-00-00 00:00:00'),
(407, '54a1315e-c274-4d6e-822e-0f8ca9baf6a0', 'BIROL,	DINAJPUR', 'à¦¬à¦¿à¦°à¦²,à¦¦à¦¿à¦¨à¦¾à¦œà¦ªà§à¦°', '', 1, 1, 0, 0, '2014-12-29 11:47:58', '0000-00-00 00:00:00', '0000-00-00 00:00:00'),
(408, '54a1318f-b3d0-4fc6-a5c5-0f8ca9baf6a0', 'CHIRIR BANDAR,	DINAJPUR', 'à¦šà¦¿à¦°à¦¿à¦° à¦¬à¦¾à¦¨à§à¦¦à¦°,à¦¦à¦¿à¦¨à¦¾à¦œà¦ªà§à¦°', '', 1, 1, 0, 0, '2014-12-29 11:48:47', '0000-00-00 00:00:00', '0000-00-00 00:00:00'),
(409, '54a131c1-f5a4-4625-85fb-0f8ca9baf6a0', 'COURT BUILDING (DINAJPUR),	DINAJPUR', 'à¦•à§‹à¦°à§à¦Ÿ à¦¬à¦¿à¦²à§à¦¡à¦¿à¦‚(à¦¦à¦¿à¦¨à¦¾à¦œà¦ªà§à¦°),à¦¦à¦¿à¦¨à¦¾à¦œà¦ªà§à¦°', '', 1, 1, 0, 0, '2014-12-29 11:49:37', '0000-00-00 00:00:00', '0000-00-00 00:00:00'),
(410, '54a131e8-9c88-41fd-a65b-0f8ca9baf6a0', 'DINAJPUR CORPORATE BR.,	DINAJPUR', 'à¦¦à¦¿à¦¨à¦¾à¦œà¦ªà§à¦° à¦•à¦°à§à¦ªà§‹à¦°à§‡à¦Ÿ à¦¬à¦¿à¦†à¦°.,à¦¦à¦¿à¦¨à¦¾à¦œà¦ªà§à¦°', '', 1, 1, 0, 0, '2014-12-29 11:50:16', '0000-00-00 00:00:00', '0000-00-00 00:00:00'),
(411, '54a13203-2f40-4715-87b6-0f8ca9baf6a0', 'FARAKKABAD,	DINAJPUR', 'à¦«à¦¾à¦°à¦¾à¦•à§à¦•à¦¾à¦¬à¦¾à¦¦,à¦¦à¦¿à¦¨à¦¾à¦œà¦ªà§à¦°', '', 1, 1, 0, 0, '2014-12-29 11:50:43', '0000-00-00 00:00:00', '0000-00-00 00:00:00'),
(412, '54a1321f-2cdc-4299-8bac-0f8ca9baf6a0', 'GHORAGHAT,	DINAJPUR', 'à¦˜à§‹à§œà¦¾à¦˜à¦¾à¦Ÿ,à¦¦à¦¿à¦¨à¦¾à¦œà¦ªà§à¦°', '', 1, 1, 0, 0, '2014-12-29 11:51:11', '0000-00-00 00:00:00', '0000-00-00 00:00:00'),
(413, '54a13238-b408-4063-abe8-0f8ca9baf6a0', 'HAKIMPUR,	DINAJPUR', 'à¦¹à¦¾à¦•à¦¿à¦®à¦ªà§à¦°,à¦¦à¦¿à¦¨à¦¾à¦œà¦ªà§à¦°', '', 1, 1, 0, 0, '2014-12-29 11:51:36', '0000-00-00 00:00:00', '0000-00-00 00:00:00'),
(414, '54a13257-c168-422c-ab5c-0f8ca9baf6a0', 'HUGLI PARA BR. ,	DINAJPUR', 'à¦¹à§à¦—à¦²à¦¿ à¦ªà¦¾à§œà¦¾ à¦¬à¦¿à¦†à¦°.,à¦¦à¦¿à¦¨à¦¾à¦œà¦ªà§à¦°', '', 1, 1, 0, 0, '2014-12-29 11:52:07', '0000-00-00 00:00:00', '0000-00-00 00:00:00'),
(415, '54a13274-de08-4d1b-ba05-0f8ca9baf6a0', 'JOYNANDAHAT,	DINAJPUR', 'à¦œà§Ÿà¦¨à¦¨à§à¦¦à¦¹à¦¾à¦Ÿ,à¦¦à¦¿à¦¨à¦¾à¦œà¦ªà§à¦°', '', 1, 1, 0, 0, '2014-12-29 11:52:36', '0000-00-00 00:00:00', '0000-00-00 00:00:00'),
(416, '54a13385-3d00-4f65-9cfc-0f8ca9baf6a0', 'KACHINIAHAT,	DINAJPUR', 'à¦•à¦šà¦¿à¦¨à¦¿à§Ÿà¦¾à¦¹à¦¾à¦Ÿ,à¦¦à¦¿à¦¨à¦¾à¦œà¦ªà§à¦°', '', 1, 1, 0, 0, '2014-12-29 11:57:09', '0000-00-00 00:00:00', '0000-00-00 00:00:00'),
(417, '54a1339e-979c-4651-85c7-0f8ca9baf6a0', 'KAHAROLE,	DINAJPUR', 'à¦•à¦¾à¦¹à¦¾à¦°à§‹à¦²,à¦¦à¦¿à¦¨à¦¾à¦œà¦ªà§à¦°', '', 1, 1, 0, 0, '2014-12-29 11:57:34', '0000-00-00 00:00:00', '0000-00-00 00:00:00'),
(418, '54a133bb-4778-4b36-9022-0f8ca9baf6a0', 'KHANSAMA,	DINAJPUR', 'à¦–à¦¾à¦¨à¦¸à¦¾à¦®à¦¾,à¦¦à¦¿à¦¨à¦¾à¦œà¦ªà§à¦°', '', 1, 1, 0, 0, '2014-12-29 11:58:03', '0000-00-00 00:00:00', '0000-00-00 00:00:00'),
(419, '54a133eb-8330-4c92-aa44-0f8ca9baf6a0', 'MADDHAPARA KATHIN SHILA PRAKALPA BR,	DINAJPUR', 'à¦®à¦§à§à¦¯à¦ªà¦¾à§œà¦¾ à¦•à¦ à¦¿à¦¨ à¦¶à§€à¦²à¦¾ à¦ªà§à¦°à¦•à¦²à§à¦ª à¦¬à¦¿à¦†à¦°.,à¦¢à¦¾à¦•à¦¾', '', 1, 1, 0, 0, '2014-12-29 11:58:51', '0000-00-00 00:00:00', '0000-00-00 00:00:00'),
(420, '54a13419-6080-4b9c-b393-0f8cc0a80107', 'MILL ROAD (SETABGANJ),	DINAJPUR', 'à¦®à¦¿à¦² à¦°à§‹à¦¡(à¦¸à§‡à¦¤à¦¾à¦¬à¦—à¦žà§à¦œ),à¦¢à¦¾à¦•à¦¾', '', 1, 1, 0, 0, '2014-12-29 11:59:37', '0000-00-00 00:00:00', '0000-00-00 00:00:00'),
(421, '54a1343e-8eac-4a67-aaf2-0f8cc0a80107', 'NAWABGONJ (DINAJPUR),	DINAJPUR', 'à¦¨à¦“à§Ÿà¦¾à¦¬à¦—à¦žà§à¦œ(à¦¦à¦¿à¦¨à¦¾à¦œà¦ªà§à¦°),à¦¦à¦¿à¦¨à¦¾à¦œà¦ªà§à¦°', '', 1, 1, 0, 0, '2014-12-29 12:00:14', '0000-00-00 00:00:00', '0000-00-00 00:00:00'),
(422, '54a13455-22e0-4bd3-ad7f-0f8ca9baf6a0', 'OSMANPUR,	DINAJPUR', 'à¦“à¦¸à¦®à¦¾à¦¨à¦ªà§à¦°,à¦¦à¦¿à¦¨à¦¾à¦œà¦ªà§à¦°', '', 1, 1, 0, 0, '2014-12-29 12:00:37', '0000-00-00 00:00:00', '0000-00-00 00:00:00'),
(423, '54a1346c-db5c-48a3-9715-0f8ca9baf6a0', 'PAKERHAT,	DINAJPUR', 'à¦ªà¦¾à¦•à§‡à¦°à¦¹à¦¾à¦Ÿ,à¦¦à¦¿à¦¨à¦¾à¦œà¦ªà§à¦°', '', 1, 1, 0, 0, '2014-12-29 12:01:00', '0000-00-00 00:00:00', '0000-00-00 00:00:00'),
(424, '54a13488-d894-43b0-b4f5-0f8ca9baf6a0', 'PARBATIPUR,	DINAJPUR', 'à¦ªà¦°à§à¦¬à¦¤à§€à¦ªà§à¦°,à¦¦à¦¿à¦¨à¦¾à¦œà¦ªà§à¦°', '', 1, 1, 0, 0, '2014-12-29 12:01:28', '0000-00-00 00:00:00', '0000-00-00 00:00:00'),
(425, '54a134a9-658c-4adf-85f2-0f8ca9baf6a0', 'PHULBARI (DINAJPUR),	DINAJPUR', 'à¦«à§à¦²à¦¬à¦¾à§œà¦¿(à¦¦à¦¿à¦¨à¦¾à¦œà¦ªà§à¦°),à¦¦à¦¿à¦¨à¦¾à¦œà¦ªà§à¦°', '', 1, 1, 0, 0, '2014-12-29 12:02:01', '0000-00-00 00:00:00', '0000-00-00 00:00:00'),
(426, '54a134c8-9ed8-4fc0-9b1e-0f8ca9baf6a0', 'PULHAT BRANCH,	DINAJPUR', 'à¦«à§à¦²à¦¹à¦¾à¦Ÿ à¦¬à§à¦°à¦¾à¦žà§à¦š,à¦¦à¦¿à¦¨à¦¾à¦œà¦ªà§à¦°', '', 1, 1, 0, 0, '2014-12-29 12:02:32', '0000-00-00 00:00:00', '0000-00-00 00:00:00'),
(427, '54a134ed-bb34-4786-b6f6-0f8ca9baf6a0', 'RANIGONJ BAZAR,	DINAJPUR', 'à¦°à¦¾à¦£à§€à¦—à¦žà§à¦œ à¦¬à¦¾à¦œà¦¾à¦°,à¦¦à¦¿à¦¨à¦¾à¦œà¦ªà§à¦°', '', 1, 1, 0, 0, '2014-12-29 12:03:09', '0000-00-00 00:00:00', '0000-00-00 00:00:00'),
(428, '54a13507-24bc-431b-9945-0f8ca9baf6a0', 'SETABGONJ,	DINAJPUR', 'à¦¸à§‡à¦¤à¦¾à¦¬à¦—à¦žà§à¦œ,à¦¦à¦¿à¦¨à¦¾à¦œà¦ªà§à¦°', '', 1, 1, 0, 0, '2014-12-29 12:03:35', '0000-00-00 00:00:00', '0000-00-00 00:00:00'),
(429, '54a13547-1e80-4981-9173-0f8ca9baf6a0', 'SHAHID MAHBUB SENANIBASH SHAKHA,	DINAJPUR', 'à¦¶à¦¹à§€à¦¦ à¦®à¦¾à¦¹à¦¬à§à¦¬ à¦¸à§‡à¦¨à¦¾à¦¨à¦¿à¦¬à¦¾à¦¸ à¦¶à¦¾à¦–à¦¾,à¦¦à¦¿à¦¨à¦¾à¦œà¦ªà§à¦°', '', 1, 1, 0, 0, '2014-12-29 12:04:39', '0000-00-00 00:00:00', '0000-00-00 00:00:00'),
(430, '54a13581-47d4-4971-8e37-0f8ca9baf6a0', 'SHEIKHPURA,	DINAJPUR', 'à¦¶à§‡à¦–à¦ªà§à§œà¦¾,à¦¦à¦¿à¦¨à¦¾à¦œà¦ªà§à¦°', '', 1, 1, 0, 0, '2014-12-29 12:05:37', '0000-00-00 00:00:00', '0000-00-00 00:00:00'),
(431, '54a135bd-4538-43b3-8504-0f8ca9baf6a0', 'STATION ROAD (DINAJPUR),	DINAJPUR', 'à¦¸à§à¦Ÿà§‡à¦¶à¦¨ à¦°à§‹à¦¡(à¦¦à¦¿à¦¨à¦¾à¦œà¦ªà§à¦°),à¦¦à¦¿à¦¨à¦¾à¦œà¦ªà§à¦°', '', 1, 1, 0, 0, '2014-12-29 12:06:37', '0000-00-00 00:00:00', '0000-00-00 00:00:00'),
(432, '54a135e6-9358-47a2-bd5f-0f8ca9baf6a0', 'SUIHARI,	DINAJPUR', 'à¦¸à§à¦‡à¦¹à¦¾à¦°à¦¿,à¦¦à¦¿à¦¨à¦¾à¦œà¦ªà§à¦°', '', 1, 1, 0, 0, '2014-12-29 12:07:18', '0000-00-00 00:00:00', '0000-00-00 00:00:00'),
(433, '54a13609-1850-44f4-a1d8-0f8ca9baf6a0', 'ALFADANGA	,FARIDPUR', 'à¦†à¦²à¦«à¦¾à¦¡à¦¾à¦™à§à¦—à¦¾,à¦«à¦°à¦¿à¦¦à¦ªà§à¦°', '', 1, 1, 0, 0, '2014-12-29 12:07:53', '0000-00-00 00:00:00', '0000-00-00 00:00:00'),
(434, '54a1362b-f8a8-48f3-a4e2-0f8ca9baf6a0', 'BHANGA,	FARIDPUR', 'à¦­à¦¾à¦™à§à¦—à¦¾,à¦¦à¦¿à¦¨à¦¾à¦œà¦ªà§à¦°', '', 1, 1, 0, 0, '2014-12-29 12:08:27', '0000-00-00 00:00:00', '0000-00-00 00:00:00'),
(435, '54a13665-e984-4071-b50c-0f8ca9baf6a0', 'BISWA ZAKIR MANJIL,	FARIDPUR', 'à¦¬à¦¿à¦¶à§à¦¬ à¦œà¦¾à¦•à§‡à¦° à¦®à¦žà§à¦œà¦¿à¦²,à¦«à¦°à¦¿à¦¦à¦ªà§à¦°', '', 1, 1, 0, 0, '2014-12-29 12:09:25', '0000-00-00 00:00:00', '0000-00-00 00:00:00'),
(436, '54a13681-68c8-4e7c-ae9a-0f8ca9baf6a0', 'BOALMARI,	FARIDPUR', 'à¦¬à§‹à§Ÿà¦¾à¦²à¦®à¦¾à¦°à§€,à¦«à¦°à¦¿à¦¦à¦ªà§à¦°', '', 1, 1, 0, 0, '2014-12-29 12:09:53', '0000-00-00 00:00:00', '0000-00-00 00:00:00'),
(437, '54a1369f-b644-44cc-80a9-0f8ca9baf6a0', 'CHAR BHADRASAN,	FARIDPUR', 'à¦šà¦° à¦­à¦¦à§à¦°à¦¸à¦¨,à¦«à¦°à¦¿à¦¦à¦ªà§à¦°', '', 1, 1, 0, 0, '2014-12-29 12:10:23', '0000-00-00 00:00:00', '0000-00-00 00:00:00'),
(438, '54a136c3-b18c-4082-bdcd-0f8ca9baf6a0', 'COURT BUILDING (FARIDPUR),	FARIDPUR', 'à¦•à§‹à¦°à§à¦Ÿ à¦¬à¦¿à¦²à§à¦¡à¦¿à¦‚(à¦«à¦°à¦¿à¦¦à¦ªà§à¦°),à¦«à¦°à¦¿à¦¦à¦ªà§à¦°', '', 1, 1, 0, 0, '2014-12-29 12:10:59', '0000-00-00 00:00:00', '0000-00-00 00:00:00'),
(439, '54a136e0-7860-4635-9c64-0f8ca9baf6a0', 'FARIDPUR,	FARIDPUR', 'à¦«à¦°à¦¿à¦¦à¦ªà§à¦°,à¦«à¦°à¦¿à¦¦à¦ªà§à¦°', '', 1, 1, 0, 0, '2014-12-29 12:11:28', '0000-00-00 00:00:00', '0000-00-00 00:00:00'),
(440, '54a13737-e198-4596-a1d0-0f8ca9baf6a0', 'GOALCHAMAT,	FARIDPUR', 'à¦—à§‹à§Ÿà¦¾à¦²à¦›à¦®à¦¾à¦Ÿ,à¦«à¦°à¦¿à¦¦à¦ªà§à¦°', '', 1, 1, 0, 0, '2014-12-29 12:12:55', '0000-00-00 00:00:00', '0000-00-00 00:00:00'),
(441, '54a1375f-cfa4-4348-9369-0f8ca9baf6a0', 'HAJIGONJ (FARIDPUR),	FARIDPUR', 'à¦¹à¦¾à¦œà§€à¦—à¦žà§à¦œ(à¦«à¦°à¦¿à¦¦à¦ªà§à¦°),à¦«à¦°à¦¿à¦¦à¦ªà§à¦°', '', 1, 1, 0, 0, '2014-12-29 12:13:35', '0000-00-00 00:00:00', '0000-00-00 00:00:00'),
(442, '54a13791-fd48-49b8-b798-0f8ca9baf6a0', 'HATKRISHNAPUR,	FARIDPUR', 'à¦¹à¦¾à¦Ÿà¦•à§ƒà¦·à§à¦£à¦ªà§à¦°,à¦«à¦°à¦¿à¦¦à¦ªà§à¦°', '', 1, 1, 0, 0, '2014-12-29 12:14:25', '0000-00-00 00:00:00', '0000-00-00 00:00:00'),
(443, '54a137ac-1ae4-4594-801b-0f8ca9baf6a0', 'KAMARKHALI,	FARIDPUR', 'à¦•à¦¾à¦®à¦¾à¦°à¦–à¦¾à¦²à§€,à¦«à¦°à¦¿à¦¦à¦ªà§à¦°', '', 1, 1, 0, 0, '2014-12-29 12:14:52', '0000-00-00 00:00:00', '0000-00-00 00:00:00'),
(444, '54a137d5-d0d0-4299-b0f0-0f8ca9baf6a0', 'KANAIPUR,	FARIDPUR', 'à¦•à¦¾à¦¨à¦¾à¦‡à¦ªà§à¦°,à¦«à¦°à¦¿à¦¦à¦ªà§à¦°', '', 1, 1, 0, 0, '2014-12-29 12:15:33', '0000-00-00 00:00:00', '0000-00-00 00:00:00'),
(445, '54a13854-3100-4266-abf3-0f8cc0a80107', 'KHALILPUR,	FARIDPUR', 'à¦–à¦²à¦¿à¦²à¦ªà§à¦°,à¦«à¦°à¦¿à¦¦à¦ªà§à¦°', '', 1, 1, 0, 0, '2014-12-29 12:17:40', '0000-00-00 00:00:00', '0000-00-00 00:00:00'),
(446, '54a13876-717c-40c0-8d51-0f8cc0a80107', 'MADHUKHALI,	FARIDPUR', 'à¦®à¦§à§à¦–à¦¾à¦²à§€,à¦«à¦°à¦¿à¦¦à¦ªà§à¦°', '', 1, 1, 0, 0, '2014-12-29 12:18:14', '0000-00-00 00:00:00', '0000-00-00 00:00:00'),
(447, '54a138af-be48-468b-a6a5-0f8ca9baf6a0', 'MADHUKHALI U.Z.C.,	FARIDPUR', 'à¦®à¦§à§à¦–à¦¾à¦²à§€ à¦‡à¦‰.à¦œà§‡à¦¡.à¦¸à¦¿.,à¦«à¦°à¦¿à¦¦à¦ªà§à¦°', '', 1, 1, 0, 0, '2014-12-29 12:19:11', '0000-00-00 00:00:00', '0000-00-00 00:00:00'),
(448, '54a138d1-baa0-4758-9ee9-0f8ca9baf6a0', 'MOYENDA BAZAR,	FARIDPUR', 'à¦®à§Ÿà§‡à¦¨à§à¦¦à¦¾ à¦¬à¦¾à¦œà¦¾à¦°,à¦«à¦°à¦¿à¦¦à¦ªà§à¦°', '', 1, 1, 0, 0, '2014-12-29 12:19:45', '0000-00-00 00:00:00', '0000-00-00 00:00:00'),
(449, '54a138ed-0e08-43dc-9666-0f8ca9baf6a0', 'NAGARKANDA,	FARIDPUR', 'à¦¨à¦—à¦°à¦•à¦¾à¦¨à§à¦¦à¦¾,à¦«à¦°à¦¿à¦¦à¦ªà§à¦°', '', 1, 1, 0, 0, '2014-12-29 12:20:13', '0000-00-00 00:00:00', '0000-00-00 00:00:00'),
(450, '54a13910-8104-4ddb-b9d0-0f8cc0a80107', 'SADAR UPAZILLA COMPLEX,	FARIDPUR', 'à¦¸à¦¦à¦° à¦‰à¦ªà¦œà§‡à¦²à¦¾ à¦•à¦®à¦ªà§à¦²à§‡à¦•à§à¦¸,à¦«à¦°à¦¿à¦¦à¦ªà§à¦°', '', 1, 1, 0, 0, '2014-12-29 12:20:48', '0000-00-00 00:00:00', '0000-00-00 00:00:00'),
(451, '54a1392b-7650-4e0d-ad56-0f8cc0a80107', 'SADARPUR,	FARIDPUR', 'à¦¸à¦¦à¦°à¦ªà§à¦°,à¦«à¦°à¦¿à¦¦à¦ªà§à¦°', '', 1, 1, 0, 0, '2014-12-29 12:21:15', '0000-00-00 00:00:00', '0000-00-00 00:00:00'),
(452, '54a13976-07f0-4736-bb27-0f8ca9baf6a0', 'SALTA BAZAR,	FARIDPUR', 'à¦¸à¦¾à¦²à¦¥à¦¾ à¦¬à¦¾à¦œà¦¾à¦°,à¦«à¦°à¦¿à¦¦à¦ªà§à¦°', '', 1, 1, 1, 1, '2014-12-29 12:22:30', '2014-12-29 12:23:48', '2014-12-29 12:22:51'),
(453, '54a139f0-570c-4f27-b3e5-0f8ca9baf6a0', 'SHIRGRAM,	FARIDPUR', 'à¦¶à§€à¦°à¦—à§à¦°à¦¾à¦®,à¦«à¦°à¦¿à¦¦à¦ªà§à¦°', '', 1, 1, 0, 0, '2014-12-29 12:24:32', '0000-00-00 00:00:00', '0000-00-00 00:00:00'),
(454, '54a13a08-1e74-4077-94b1-0f8ca9baf6a0', 'TALMA,	FARIDPUR', 'à¦¤à¦²à¦®à¦¾,à¦«à¦°à¦¿à¦¦à¦ªà§à¦°', '', 1, 1, 0, 0, '2014-12-29 12:24:56', '0000-00-00 00:00:00', '0000-00-00 00:00:00'),
(455, '54a13a28-5984-4512-9c40-0f8ca9baf6a0', 'TEPAKHOLA,	FARIDPUR', 'à¦¤à§‡à¦ªà¦¾à¦–à§‹à¦²à¦¾,à¦«à¦°à¦¿à¦¦à¦ªà§à¦°', '', 1, 1, 0, 0, '2014-12-29 12:25:28', '0000-00-00 00:00:00', '0000-00-00 00:00:00'),
(456, '54a13a71-e208-41d2-b001-0f8ca9baf6a0', 'BAKTERMUNSHI	,FENI', 'à¦¬à¦•à§à¦¤à¦¾à¦°à¦®à§à¦¨à§à¦¸à¦¿,à¦«à§‡à¦¨à§€', '', 1, 1, 0, 0, '2014-12-29 12:26:41', '0000-00-00 00:00:00', '0000-00-00 00:00:00'),
(457, '54a13a9f-8a58-4f0c-b5a6-0f8ca9baf6a0', 'CHHAGOLNAIYA,	FENI', 'à¦›à¦¾à¦—à¦²à¦¨à¦¾à¦‡à§Ÿà¦¾,à¦«à§‡à¦¨à§€', '', 1, 1, 0, 0, '2014-12-29 12:27:27', '0000-00-00 00:00:00', '0000-00-00 00:00:00'),
(458, '54a13b25-fa40-4da1-a9ab-0f8ca9baf6a0', 'DAGAN BHUIYAN,	FENI', 'à¦¦à¦¾à¦—à¦¨à¦­à§‚à¦žà¦¾,à¦«à§‡à¦¨à§€', '', 1, 1, 0, 0, '2014-12-29 12:29:41', '0000-00-00 00:00:00', '0000-00-00 00:00:00'),
(459, '54a13b41-37bc-4f4f-b9bd-0f8ca9baf6a0', 'FENI,	FENI', 'à¦«à§‡à¦¨à§€,à¦«à§‡à¦¨à§€', '', 1, 1, 0, 0, '2014-12-29 12:30:09', '0000-00-00 00:00:00', '0000-00-00 00:00:00'),
(460, '54a13b59-2e00-44cd-85e3-0f8ca9baf6a0', 'FULGAZI,	FENI', 'à¦«à§à¦²à¦—à¦¾à¦œà§€,à¦«à§‡à¦¨à§€', '', 1, 1, 0, 0, '2014-12-29 12:30:33', '0000-00-00 00:00:00', '0000-00-00 00:00:00'),
(461, '54a13c33-d3d8-4b8e-b3b1-0f8ca9baf6a0', 'GUTHUMA BAZAR,	FENI', 'à¦—à§à¦¥à§à¦®à¦¾ à¦¬à¦¾à¦œà¦¾à¦°,à¦«à§‡à¦¨à§€', '', 1, 1, 0, 0, '2014-12-29 12:34:11', '0000-00-00 00:00:00', '0000-00-00 00:00:00'),
(462, '54a13c5d-0b74-4b8d-892e-0f8ca9baf6a0', 'ISLAMPUR ROAD (FENI),	FENI', 'à¦‡à¦¸à¦²à¦¾à¦®à¦ªà§à¦° à¦°à§‹à¦¡(à¦«à§‡à¦¨à§€),à¦«à§‡à¦¨à§€', '', 1, 1, 0, 0, '2014-12-29 12:34:53', '0000-00-00 00:00:00', '0000-00-00 00:00:00'),
(463, '54a22efa-3a90-4fdb-befd-0610a9baf6a0', 'LAMUA BAZAR,	FENI', 'à¦²à¦¾à¦®à§à§Ÿà¦¾ à¦¬à¦¾à¦œà¦¾à¦°,à¦«à§‡à¦¨à§€', '', 1, 1, 0, 0, '2014-12-30 05:50:02', '0000-00-00 00:00:00', '0000-00-00 00:00:00'),
(464, '54a22f14-0c94-4b2d-9954-0610a9baf6a0', 'LASHKER HAT,	FENI', 'à¦²à¦·à§à¦•à¦° à¦¹à¦¾à¦Ÿ,à¦«à§‡à¦¨à§€', '', 1, 1, 0, 0, '2014-12-30 05:50:28', '0000-00-00 00:00:00', '0000-00-00 00:00:00'),
(465, '54a22f2a-67c0-4fc3-aa7c-0610a9baf6a0', 'MAHIPAL,	FENI', 'à¦®à¦¹à§€à¦ªà¦¾à¦²,à¦«à§‡à¦¨à§€', '', 1, 1, 0, 0, '2014-12-30 05:50:50', '0000-00-00 00:00:00', '0000-00-00 00:00:00'),
(466, '54a22f71-9c84-4872-b9e4-0610a9baf6a0', 'MATIAGODHA,	FENI', 'à¦®à¦¤à¦¿à§Ÿà¦¾à¦—à§‹à¦§à¦¾,à¦«à§‡à¦¨à§€', '', 1, 1, 0, 0, '2014-12-30 05:52:01', '0000-00-00 00:00:00', '0000-00-00 00:00:00'),
(467, '54a22fb6-3d5c-4c0a-a75e-0610a9baf6a0', 'MUNSHIRHAT,	FENI', 'à¦®à§à¦¨à§à¦¸à¦¿à¦°à¦¹à¦¾à¦Ÿ,à¦«à§‡à¦¨à§€', '', 1, 1, 0, 0, '2014-12-30 05:53:10', '0000-00-00 00:00:00', '0000-00-00 00:00:00'),
(468, '54a23065-58f0-4cf7-ba77-0610a9baf6a0', 'PANCHGACHIA,	FENI', 'à¦ªà¦¾à¦à¦šà¦—à¦šà¦¿à§Ÿà¦¾,à¦«à§‡à¦¨à§€', '', 1, 1, 0, 0, '2014-12-30 05:56:05', '0000-00-00 00:00:00', '0000-00-00 00:00:00'),
(469, '54a2307e-4b30-4fdc-adab-0610a9baf6a0', 'PARSHURAM,	FENI', 'à¦ªà¦°à¦¶à§à¦°à¦¾à¦®,à¦«à§‡à¦¨à§€', '', 1, 1, 0, 0, '2014-12-30 05:56:30', '0000-00-00 00:00:00', '0000-00-00 00:00:00'),
(470, '54a230a9-b968-4b54-9857-0610a9baf6a0', 'SADAR UPAZILA COMPLEX, FENI,	FENI', 'à¦¸à¦¦à¦° à¦‰à¦ªà¦œà§‡à¦²à¦¾ à¦•à¦®à¦ªà§à¦²à§‡à¦•à§à¦¸,à¦«à§‡à¦¨à§€,à¦«à§‡à¦¨à§€', '', 1, 1, 0, 0, '2014-12-30 05:57:13', '0000-00-00 00:00:00', '0000-00-00 00:00:00'),
(471, '54a230e1-0654-4c71-8903-0610a9baf6a0', 'SILONIA BAZAR,	FENI', 'à¦¸à¦¿à¦²à§‹à¦¨à¦¿à§Ÿà¦¾ à¦¬à¦¾à¦œà¦¾à¦°,à¦«à§‡à¦¨à§€', '', 1, 1, 0, 0, '2014-12-30 05:58:09', '0000-00-00 00:00:00', '0000-00-00 00:00:00'),
(472, '54a230f9-8168-4778-b706-0610a9baf6a0', 'SONAGAZI,	FENI', 'à¦¸à§‹à¦¨à¦¾à¦—à¦¾à¦œà§€,à¦«à§‡à¦¨à§€', '', 1, 1, 0, 0, '2014-12-30 05:58:33', '0000-00-00 00:00:00', '0000-00-00 00:00:00'),
(473, '54a23314-2ec4-4824-be26-0610a9baf6a0', 'BHARATKHALI,	GAIBANDHA', 'à¦­à¦¾à¦°à¦¤à¦–à¦¾à¦²à§€,à¦—à¦¾à¦‡à¦¬à¦¾à¦¨à§à¦§à¦¾', '', 1, 1, 0, 0, '2014-12-30 06:07:32', '0000-00-00 00:00:00', '0000-00-00 00:00:00'),
(474, '54a23334-f998-443e-bf49-0610a9baf6a0', 'BIRATHAT,	GAIBANDHA', 'à¦¬à¦¿à¦°à¦¾à¦Ÿà¦¹à¦¾à¦Ÿ,à¦—à¦¾à¦‡à¦¬à¦¾à¦¨à§à¦§à¦¾', '', 1, 1, 0, 0, '2014-12-30 06:08:04', '0000-00-00 00:00:00', '0000-00-00 00:00:00'),
(475, '54a23351-9570-4857-9f27-0610a9baf6a0', 'BONARPARA,	GAIBANDHA', 'à¦¬à§‹à¦¨à¦¾à¦°à¦ªà¦¾à§œà¦¾,à¦—à¦¾à¦‡à¦¬à¦¾à¦¨à§à¦§à¦¾', '', 1, 1, 0, 0, '2014-12-30 06:08:33', '0000-00-00 00:00:00', '0000-00-00 00:00:00'),
(476, '54a23382-ef0c-4d0e-ad7b-0610a9baf6a0', 'FASHITOLA,	GAIBANDHA', 'à¦«à¦¾à¦¸à¦¿à¦Ÿà§‹à¦²à¦¾,à¦—à¦¾à¦‡à¦¬à¦¾à¦¨à§à¦§à¦¾', '', 1, 1, 0, 0, '2014-12-30 06:09:22', '0000-00-00 00:00:00', '0000-00-00 00:00:00'),
(477, '54a2339d-78cc-4417-a68c-0610a9baf6a0', 'FULCHARI,	GAIBANDHA', 'à¦«à§à¦²à¦›à§œà¦¿,à¦—à¦¾à¦‡à¦¬à¦¾à¦¨à§à¦§à¦¾', '', 1, 1, 0, 0, '2014-12-30 06:09:49', '0000-00-00 00:00:00', '0000-00-00 00:00:00'),
(478, '54a233ba-40f4-412a-9191-0610a9baf6a0', 'GAIBANDHA,	GAIBANDHA', 'à¦—à¦¾à¦‡à¦¬à¦¾à¦¨à§à¦§à¦¾,à¦—à¦¾à¦‡à¦¬à¦¾à¦¨à§à¦§à¦¾', '', 1, 1, 0, 0, '2014-12-30 06:10:18', '0000-00-00 00:00:00', '0000-00-00 00:00:00'),
(479, '54a233da-57c0-4953-baa7-0610a9baf6a0', 'GOBINDAGONJ,	GAIBANDHA', 'à¦—à§‹à¦¬à¦¿à¦¨à§à¦¦à¦—à¦žà§à¦œ,à¦—à¦¾à¦‡à¦¬à¦¾à¦¨à§à¦§à¦¾', '', 1, 1, 0, 0, '2014-12-30 06:10:50', '0000-00-00 00:00:00', '0000-00-00 00:00:00'),
(480, '54a233f2-ab60-44e7-b88e-0610a9baf6a0', 'KAMARJANI,	GAIBANDHA', 'à¦•à¦¾à¦®à¦¾à¦°à¦œà¦¾à¦¨à¦¿,à¦—à¦¾à¦‡à¦¬à¦¾à¦¨à§à¦§à¦¾', '', 1, 1, 0, 0, '2014-12-30 06:11:14', '0000-00-00 00:00:00', '0000-00-00 00:00:00'),
(481, '54a2341c-1afc-48ea-8efd-0610a9baf6a0', 'KAMDIA,	GAIBANDHA', 'à¦•à¦®à¦¦à¦¿à§Ÿà¦¾,à¦—à¦¾à¦‡à¦¬à¦¾à¦¨à§à¦§à¦¾', '', 1, 1, 0, 0, '2014-12-30 06:11:56', '0000-00-00 00:00:00', '0000-00-00 00:00:00'),
(482, '54a23448-c49c-4af5-a950-0610a9baf6a0', 'LADIES BRANCH,GAIBANDHA,	GAIBANDHA', 'à¦²à§‡à¦¡à¦¿à¦¸ à¦¬à§à¦°à¦¾à¦žà§à¦š(à¦—à¦¾à¦‡à¦¬à¦¾à¦¨à§à¦§à¦¾),à¦—à¦¾à¦‡à¦¬à¦¾à¦¨à§à¦§à¦¾', '', 1, 1, 0, 0, '2014-12-30 06:12:40', '0000-00-00 00:00:00', '0000-00-00 00:00:00'),
(483, '54a23463-8214-406f-b99b-0610a9baf6a0', 'MOHIMAGONJ,	GAIBANDHA', 'à¦®à¦¹à¦¿à¦®à¦¾à¦—à¦žà§à¦œ,à¦—à¦¾à¦‡à¦¬à¦¾à¦¨à§à¦§à¦¾', '', 1, 1, 0, 0, '2014-12-30 06:13:07', '0000-00-00 00:00:00', '0000-00-00 00:00:00'),
(484, '54a23482-5f08-4e7b-95bb-0610a9baf6a0', 'PALASHBARI,	GAIBANDHA', 'à¦ªà¦²à¦¾à¦¶à¦¬à¦¾à§œà¦¿,à¦—à¦¾à¦‡à¦¬à¦¾à¦¨à§à¦§à¦¾', '', 1, 1, 0, 0, '2014-12-30 06:13:38', '0000-00-00 00:00:00', '0000-00-00 00:00:00'),
(485, '54a234ab-9768-4c27-af42-0610a9baf6a0', 'PURANBAZAR(GAIBANDHA),	GAIBANDHA', 'à¦ªà§à¦°à¦¾à¦¨à¦¬à¦¾à¦œà¦¾à¦°(à¦—à¦¾à¦‡à¦¬à¦¾à¦¨à§à¦§à¦¾),à¦—à¦¾à¦‡à¦¬à¦¾à¦¨à§à¦§à¦¾', '', 1, 1, 0, 0, '2014-12-30 06:14:19', '0000-00-00 00:00:00', '0000-00-00 00:00:00'),
(486, '54a234c5-7cc0-4afe-8175-0610a9baf6a0', 'SADULLAPUR,	GAIBANDHA', 'à¦¸à¦¦à§à¦²à§à¦²à¦¾à¦ªà§à¦°,à¦—à¦¾à¦‡à¦¬à¦¾à¦¨à§à¦§à¦¾', '', 1, 1, 0, 0, '2014-12-30 06:14:45', '0000-00-00 00:00:00', '0000-00-00 00:00:00'),
(487, '54a234e1-dc50-4f56-a64f-0610a9baf6a0', 'SHAGHATA,	GAIBANDHA', 'à¦¸à¦¾à¦—à§à¦¥à¦¾,à¦—à¦¾à¦‡à¦¬à¦¾à¦¨à§à¦§à¦¾', '', 1, 1, 0, 0, '2014-12-30 06:15:13', '0000-00-00 00:00:00', '0000-00-00 00:00:00'),
(488, '54a234fb-3e34-48b1-81b4-0610a9baf6a0', 'SUNDARGONJ,	GAIBANDHA', 'à¦¸à§à¦¨à§à¦¦à¦°à¦—à¦žà§à¦œ,à¦—à¦¾à¦‡à¦¬à¦¾à¦¨à§à¦§à¦¾', '', 1, 1, 0, 0, '2014-12-30 06:15:39', '0000-00-00 00:00:00', '0000-00-00 00:00:00'),
(489, '54a2352b-39f0-4cb6-b305-0610a9baf6a0', 'B.A.R.I. BRANCH,	GAZIPUR', 'à¦¬à¦¿.à¦.à¦†à¦°.à¦†à¦‡. à¦¬à§à¦°à¦¾à¦žà§à¦š,à¦—à¦¾à¦œà§€à¦ªà§à¦°', '', 1, 1, 0, 0, '2014-12-30 06:16:27', '0000-00-00 00:00:00', '0000-00-00 00:00:00'),
(490, '54a23562-2db8-4269-97ea-0610a9baf6a0', 'B.B.SK.MUJIB KRISHI BISWABIDDALAYA,	GAZIPUR', 'à¦¬à¦¿.à¦¬à¦¿.à¦¶à§‡à¦– à¦®à§à¦œà¦¿à¦¬ à¦•à§ƒà¦·à¦¿ à¦¬à¦¿à¦¶à§à¦¬à¦¬à¦¿à¦¦à§à¦¯à¦¾à¦²à§Ÿ,à¦—à¦¾à¦œà§€à¦ªà§à¦°', '', 1, 1, 0, 0, '2014-12-30 06:17:22', '0000-00-00 00:00:00', '0000-00-00 00:00:00'),
(491, '54a23588-b270-42f9-bfdd-0610a9baf6a0', 'B.R.R.I BRANCH,	GAZIPUR', 'à¦¬à¦¿.à¦†à¦°.à¦†à¦°.à¦†à¦‡. à¦¬à§à¦°à¦¾à¦žà§à¦š,à¦—à¦¾à¦œà§€à¦ªà§à¦°', '', 1, 1, 0, 0, '2014-12-30 06:18:00', '0000-00-00 00:00:00', '0000-00-00 00:00:00'),
(492, '54a235a7-c988-4049-ba5d-0610a9baf6a0', 'BARMI BAZAR BR.,	GAZIPUR', 'à¦¬à¦°à§à¦®à¦¿ à¦¬à¦¾à¦œà¦¾à¦° à¦¬à¦¿à¦†à¦°.,à¦—à¦¾à¦œà§€à¦ªà§à¦°', '', 1, 1, 0, 0, '2014-12-30 06:18:31', '0000-00-00 00:00:00', '0000-00-00 00:00:00'),
(493, '54a235c3-94d0-441e-b602-0610a9baf6a0', 'BHAWAL JAMALPUR,	GAZIPUR', 'à¦­à¦¾à¦“à§Ÿà¦¾à¦² à¦œà¦¾à¦®à¦¾à¦²à¦ªà§à¦°,à¦—à¦¾à¦œà§€à¦ªà§à¦°', '', 1, 1, 0, 0, '2014-12-30 06:18:59', '0000-00-00 00:00:00', '0000-00-00 00:00:00'),
(494, '54a235e5-0dc4-40be-a222-0610a9baf6a0', 'BOF GAZIPUR CANTONMENT,	GAZIPUR', 'à¦¬à¦¿à¦“à¦à¦« à¦—à¦¾à¦œà§€à¦ªà§à¦° à¦•à§à¦¯à¦¾à¦¨à§à¦Ÿà¦¨à¦®à§‡à¦¨à§à¦Ÿ,à¦—à¦¾à¦œà§€à¦ªà§à¦°', '', 1, 1, 0, 0, '2014-12-30 06:19:33', '0000-00-00 00:00:00', '0000-00-00 00:00:00'),
(495, '54a23603-79b0-4038-9340-0610a9baf6a0', 'GAZIPUR COURT BUILDING,	GAZIPUR', 'à¦—à¦¾à¦œà§€à¦ªà§à¦° à¦•à§‹à¦°à§à¦Ÿ à¦¬à¦¿à¦²à§à¦¡à¦¿à¦‚,à¦—à¦¾à¦œà§€à¦ªà§à¦°', '', 1, 1, 0, 0, '2014-12-30 06:20:03', '0000-00-00 00:00:00', '0000-00-00 00:00:00'),
(496, '54a23626-e9ac-42e5-bfa2-0610a9baf6a0', 'GAZIPUR SADAR UPAZILLA COMPLEX,	GAZIPUR', 'à¦—à¦¾à¦œà§€à¦ªà§à¦° à¦¸à¦¦à¦° à¦‰à¦ªà¦œà§‡à¦²à¦¾ à¦•à¦®à¦ªà§à¦²à§‡à¦•à§à¦¸,à¦—à¦¾à¦œà§€à¦ªà§à¦°', '', 1, 1, 0, 0, '2014-12-30 06:20:38', '0000-00-00 00:00:00', '0000-00-00 00:00:00'),
(497, '54a2364c-88a8-4af2-a1c6-0610c0a80107', 'JATIO BISWABIDDALAYA BRANCH,	GAZIPUR', 'à¦œà¦¾à¦¤à§€à§Ÿ à¦¬à¦¿à¦¶à§à¦¬à¦¬à¦¿à¦¦à§à¦¯à¦¾à¦²à§Ÿ à¦¬à§à¦°à¦¾à¦žà§à¦š,à¦—à¦¾à¦œà§€à¦ªà§à¦°', '', 1, 1, 0, 0, '2014-12-30 06:21:16', '0000-00-00 00:00:00', '0000-00-00 00:00:00'),
(498, '54a23662-a5c0-4d36-8632-0610c0a80107', 'JOYDEVPUR,	GAZIPUR', 'à¦œà§Ÿà¦¦à§‡à¦¬à¦ªà§à¦°,à¦—à¦¾à¦œà§€à¦ªà§à¦°', '', 1, 1, 0, 0, '2014-12-30 06:21:38', '0000-00-00 00:00:00', '0000-00-00 00:00:00'),
(499, '54a23679-5e00-4ead-b60c-0610a9baf6a0', 'KALIAKOIR,	GAZIPUR', 'à¦•à¦¾à¦²à¦¿à§Ÿà¦¾à¦•à§ˆà¦°,à¦—à¦¾à¦œà§€à¦ªà§à¦°', '', 1, 1, 0, 0, '2014-12-30 06:22:01', '0000-00-00 00:00:00', '0000-00-00 00:00:00'),
(500, '54a23699-2288-4b9f-9529-0610a9baf6a0', 'KALIGANJ (GAZIPUR)	,GAZIPUR', 'à¦•à¦¾à¦²à¦¿à¦—à¦žà§à¦œ(à¦—à¦¾à¦œà§€à¦ªà§à¦°),à¦—à¦¾à¦œà§€à¦ªà§à¦°', '', 1, 1, 0, 0, '2014-12-30 06:22:33', '0000-00-00 00:00:00', '0000-00-00 00:00:00'),
(501, '54a236b2-1a64-48b6-9c57-0610a9baf6a0', 'KAPASIA,	GAZIPUR', 'à¦•à¦¾à¦ªà¦¾à¦¸à¦¿à§Ÿà¦¾,à¦—à¦¾à¦œà§€à¦ªà§à¦°', '', 1, 1, 0, 0, '2014-12-30 06:22:58', '0000-00-00 00:00:00', '0000-00-00 00:00:00'),
(502, '54a236cf-88a4-494d-b0f2-0610a9baf6a0', 'PUBAIL BAZAR,	GAZIPUR', 'à¦ªà§‚à¦¬à¦¾à¦‡à¦² à¦¬à¦¾à¦œà¦¾à¦°,à¦—à¦¾à¦œà§€à¦ªà§à¦°', '', 1, 1, 0, 0, '2014-12-30 06:23:27', '0000-00-00 00:00:00', '0000-00-00 00:00:00'),
(503, '54a236f1-bcfc-4c1b-b42d-0610a9baf6a0', 'RAJENDRAPUR CANTONMENT,	GAZIPUR', 'à¦°à¦¾à¦œà§‡à¦¨à§à¦¦à§à¦°à¦ªà§à¦° à¦•à§à¦¯à¦¾à¦¨à§à¦Ÿà¦¨à¦®à§‡à¦¨à§à¦Ÿ,à¦—à¦¾à¦œà§€à¦ªà§à¦°', '', 1, 1, 0, 0, '2014-12-30 06:24:01', '0000-00-00 00:00:00', '0000-00-00 00:00:00'),
(504, '54a23715-8de8-4497-86a6-0610a9baf6a0', 'SHAFIPUR ANSAR ACADEMY COMPLEX,	GAZIPUR', 'à¦¶à¦«à¦¿à¦ªà§à¦° à¦†à¦¨à¦¸à¦¾à¦° à¦à¦•à¦¾à¦¡à§‡à¦®à§€ à¦•à¦®à¦ªà§à¦²à§‡à¦•à§à¦¸,à¦—à¦¾à¦œà§€à¦ªà§à¦°', '', 1, 1, 0, 0, '2014-12-30 06:24:37', '0000-00-00 00:00:00', '0000-00-00 00:00:00'),
(505, '54a23736-3884-4b62-bbd7-0610a9baf6a0', 'Shingh Sree Bazer,	Gazipur', 'à¦¶à¦¿à¦‚ à¦¶à§à¦°à§€ à¦¬à¦¾à¦œà¦¾à¦°,à¦—à¦¾à¦œà§€à¦ªà§à¦°', '', 1, 1, 0, 0, '2014-12-30 06:25:10', '0000-00-00 00:00:00', '0000-00-00 00:00:00'),
(506, '54a2375b-6eac-44cb-a7e6-0610c0a80107', 'SREEPUR THANA HEAD QUARTER,	GAZIPUR', 'à¦¶à§à¦°à§€à¦ªà§à¦° à¦¥à¦¾à¦¨à¦¾ à¦¹à§‡à¦¡ à¦•à§‹à§Ÿà¦¾à¦°à§à¦Ÿà¦¾à¦°,à¦—à¦¾à¦œà§€à¦ªà§à¦°', '', 1, 1, 0, 0, '2014-12-30 06:25:47', '0000-00-00 00:00:00', '0000-00-00 00:00:00'),
(507, '54a23778-f6f4-4d4d-8e80-0610c0a80107', 'Station Road Br.,	Gazipur', 'à¦¸à§à¦Ÿà§‡à¦¶à¦¨ à¦°à§‹à¦¡ à¦¬à¦¿à¦†à¦°.,à¦—à¦¾à¦œà§€à¦ªà§à¦°', '', 1, 1, 0, 0, '2014-12-30 06:26:16', '0000-00-00 00:00:00', '0000-00-00 00:00:00'),
(508, '54a23790-a2c0-4449-a2bf-0610a9baf6a0', 'TONGI,	GAZIPUR', 'à¦Ÿà¦™à§à¦—à§€,à¦—à¦¾à¦œà§€à¦ªà§à¦°', '', 1, 1, 0, 0, '2014-12-30 06:26:40', '0000-00-00 00:00:00', '0000-00-00 00:00:00'),
(509, '54a237a7-d1f0-409d-99ca-0610a9baf6a0', 'TONGI BAZAR,	GAZIPUR', 'à¦Ÿà¦™à§à¦—à§€ à¦¬à¦¾à¦œà¦¾à¦°,à¦—à¦¾à¦œà§€à¦ªà§à¦°', '', 1, 1, 0, 0, '2014-12-30 06:27:03', '0000-00-00 00:00:00', '0000-00-00 00:00:00'),
(510, '54a239a5-3afc-4b50-9584-0610a9baf6a0', 'BASH BARIA BAZAR (Closed 300602),	GOPALGONJ', 'à¦¬à¦¾à¦¸ à¦¬à¦¾à§œà¦¿à§Ÿà¦¾ à¦¬à¦¾à¦œà¦¾à¦°(à¦•à§à¦²à¦œà¦¡ à§©à§¦à§¦à§¬à§¦à§¨),à¦—à§‹à¦ªà¦¾à¦²à¦—à¦žà§à¦œ', '', 1, 1, 0, 0, '2014-12-30 06:35:33', '0000-00-00 00:00:00', '0000-00-00 00:00:00'),
(511, '54a239c7-083c-43cb-a88d-0610a9baf6a0', 'BHATIAPARA,	GOPALGONJ', 'à¦­à¦¾à¦Ÿà¦¿à§Ÿà¦¾à¦ªà¦¾à§œà¦¾,à¦—à§‹à¦ªà¦¾à¦²à¦—à¦žà§à¦œ', '', 1, 1, 0, 0, '2014-12-30 06:36:07', '0000-00-00 00:00:00', '0000-00-00 00:00:00'),
(512, '54a239ff-e580-4206-a56c-0610a9baf6a0', 'BOLTALI	,GOPALGONJ', 'à¦¬à§‹à¦²à¦¤à¦¾à¦²à¦¿,à¦—à§‹à¦ªà¦¾à¦²à¦—à¦žà§à¦œ', '', 1, 1, 0, 0, '2014-12-30 06:37:03', '0000-00-00 00:00:00', '0000-00-00 00:00:00'),
(513, '54a23a35-7f1c-4d06-9780-0610a9baf6a0', 'GHAGOIR,	GOPALGONJ', 'à¦˜à¦—à§ˆà¦°,à¦—à§‹à¦ªà¦¾à¦²à¦—à¦žà§à¦œ', '', 1, 1, 0, 0, '2014-12-30 06:37:57', '0000-00-00 00:00:00', '0000-00-00 00:00:00'),
(514, '54a23dd6-6cc8-42ac-b86b-0610a9baf6a0', 'GOPALGONJ,	GOPALGONJ', 'à¦—à§‹à¦ªà¦¾à¦²à¦—à¦žà§à¦œ,à¦—à§‹à¦ªà¦¾à¦²à¦—à¦žà§à¦œ', '', 1, 1, 0, 0, '2014-12-30 06:53:26', '0000-00-00 00:00:00', '0000-00-00 00:00:00'),
(515, '54a23e4a-d9e0-42eb-99e3-0610a9baf6a0', 'KASHIANI,	GOPALGONJ', 'à¦•à¦¾à¦¶à¦¿à§Ÿà¦¾à¦¨à§€,à¦—à§‹à¦ªà¦¾à¦²à¦—à¦žà§à¦œ', '', 1, 1, 0, 0, '2014-12-30 06:55:22', '0000-00-00 00:00:00', '0000-00-00 00:00:00'),
(516, '54a23e65-04bc-4996-85f0-0610a9baf6a0', 'KHAPURA,	GOPALGONJ', 'à¦–à¦ªà§à¦°à¦¾,à¦—à§‹à¦ªà¦¾à¦²à¦—à¦žà§à¦œ', '', 1, 1, 0, 0, '2014-12-30 06:55:49', '0000-00-00 00:00:00', '0000-00-00 00:00:00'),
(517, '54a23ea1-2754-46ec-92b6-0610a9baf6a0', 'LADIES BRANCH (GOPALGONJ)	GOPALGONJ', 'à¦²à§‡à¦¡à¦¿à¦¸ à¦¬à§à¦°à¦¾à¦žà§à¦š(à¦—à§‹à¦ªà¦¾à¦²à¦—à¦žà§à¦œ),à¦—à§‹à¦ªà¦¾à¦²à¦—à¦žà§à¦œ', '', 1, 1, 0, 0, '2014-12-30 06:56:49', '0000-00-00 00:00:00', '0000-00-00 00:00:00'),
(518, '54a23ebf-ddf0-4218-b9e5-0610a9baf6a0', 'MOKSEDPUR,	GOPALGONJ', 'à¦®à§‹à¦•à¦¸à§‡à¦¦à¦ªà§à¦°,à¦—à§‹à¦ªà¦¾à¦²à¦—à¦žà§à¦œ', '', 1, 1, 0, 0, '2014-12-30 06:57:19', '0000-00-00 00:00:00', '0000-00-00 00:00:00'),
(519, '54a23f15-abac-4311-956c-0610a9baf6a0', 'PANCHURIA,	GOPALGONJ', 'à¦ªà¦¾à¦šà§à¦°à¦¿à§Ÿà¦¾,à¦—à§‹à¦ªà¦¾à¦²à¦—à¦žà§à¦œ', '', 1, 1, 0, 0, '2014-12-30 06:58:45', '0000-00-00 00:00:00', '0000-00-00 00:00:00'),
(520, '54a23f46-3160-4e88-99a7-0610a9baf6a0', 'PATGATI,	GOPALGONJ', 'à¦ªà¦Ÿà¦˜à¦Ÿà¦¿,à¦—à§‹à¦ªà¦¾à¦²à¦—à¦žà§à¦œ', '', 1, 1, 0, 0, '2014-12-30 06:59:34', '0000-00-00 00:00:00', '0000-00-00 00:00:00'),
(521, '54a23f62-9f74-413f-b884-0610a9baf6a0', 'TONGIPARA,	GOPALGONJ', 'à¦Ÿà§à¦™à§à¦—à¦¿à¦ªà¦¾à§œà¦¾,à¦—à§‹à¦ªà¦¾à¦²à¦—à¦žà§à¦œ', '', 1, 1, 0, 0, '2014-12-30 07:00:02', '0000-00-00 00:00:00', '0000-00-00 00:00:00'),
(522, '54a23f81-8818-4a0a-8a1c-0610a9baf6a0', 'AJMIRIGANJ,	HABIGANJ', 'à¦†à¦œà¦®à¦¿à¦°à¦¿à¦—à¦žà§à¦œ,à¦¹à¦¬à¦¿à¦—à¦žà§à¦œ', '', 1, 1, 0, 0, '2014-12-30 07:00:33', '0000-00-00 00:00:00', '0000-00-00 00:00:00'),
(523, '54a23fc3-0ed4-4e0b-9298-0610a9baf6a0', 'BAHUBAL,	HABIGANJ', 'à¦¬à¦¾à¦¹à§à¦¬à¦²,à¦¹à¦¬à¦¿à¦—à¦žà§à¦œ', '', 1, 1, 0, 0, '2014-12-30 07:01:39', '0000-00-00 00:00:00', '0000-00-00 00:00:00'),
(524, '54a23fe6-ef70-49a0-97f0-0610a9baf6a0', 'BANIYACHONG,	HABIGANJ', 'à¦¬à¦¾à¦¨à¦¿à§Ÿà¦¾à¦šà¦‚,à¦¹à¦¬à¦¿à¦—à¦žà§à¦œ', '', 1, 1, 0, 0, '2014-12-30 07:02:14', '0000-00-00 00:00:00', '0000-00-00 00:00:00'),
(525, '54a24013-c998-47c6-b89b-0610a9baf6a0', 'CHOWDHURY BAZAR,	HABIGANJ', 'à¦šà§Œà¦§à§à¦°à§€ à¦¬à¦¾à¦œà¦¾à¦°,à¦¹à¦¬à¦¿à¦—à¦žà§à¦œ', '', 1, 1, 0, 0, '2014-12-30 07:02:59', '0000-00-00 00:00:00', '0000-00-00 00:00:00'),
(526, '54a2402f-a834-4b85-b531-0610a9baf6a0', 'CHUNARUGHAT,	HABIGANJ', 'à¦šà§à¦¨à¦¾à¦°à§à¦˜à¦¾à¦Ÿ,à¦¹à¦¬à¦¿à¦—à¦žà§à¦œ', '', 1, 1, 0, 0, '2014-12-30 07:03:27', '0000-00-00 00:00:00', '0000-00-00 00:00:00'),
(527, '54a24058-afec-4f3f-828f-0610a9baf6a0', 'ENATGONJ,	HABIGANJ', 'à¦à¦¨à§Ÿà§‡à¦¤à¦—à¦žà§à¦œ,à¦¹à¦¬à¦¿à¦—à¦žà§à¦œ', '', 1, 1, 0, 0, '2014-12-30 07:04:08', '0000-00-00 00:00:00', '0000-00-00 00:00:00'),
(528, '54a24072-51ec-4bc1-9161-0610a9baf6a0', 'HABIGANJ,	HABIGANJ', 'à¦¹à¦¬à¦¿à¦—à¦žà§à¦œ,à¦¹à¦¬à¦¿à¦—à¦žà§à¦œ', '', 1, 1, 0, 0, '2014-12-30 07:04:34', '0000-00-00 00:00:00', '0000-00-00 00:00:00'),
(529, '54a240af-c914-4a46-acce-0610a9baf6a0', 'KAKAILCHAO,	HABIGANJ', 'à¦•à¦¾à¦•à¦¾à¦‡à¦²à¦šà¦¾à¦“,à¦¹à¦¬à¦¿à¦—à¦žà§à¦œ', '', 1, 1, 0, 0, '2014-12-30 07:05:35', '0000-00-00 00:00:00', '0000-00-00 00:00:00'),
(530, '54a240c8-0b00-4943-afc8-0610a9baf6a0', 'LAKHAI,	HABIGANJ', 'à¦²à¦¾à¦–à¦¾à¦‡,à¦¹à¦¬à¦¿à¦—à¦žà§à¦œ', '', 1, 1, 0, 0, '2014-12-30 07:06:00', '0000-00-00 00:00:00', '0000-00-00 00:00:00'),
(531, '54a240e3-e0c4-44dc-a980-0610a9baf6a0', 'MADHABPUR,	HABIGANJ', 'à¦®à¦¾à¦§à¦¬à¦ªà§à¦°,à¦¹à¦¬à¦¿à¦—à¦žà§à¦œ', '', 1, 1, 0, 0, '2014-12-30 07:06:27', '0000-00-00 00:00:00', '0000-00-00 00:00:00'),
(532, '54a24107-1940-49fb-a52b-0610a9baf6a0', 'NABIGANJ (HABIGANJ),	HABIGANJ', 'à¦¨à¦¬à§€à¦—à¦žà§à¦œ(à¦¹à¦¬à¦¿à¦—à¦žà§à¦œ),à¦¹à¦¬à¦¿à¦—à¦žà§à¦œ', '', 1, 1, 0, 0, '2014-12-30 07:07:03', '0000-00-00 00:00:00', '0000-00-00 00:00:00'),
(533, '54a2432f-b44c-43e2-903e-0610a9baf6a0', 'SHAISTAGANJ,	HABIGANJ', 'à¦¶à¦¾à§Ÿà§‡à¦¸à§à¦¤à¦¾à¦—à¦žà§à¦œ,à¦¹à¦¬à¦¿à¦—à¦žà§à¦œ', '', 1, 1, 0, 0, '2014-12-30 07:16:15', '0000-00-00 00:00:00', '0000-00-00 00:00:00'),
(534, '54a2436b-894c-4d73-b250-0610a9baf6a0', 'AUSHKANDI,	HOBIGONJ', 'à¦…à¦¶à¦•à¦¾à¦¨à§à¦¦à¦¿,à¦¹à¦¬à¦¿à¦—à¦žà§à¦œ', '', 1, 1, 0, 0, '2014-12-30 07:17:15', '0000-00-00 00:00:00', '0000-00-00 00:00:00'),
(535, '54a2438e-4e60-416e-b43f-0610a9baf6a0', 'BAKSHIGONJ,	JAMALPUR', 'à¦¬à¦•à¦¶à§€à¦—à¦žà§à¦œ,à¦œà¦¾à¦®à¦¾à¦²à¦ªà§à¦°', '', 1, 1, 0, 0, '2014-12-30 07:17:50', '0000-00-00 00:00:00', '0000-00-00 00:00:00'),
(536, '54a243ae-22c4-4fbf-9b04-0610a9baf6a0', 'BORO MOSZID ROAD,	JAMALPUR', 'à¦¬à§œ à¦®à¦¸à¦œà¦¿à¦¦ à¦°à§‹à¦¡,à¦œà¦¾à¦®à¦¾à¦²à¦ªà§à¦°', '', 1, 1, 0, 0, '2014-12-30 07:18:22', '0000-00-00 00:00:00', '0000-00-00 00:00:00'),
(537, '54a243e4-0f44-41ff-974a-0610a9baf6a0', 'BSCI INDUSTRIAL ESTATE	,JAMALPUR', 'à¦¬à¦¿à¦à¦¸à¦¸à¦¿à¦†à¦‡ à¦‡à¦¨à§à¦¡à§à¦°à¦¾à¦¸à§à¦Ÿà§à¦°à¦¿à§Ÿà¦¾à¦² à¦à¦¸à§à¦Ÿà§‡à¦Ÿ,à¦œà¦¾à¦®à¦¾à¦²à¦ªà§à¦°', '', 1, 1, 0, 0, '2014-12-30 07:19:16', '0000-00-00 00:00:00', '0000-00-00 00:00:00'),
(538, '54a24416-3dc4-41e6-a8b5-0610a9baf6a0', 'CHAPARKONA,	JAMALPUR', 'à¦šà¦¾à¦ªà¦¾à¦°à¦•à§‹à¦¨à¦¾,à¦œà¦¾à¦®à¦¾à¦²à¦ªà§à¦°', '', 1, 1, 0, 0, '2014-12-30 07:20:06', '0000-00-00 00:00:00', '0000-00-00 00:00:00'),
(539, '54a2443a-8f40-4fe8-b343-0610a9baf6a0', 'DEWANGONJ BAZAR,	JAMALPUR', 'à¦¦à§‡à¦“à§Ÿà¦¾à¦¨à¦—à¦žà§à¦œ à¦¬à¦¾à¦œà¦¾à¦°,à¦œà¦¾à¦®à¦¾à¦²à¦ªà§à¦°', '', 1, 1, 0, 0, '2014-12-30 07:20:42', '0000-00-00 00:00:00', '0000-00-00 00:00:00');
INSERT INTO `bankbranches` (`id`, `bankbranchuuid`, `bankbranchname`, `bankbranchnamebn`, `bankbranchaddress`, `bankbranchisactive`, `bankbranchinsertid`, `bankbranchupdateid`, `bankbranchdeleteid`, `bankbranchinsertdate`, `bankbranchupdatedate`, `bankbranchdeletedate`) VALUES
(540, '54a24465-2914-4c3d-ad37-0610a9baf6a0', 'DEWANGONJ SUGAR MILL,	JAMALPUR', 'à¦¦à§‡à¦“à§Ÿà¦¾à¦¨à¦—à¦žà§à¦œ à¦¸à§à¦—à¦¾à¦° à¦®à¦¿à¦²,à¦œà¦¾à¦®à¦¾à¦²à¦ªà§à¦°', '', 1, 1, 0, 0, '2014-12-30 07:21:25', '0000-00-00 00:00:00', '0000-00-00 00:00:00'),
(541, '54a24481-4dd0-4416-8483-0610a9baf6a0', 'HAZRABARI,	JAMALPUR', 'à¦¹à¦¾à¦œà¦°à¦¾à¦¬à¦¾à§œà¦¿,à¦œà¦¾à¦®à¦¾à¦²à¦ªà§à¦°', '', 1, 1, 0, 0, '2014-12-30 07:21:53', '0000-00-00 00:00:00', '0000-00-00 00:00:00'),
(542, '54a244a0-eed4-4048-815c-0610a9baf6a0', 'ISLAMPUR (JAMALPUR),	JAMALPUR', 'à¦‡à¦¸à¦²à¦¾à¦®à¦ªà§à¦°(à¦œà¦¾à¦®à¦¾à¦²à¦ªà§à¦°),à¦œà¦¾à¦®à¦¾à¦²à¦ªà§à¦°', '', 1, 1, 0, 0, '2014-12-30 07:22:24', '0000-00-00 00:00:00', '0000-00-00 00:00:00'),
(543, '54a244ba-5a90-4414-9ee3-0610a9baf6a0', 'JAMALPUR,	JAMALPUR', 'à¦œà¦¾à¦®à¦¾à¦²à¦ªà§à¦°,à¦œà¦¾à¦®à¦¾à¦²à¦ªà§à¦°', '', 1, 1, 0, 0, '2014-12-30 07:22:50', '0000-00-00 00:00:00', '0000-00-00 00:00:00'),
(544, '54a2462b-6bac-4acf-8a5e-0610a9baf6a0', 'JAMALPUR BAZAR,	JAMALPUR', 'à¦œà¦¾à¦®à¦¾à¦²à¦ªà§à¦° à¦¬à¦¾à¦œà¦¾à¦°,à¦œà¦¾à¦®à¦¾à¦²à¦ªà§à¦°', '', 1, 1, 0, 0, '2014-12-30 07:28:59', '0000-00-00 00:00:00', '0000-00-00 00:00:00'),
(545, '54a24656-9ab8-45a4-a097-0610a9baf6a0', 'JAMUNA SAR KARKHANA	,JAMALPUR', 'à¦¯à¦®à§à¦¨à¦¾ à¦¸à¦¾à¦° à¦•à¦¾à¦°à¦–à¦¾à¦¨à¦¾,à¦œà¦¾à¦®à¦¾à¦²à¦ªà§à¦°', '', 1, 1, 0, 0, '2014-12-30 07:29:42', '0000-00-00 00:00:00', '0000-00-00 00:00:00'),
(546, '54a246f1-f650-4404-aecc-0610a9baf6a0', 'MADERGONJ,	JAMALPUR', 'à¦®à¦¾à¦¦à¦¾à¦°à¦—à¦žà§à¦œ,à¦œà¦¾à¦®à¦¾à¦²à¦ªà§à¦°', '', 1, 1, 0, 0, '2014-12-30 07:32:17', '0000-00-00 00:00:00', '0000-00-00 00:00:00'),
(547, '54a24721-1184-43e4-88b3-0610a9baf6a0', 'MEDICAL ROAD (JAMALPUR),	JAMALPUR', 'à¦®à§‡à¦¡à¦¿à¦•à§‡à¦² à¦°à§‹à¦¡(à¦œà¦¾à¦®à¦¾à¦²à¦ªà§à¦°),à¦œà¦¾à¦®à¦¾à¦²à¦ªà§à¦°', '', 1, 1, 0, 0, '2014-12-30 07:33:05', '0000-00-00 00:00:00', '0000-00-00 00:00:00'),
(548, '54a24744-68bc-4fc8-9980-0610a9baf6a0', 'MELANDAH,	JAMALPUR', 'à¦®à§‡à¦²à¦¾à¦¨à§à¦¦à¦¹,à¦œà¦¾à¦®à¦¾à¦²à¦ªà§à¦°', '', 1, 1, 0, 0, '2014-12-30 07:33:40', '0000-00-00 00:00:00', '0000-00-00 00:00:00'),
(549, '54a2475e-2f2c-4132-bf5d-0610a9baf6a0', 'NANDINA,	JAMALPUR', 'à¦¨à¦¾à¦¨à§à¦¦à¦¿à¦¨à¦¾,à¦œà¦¾à¦®à¦¾à¦²à¦ªà§à¦°', '', 1, 1, 0, 0, '2014-12-30 07:34:06', '0000-00-00 00:00:00', '0000-00-00 00:00:00'),
(550, '54a24789-49a0-4302-8da8-0610a9baf6a0', 'SANANDABARI,	JAMALPUR', 'à¦¸à¦¾à¦¨à¦¨à§à¦¦à¦¾à¦¬à¦¾à§œà¦¿,à¦œà¦¾à¦®à¦¾à¦²à¦ªà§à¦°', '', 1, 1, 0, 0, '2014-12-30 07:34:49', '0000-00-00 00:00:00', '0000-00-00 00:00:00'),
(551, '54a247ac-e538-408e-bb36-0610a9baf6a0', 'SHARISHABARI,	JAMALPUR', 'à¦¸à¦°à¦¿à¦·à¦¾à¦¬à¦¾à§œà¦¿,à¦œà¦¾à¦®à¦¾à¦²à¦ªà§à¦°', '', 1, 1, 0, 0, '2014-12-30 07:35:24', '0000-00-00 00:00:00', '0000-00-00 00:00:00'),
(552, '54a247de-c2f4-414f-9caa-0610a9baf6a0', 'SHARISHABARI THANA HEAD QUARTER BR.,	JAMALPUR', 'à¦¸à¦°à¦¿à¦·à¦¾à¦¬à¦¾à§œà¦¿ à¦¥à¦¾à¦¨à¦¾ à¦¹à§‡à¦¡ à¦•à§‹à§Ÿà¦¾à¦°à§à¦Ÿà¦¾à¦° à¦¬à¦¿à¦†à¦°.,,à¦œà¦¾à¦®à¦¾à¦²à¦ªà§à¦°', '', 1, 1, 0, 0, '2014-12-30 07:36:14', '0000-00-00 00:00:00', '0000-00-00 00:00:00'),
(553, '54a247ff-7090-4ec0-a1bd-0610a9baf6a0', 'ALFA MILLGATE,	JESSORE', 'à¦†à¦²à¦«à¦¾ à¦®à¦¿à¦²à¦—à§‡à¦Ÿ,à¦¯à¦¶à§‹à¦°', '', 1, 1, 0, 0, '2014-12-30 07:36:47', '0000-00-00 00:00:00', '0000-00-00 00:00:00'),
(554, '54a24843-3f88-4f3e-af40-0610a9baf6a0', 'B.I.S.E. Br. JESSORE,	JESSORE', 'à¦¬à¦¿.à¦†à¦‡.à¦à¦¸.à¦‡.à¦¬à¦¿à¦†à¦°.(à¦¯à¦¶à§‹à¦°),à¦¯à¦¶à§‹à¦°', '', 1, 1, 0, 0, '2014-12-30 07:37:55', '0000-00-00 00:00:00', '0000-00-00 00:00:00'),
(555, '54a24a6a-0d80-433c-a2d2-0610a9baf6a0', 'BAGANCHRA,	JESSORE', 'à¦¬à¦¾à¦—à¦¾à¦¨à¦›à§œà¦¾,à¦¯à¦¶à§‹à¦°', '', 1, 1, 0, 0, '2014-12-30 07:47:06', '0000-00-00 00:00:00', '0000-00-00 00:00:00'),
(556, '54a24a92-108c-4cf8-a54f-0610a9baf6a0', 'BAGHERPARA,	JESSORE', 'à¦¬à¦¾à¦˜à¦¾à¦°à¦ªà¦¾à§œà¦¾,à¦¯à¦¶à§‹à¦°', '', 1, 1, 0, 0, '2014-12-30 07:47:46', '0000-00-00 00:00:00', '0000-00-00 00:00:00'),
(557, '54a24ab9-b6f8-4070-8e50-0610a9baf6a0', 'BARINAGAR,	JESSORE', 'à¦¬à¦¾à¦°à¦¿à¦¨à¦—à¦°,à¦¯à¦¶à§‹à¦°', '', 1, 1, 0, 0, '2014-12-30 07:48:25', '0000-00-00 00:00:00', '0000-00-00 00:00:00'),
(558, '54a24ad5-01f0-48fa-b36c-0610a9baf6a0', 'BASUNDIA,	JESSORE', 'à¦¬à¦¾à¦¸à§à¦¨à§à¦¦à¦¿à§Ÿà¦¾,à¦¯à¦¶à§‹à¦°', '', 1, 1, 0, 0, '2014-12-30 07:48:53', '0000-00-00 00:00:00', '0000-00-00 00:00:00'),
(559, '54a24aed-3f04-47b9-a933-0610a9baf6a0', 'BENAPOLE,	JESSORE', 'à¦¬à§‡à¦¨à¦¾à¦ªà§‹à¦²,à¦¯à¦¶à§‹à¦°', '', 1, 1, 0, 0, '2014-12-30 07:49:17', '0000-00-00 00:00:00', '0000-00-00 00:00:00'),
(560, '54a24b12-203c-4e9b-bf73-0610a9baf6a0', 'BHATPARA,	JESSORE', 'à¦­à¦¾à¦Ÿà¦ªà¦¾à§œà¦¾,à¦¯à¦¶à§‹à¦°', '', 1, 1, 0, 0, '2014-12-30 07:49:54', '0000-00-00 00:00:00', '0000-00-00 00:00:00'),
(561, '54a24bfc-cd80-4359-8bf2-0610a9baf6a0', 'CHARAVITA,	JESSORE', 'à¦šà¦¾à¦°à¦¾à¦­à¦¿à¦Ÿà¦¾,à¦¯à¦¶à§‹à¦°', '', 1, 1, 0, 0, '2014-12-30 07:53:48', '0000-00-00 00:00:00', '0000-00-00 00:00:00'),
(562, '54a24c1c-9f48-4d6c-96d7-0610a9baf6a0', 'CHINATOLA,	JESSORE', 'à¦šà§€à¦¨à¦¾à¦¤à§‹à¦²à¦¾,à¦¯à¦¶à§‹à¦°', '', 1, 1, 0, 0, '2014-12-30 07:54:20', '0000-00-00 00:00:00', '0000-00-00 00:00:00'),
(563, '54a26298-6838-400b-b449-0610a9baf6a0', 'CHINGRA BAZAR,	JESSORE', 'à¦šà¦¿à¦‚à¦°à¦¾ à¦¬à¦¾à¦œà¦¾à¦°,à¦¯à¦¶à§‹à¦°', '', 1, 1, 0, 0, '2014-12-30 09:30:16', '0000-00-00 00:00:00', '0000-00-00 00:00:00'),
(564, '54a262cc-225c-414d-9165-0610a9baf6a0', 'CHOWGACHA,	JESSORE', 'à¦šà§Œà¦—à¦¾à¦›à¦¾,à¦¯à¦¶à§‹à¦°', '', 1, 1, 0, 0, '2014-12-30 09:31:08', '0000-00-00 00:00:00', '0000-00-00 00:00:00'),
(565, '54a263bf-3e6c-4d00-9522-0610a9baf6a0', 'CHURAMANKATI,	JESSORE', 'à¦šà§‚à§œà¦¾à¦®à¦¾à¦¨à¦•à¦Ÿà¦¿,à¦¯à¦¶à§‹à¦°', '', 1, 1, 0, 0, '2014-12-30 09:35:11', '0000-00-00 00:00:00', '0000-00-00 00:00:00'),
(566, '54a263e0-da9c-48f9-8278-0610a9baf6a0', 'DHALGRAM,	JESSORE', 'à¦§à¦²à¦—à§à¦°à¦¾à¦®,à¦¯à¦¶à§‹à¦°', '', 1, 1, 0, 0, '2014-12-30 09:35:44', '0000-00-00 00:00:00', '0000-00-00 00:00:00'),
(567, '54a26401-41f0-4734-94a4-0610a9baf6a0', 'GARIBSHAH SARAK,	JESSORE', 'à¦—à¦°à¦¿à¦¬ à¦¶à¦¾à¦¹ à¦¸à§œà¦•,à¦¯à¦¶à§‹à¦°', '', 1, 1, 0, 0, '2014-12-30 09:36:17', '0000-00-00 00:00:00', '0000-00-00 00:00:00'),
(568, '54a2641f-2698-4f18-809b-0610a9baf6a0', 'JESSORE BAZAR,	JESSORE', 'à¦¯à¦¶à§‹à¦° à¦¬à¦¾à¦œà¦¾à¦°,à¦¯à¦¶à§‹à¦°', '', 1, 1, 0, 0, '2014-12-30 09:36:47', '0000-00-00 00:00:00', '0000-00-00 00:00:00'),
(569, '54a264fa-e5f4-424b-8102-0610a9baf6a0', 'JESSORE CANTT.,	JESSORE', 'à¦¯à¦¶à§‹à¦° à¦•à§à¦¯à¦¾à¦¨à§à¦Ÿ:,à¦¯à¦¶à§‹à¦°', '', 1, 1, 0, 0, '2014-12-30 09:40:26', '0000-00-00 00:00:00', '0000-00-00 00:00:00'),
(570, '54a39667-ec88-4590-9763-0eb4a9baf6a0', 'JHIKARGACHA,	JESSORE', 'à¦à¦¿à¦•à¦°à¦—à¦¾à¦›à¦¾,à¦¯à¦¶à§‹à¦°', '', 1, 1, 0, 0, '2014-12-31 07:23:35', '0000-00-00 00:00:00', '0000-00-00 00:00:00'),
(571, '54a39689-b5ac-4b68-a002-0eb4a9baf6a0', 'KARBALA ROAD,	JESSORE', 'à¦•à¦¾à¦°à¦¬à¦¾à¦²à¦¾ à¦°à§‹à¦¡,à¦¯à¦¶à§‹à¦°', '', 1, 1, 0, 0, '2014-12-31 07:24:09', '0000-00-00 00:00:00', '0000-00-00 00:00:00'),
(572, '54a396ab-be28-40df-9225-0eb4a9baf6a0', 'KESOBPUR,	JESSORE', 'à¦•à§‡à¦¶à¦¬à¦ªà§à¦°,à¦¯à¦¶à§‹à¦°', '', 1, 1, 0, 0, '2014-12-31 07:24:43', '0000-00-00 00:00:00', '0000-00-00 00:00:00'),
(573, '54a39757-3c00-4ae4-b888-0eb4a9baf6a0', 'KHAJURA BAZAR,	JESSORE', 'à¦–à¦¾à¦œà§à¦°à¦¾ à¦¬à¦¾à¦œà¦¾à¦°,à¦¯à¦¶à§‹à¦°', '', 1, 1, 0, 0, '2014-12-31 07:27:35', '0000-00-00 00:00:00', '0000-00-00 00:00:00'),
(574, '54a397fc-f954-46e8-8456-0eb4a9baf6a0', 'MONIRAMPUR,	JESSORE', 'à¦®à¦£à¦¿à¦°à¦¾à¦®à¦ªà§à¦°,à¦¯à¦¶à§‹à¦°', '', 1, 1, 0, 0, '2014-12-31 07:30:20', '0000-00-00 00:00:00', '0000-00-00 00:00:00'),
(575, '54a3986a-212c-4fe6-a5e3-0eb4a9baf6a0', 'NARIKELBARIA,	JESSORE', 'à¦¨à¦¾à¦°à¦¿à¦•à§‡à¦²à¦¬à¦¾à§œà¦¿à§Ÿà¦¾,à¦¯à¦¶à§‹à¦°', '', 1, 1, 0, 0, '2014-12-31 07:32:10', '0000-00-00 00:00:00', '0000-00-00 00:00:00'),
(576, '54a3988c-d56c-49e3-a7d1-0eb4a9baf6a0', 'NOAPARA,	JESSORE', 'à¦¨à§‹à§Ÿà¦¾à¦ªà¦¾à§œà¦¾,à¦¯à¦¶à§‹à¦°', '', 1, 1, 0, 0, '2014-12-31 07:32:44', '0000-00-00 00:00:00', '0000-00-00 00:00:00'),
(577, '54a398c8-1b20-4e6a-a9ab-0eb4a9baf6a0', 'PAR BAZAR BR.,	JESSORE', 'à¦ªà¦¾à¦° à¦¬à¦¾à¦œà¦¾à¦° à¦¬à¦¿à¦†à¦°.,à¦¯à¦¶à§‹à¦°', '', 1, 1, 0, 0, '2014-12-31 07:33:44', '0000-00-00 00:00:00', '0000-00-00 00:00:00'),
(578, '54a398e8-62d0-46e2-b3b8-0eb4a9baf6a0', 'PURAPARA,	JESSORE', 'à¦ªà§à¦°à¦¾à¦ªà¦¾à§œà¦¾,à¦¯à¦¶à§‹à¦°', '', 1, 1, 0, 0, '2014-12-31 07:34:16', '0000-00-00 00:00:00', '0000-00-00 00:00:00'),
(579, '54a3991c-9a70-482e-8097-0eb4a9baf6a0', 'R.N.ROAD,	JESSORE', 'à¦†à¦°.à¦à¦¨.à¦°à§‹à¦¡,à¦¯à¦¶à§‹à¦°', '', 1, 1, 0, 0, '2014-12-31 07:35:08', '0000-00-00 00:00:00', '0000-00-00 00:00:00'),
(580, '54a39935-57b0-4771-913d-0eb4a9baf6a0', 'RAIL GATE,	JESSORE', 'à¦°à§‡à¦²à¦—à§‡à¦Ÿ,à¦¯à¦¶à§‹à¦°', '', 1, 1, 0, 0, '2014-12-31 07:35:33', '0000-00-00 00:00:00', '0000-00-00 00:00:00'),
(581, '54a3995e-8db0-4565-a0cd-0eb4a9baf6a0', 'RAJGONJ,	JESSORE', 'à¦°à¦¾à¦œà¦—à¦žà§à¦œ,à¦¯à¦¶à§‹à¦°', '', 1, 1, 0, 0, '2014-12-31 07:36:14', '0000-00-00 00:00:00', '0000-00-00 00:00:00'),
(582, '54a39978-0060-4a39-81f1-0eb4a9baf6a0', 'RUPDIA,	JESSORE', 'à¦°à§à¦ªà¦¦à¦¿à§Ÿà¦¾,à¦¯à¦¶à§‹à¦°', '', 1, 1, 0, 0, '2014-12-31 07:36:40', '0000-00-00 00:00:00', '0000-00-00 00:00:00'),
(583, '54a39992-6f58-4a3b-b2bc-0eb4a9baf6a0', 'SALUA BAZAR,	JESSORE', 'à¦¸à¦¾à¦²à§à§Ÿà¦¾ à¦¬à¦¾à¦œà¦¾à¦°,à¦¯à¦¶à§‹à¦°', '', 1, 1, 0, 0, '2014-12-31 07:37:06', '0000-00-00 00:00:00', '0000-00-00 00:00:00'),
(584, '54a399aa-a568-4bd1-830c-0eb4a9baf6a0', 'SARSHA,	JESSORE', 'à¦¶à¦¾à¦°à§à¦¶à¦¾,à¦¯à¦¶à§‹à¦°', '', 1, 1, 0, 0, '2014-12-31 07:37:30', '0000-00-00 00:00:00', '0000-00-00 00:00:00'),
(585, '54a399cc-3cf8-4fe4-8da6-0eb4a9baf6a0', 'TRIMOHONI,	JESSORE', 'à¦¤à§à¦°à¦¿à¦®à§‹à¦¹à¦¨à§€,à¦¯à¦¶à§‹à¦°', '', 1, 1, 0, 0, '2014-12-31 07:38:04', '0000-00-00 00:00:00', '0000-00-00 00:00:00'),
(586, '54a399e8-398c-4ec4-90e0-0eb4a9baf6a0', 'ULASHI,	JESSORE', 'à¦‰à¦²à¦¾à¦¶à§€,à¦¯à¦¶à§‹à¦°', '', 1, 1, 0, 0, '2014-12-31 07:38:32', '0000-00-00 00:00:00', '0000-00-00 00:00:00'),
(587, '54a39a09-abec-44b5-b88a-0eb4a9baf6a0', 'BARO BAZAR,	JHENAIDAH', 'à¦¬à§œà¦¬à¦¾à¦œà¦¾à¦°,à¦à¦¿à¦¨à¦¾à¦‡à¦¦à¦¾à¦¹', '', 1, 1, 0, 0, '2014-12-31 07:39:05', '0000-00-00 00:00:00', '0000-00-00 00:00:00'),
(588, '54a39a40-7900-43ae-92fa-0eb4a9baf6a0', 'BARODHOPADI BAZAR,	JHENAIDAH', 'à¦¬à§œà¦§à§‹à¦ªà¦¾à¦¦à¦¿ à¦¬à¦¾à¦œà¦¾à¦°,à¦à¦¿à¦¨à¦¾à¦‡à¦¦à¦¾à¦¹', '', 1, 1, 0, 0, '2014-12-31 07:40:00', '0000-00-00 00:00:00', '0000-00-00 00:00:00'),
(589, '54a39a7b-f0d0-4359-859f-0eb4a9baf6a0', 'GARAGONJ,	JHENAIDAH', 'à¦—à¦°à¦¾à¦—à¦žà§à¦œ,à¦à¦¿à¦¨à¦¾à¦‡à¦¦à¦¾à¦¹', '', 1, 1, 0, 0, '2014-12-31 07:40:59', '0000-00-00 00:00:00', '0000-00-00 00:00:00'),
(590, '54a39a9c-c044-45d9-a213-0eb4a9baf6a0', 'HARINAKUNDU,	JHENAIDAH', 'à¦¹à¦°à¦¿à¦£à¦¾à¦•à§à¦¨à§à¦¡à§,à¦à¦¿à¦¨à¦¾à¦‡à¦¦à¦¾à¦¹', '', 1, 1, 0, 0, '2014-12-31 07:41:32', '0000-00-00 00:00:00', '0000-00-00 00:00:00'),
(591, '54a39abe-4fd8-444d-90c6-0eb4a9baf6a0', 'HATGOPALPUR,	JHENAIDAH', 'à¦¹à¦¾à¦Ÿà¦—à§‹à¦ªà¦¾à¦²à¦ªà§à¦°,à¦à¦¿à¦¨à¦¾à¦‡à¦¦à¦¾à¦¹', '', 1, 1, 0, 0, '2014-12-31 07:42:06', '0000-00-00 00:00:00', '0000-00-00 00:00:00'),
(592, '54a39bca-68d0-4e47-86a9-0eb4a9baf6a0', 'JHENAIDAH,	JHENAIDAH', 'à¦à¦¿à¦¨à¦¾à¦‡à¦¦à¦¾à¦¹,à¦à¦¿à¦¨à¦¾à¦‡à¦¦à¦¾à¦¹', '', 1, 1, 0, 0, '2014-12-31 07:46:34', '0000-00-00 00:00:00', '0000-00-00 00:00:00'),
(593, '54a39bf1-5be4-48df-961a-0eb4a9baf6a0', 'JHENAIDAH CADET COLLEGE,	JHENAIDAH', 'à¦à¦¿à¦¨à¦¾à¦‡à¦¦à¦¾à¦¹ à¦•à§à¦¯à¦¾à¦¡à§‡à¦Ÿ à¦•à¦²à§‡à¦œ,à¦à¦¿à¦¨à¦¾à¦‡à¦¦à¦¾à¦¹', '', 1, 1, 0, 0, '2014-12-31 07:47:13', '0000-00-00 00:00:00', '0000-00-00 00:00:00'),
(594, '54a39c2e-a0e4-4502-8d14-0eb4a9baf6a0', 'KALIGONJ (JHENAIDAH),	JHENAIDAH', 'à¦•à¦¾à¦²à§€à¦—à¦žà§à¦œ(à¦à¦¿à¦¨à¦¾à¦‡à¦¦à¦¾à¦¹),à¦à¦¿à¦¨à¦¾à¦‡à¦¦à¦¾à¦¹', '', 1, 1, 0, 0, '2014-12-31 07:48:14', '0000-00-00 00:00:00', '0000-00-00 00:00:00'),
(595, '54a39c54-aaac-4716-b801-0eb4a9baf6a0', 'KOLABAZAR,	JHENAIDAH', 'à¦•à¦²à¦¾à¦¬à¦¾à¦œà¦¾à¦°,à¦à¦¿à¦¨à¦¾à¦‡à¦¦à¦¾à¦¹', '', 1, 1, 0, 0, '2014-12-31 07:48:52', '0000-00-00 00:00:00', '0000-00-00 00:00:00'),
(596, '54a39c72-3f34-4e9c-88ea-0eb4a9baf6a0', 'KOTCHANDPUR,	JHENAIDAH', 'à¦•à§‹à¦Ÿà¦šà¦¾à¦¨à§à¦¦à¦ªà§à¦°,à¦à¦¿à¦¨à¦¾à¦‡à¦¦à¦¾à¦¹', '', 1, 1, 0, 0, '2014-12-31 07:49:22', '0000-00-00 00:00:00', '0000-00-00 00:00:00'),
(597, '54a39c9f-d5d8-47e3-ada5-0eb4a9baf6a0', 'MOBARAKGONJ SUGAR MILL,	JHENAIDAH', 'à¦®à§‹à¦¬à¦¾à¦°à¦•à¦—à¦žà§à¦œ à¦¸à§à¦—à¦¾à¦° à¦®à¦¿à¦²,à¦à¦¿à¦¨à¦¾à¦‡à¦¦à¦¾à¦¹', '', 1, 1, 0, 0, '2014-12-31 07:50:07', '0000-00-00 00:00:00', '0000-00-00 00:00:00'),
(598, '54a39cc6-1f98-4a8b-8bc8-0eb4a9baf6a0', 'MODHUPUR (JHENAIDAH),	JHENAIDAH', 'à¦®à¦§à§à¦ªà§à¦°(à¦à¦¿à¦¨à¦¾à¦‡à¦¦à¦¾à¦¹),à¦à¦¿à¦¨à¦¾à¦‡à¦¦à¦¾à¦¹', '', 1, 1, 0, 0, '2014-12-31 07:50:46', '0000-00-00 00:00:00', '0000-00-00 00:00:00'),
(599, '54a39ce3-6030-480c-9947-0eb4a9baf6a0', 'MOHESHPUR,	JHENAIDAH', 'à¦®à¦¹à§‡à¦¶à¦ªà§à¦°,à¦à¦¿à¦¨à¦¾à¦‡à¦¦à¦¾à¦¹', '', 1, 1, 0, 0, '2014-12-31 07:51:15', '0000-00-00 00:00:00', '0000-00-00 00:00:00'),
(600, '54a39d0f-7b60-4dc9-8977-0eb4a9baf6a0', 'RABINARIKELBARIA,	JHENAIDAH', 'à¦°à¦¬à¦¿à¦¨à¦¾à¦°à¦¿à¦•à§‡à¦²à¦¬à¦¾à§œà¦¿à§Ÿà¦¾,à¦à¦¿à¦¨à¦¾à¦‡à¦¦à¦¾à¦¹', '', 1, 1, 0, 0, '2014-12-31 07:51:59', '0000-00-00 00:00:00', '0000-00-00 00:00:00'),
(601, '54a39d31-3900-48fc-baa6-0eb4a9baf6a0', 'SAILKUPA,	JHENAIDAH', 'à¦¶à§ˆà¦²à¦•à§‚à¦ªà¦¾,à¦à¦¿à¦¨à¦¾à¦‡à¦¦à¦¾à¦¹', '', 1, 1, 0, 0, '2014-12-31 07:52:33', '0000-00-00 00:00:00', '0000-00-00 00:00:00'),
(602, '54a39d4f-cce8-41e9-8f16-0eb4a9baf6a0', 'SHEIKHPARA BAZAR,	JHENAIDAH', 'à¦¶à§‡à¦–à¦ªà¦¾à§œà¦¾ à¦¬à¦¾à¦œà¦¾à¦°,à¦à¦¿à¦¨à¦¾à¦‡à¦¦à¦¾à¦¹', '', 1, 1, 0, 0, '2014-12-31 07:53:03', '0000-00-00 00:00:00', '0000-00-00 00:00:00'),
(603, '54a39d6c-f368-47a8-a3a2-0eb4a9baf6a0', 'AKKELPUR,	JOYPURHAT', 'à¦†à¦•à§à¦•à§‡à¦²à¦ªà§à¦°,à¦œà§Ÿà¦ªà§à¦°à¦¹à¦¾à¦Ÿ', '', 1, 1, 0, 0, '2014-12-31 07:53:32', '0000-00-00 00:00:00', '0000-00-00 00:00:00'),
(604, '54a39d89-9f18-4e46-83b5-0eb4a9baf6a0', 'HATIL,	JOYPURHAT', 'à¦¹à¦¾à¦¤à¦¿à¦²,à¦œà§Ÿà¦ªà§à¦°à¦¹à¦¾à¦Ÿ', '', 1, 1, 0, 0, '2014-12-31 07:54:01', '0000-00-00 00:00:00', '0000-00-00 00:00:00'),
(605, '54a3ad77-64c0-4dda-9d3e-0eb4a9baf6a0', 'JOYPURHAT,	JOYPURHAT', 'à¦œà§Ÿà¦ªà§à¦°à¦¹à¦¾à¦Ÿ,à¦œà§Ÿà¦ªà§à¦°à¦¹à¦¾à¦Ÿ', '', 1, 1, 0, 0, '2014-12-31 09:01:58', '0000-00-00 00:00:00', '0000-00-00 00:00:00'),
(606, '54a3adac-93f8-44d4-89f4-0eb4a9baf6a0', 'JOYPURHAT EAST,	JOYPURHAT', 'à¦œà§Ÿà¦ªà§à¦°à¦¹à¦¾à¦Ÿ à¦‡à¦¸à§à¦Ÿ,à¦œà§Ÿà¦ªà§à¦°à¦¹à¦¾à¦Ÿ', '', 1, 1, 0, 0, '2014-12-31 09:02:52', '0000-00-00 00:00:00', '0000-00-00 00:00:00'),
(607, '54a3adee-562c-40a8-aebb-0eb4a9baf6a0', 'KALAI,	JOYPURHAT', 'à¦•à¦¾à¦²à¦¾à¦‡,à¦œà§Ÿà¦ªà§à¦°à¦¹à¦¾à¦Ÿ', '', 1, 1, 0, 0, '2014-12-31 09:03:58', '0000-00-00 00:00:00', '0000-00-00 00:00:00'),
(608, '54a3ae73-8c3c-4b6b-ae47-0eb4a9baf6a0', 'KHETLAL,	JOYPURHAT', 'à¦•à§à¦·à§‡à¦¤à¦²à¦¾à¦²,à¦œà§Ÿà¦ªà§à¦°à¦¹à¦¾à¦Ÿ', '', 1, 1, 0, 0, '2014-12-31 09:06:11', '0000-00-00 00:00:00', '0000-00-00 00:00:00'),
(609, '54a3aec5-9f70-464d-a2bd-0eb4a9baf6a0', 'PANCHBIBI,	JOYPURHAT', 'à¦ªà¦¾à¦šà¦¬à¦¿à¦¬à¦¿,à¦œà§Ÿà¦ªà§à¦°à¦¹à¦¾à¦Ÿ', '', 1, 1, 0, 0, '2014-12-31 09:07:33', '0000-00-00 00:00:00', '0000-00-00 00:00:00'),
(610, '54a3d54f-edf0-4673-9118-0eb4a9baf6a0', 'PUNATHAT (JOYPURHAT),	JOYPURHAT', 'à¦ªà§à¦¨à¦Ÿà¦¹à¦¾à¦Ÿ(à¦œà§Ÿà¦ªà§à¦°à¦¹à¦¾à¦Ÿ),à¦œà§Ÿà¦ªà§à¦°à¦¹à¦¾à¦Ÿ', '', 1, 1, 0, 0, '2014-12-31 11:51:58', '0000-00-00 00:00:00', '0000-00-00 00:00:00'),
(611, '54a3d5a8-8378-4593-9cd7-0eb4a9baf6a0', 'DIGHINALA (KHAGRACHARI),	KHAGRACHARI', 'à¦¦à¦¿à¦˜à§€à¦¨à¦¾à¦²à¦¾(à¦–à¦¾à¦—à§œà¦¾à¦›à§œà¦¿),à¦–à¦¾à¦—à§œà¦¾à¦›à§œà¦¿', '', 1, 1, 0, 0, '2014-12-31 11:53:28', '0000-00-00 00:00:00', '0000-00-00 00:00:00'),
(612, '54a3d5e3-3fe4-4f59-8ce9-0eb4a9baf6a0', 'KHAGRACHARI(KHAGRACHARI),	KHAGRACHARI', 'à¦–à¦¾à¦—à§œà¦¾à¦›à§œà¦¿(à¦–à¦¾à¦—à§œà¦¾à¦›à§œà¦¿),à¦–à¦¾à¦—à§œà¦¾à¦›à§œà¦¿', '', 1, 1, 0, 0, '2014-12-31 11:54:27', '0000-00-00 00:00:00', '0000-00-00 00:00:00'),
(613, '54a3d61b-7398-47ec-8b6c-0eb4a9baf6a0', 'MAHALCHARI (KHAGRACHARI),	KHAGRACHARI', 'à¦®à¦¹à¦²à¦›à§œà¦¿(à¦–à¦¾à¦—à§œà¦¾à¦›à§œà¦¿),à¦–à¦¾à¦—à§œà¦¾à¦›à§œà¦¿', '', 1, 1, 0, 0, '2014-12-31 11:55:23', '0000-00-00 00:00:00', '0000-00-00 00:00:00'),
(614, '54a3d64a-9c94-4fc6-a0f9-0eb4a9baf6a0', 'MANIKCHARI (KHAGRACHARI),	KHAGRACHARI', 'à¦®à¦¾à¦¨à¦¿à¦•à¦›à§œà¦¿(à¦–à¦¾à¦—à§œà¦¾à¦›à§œà¦¿),à¦–à¦¾à¦—à§œà¦¾à¦›à§œà¦¿', '', 1, 1, 0, 0, '2014-12-31 11:56:10', '0000-00-00 00:00:00', '0000-00-00 00:00:00'),
(615, '54a3d676-9ae4-4f12-80ee-0eb4a9baf6a0', 'MATIRANGA (KHAGRACHARI),	KHAGRACHARI', 'à¦®à¦¾à¦¤à§ƒà¦°à¦¾à¦™à§à¦—à¦¾(à¦–à¦¾à¦—à§œà¦¾à¦›à§œà¦¿),à¦–à¦¾à¦—à§œà¦¾à¦›à§œà¦¿', '', 1, 1, 0, 0, '2014-12-31 11:56:54', '0000-00-00 00:00:00', '0000-00-00 00:00:00'),
(616, '54a3d699-7a68-41af-ae81-0eb4a9baf6a0', 'RAMGARH (KHAGRACHARI),	KHAGRACHARI', 'à¦°à¦¾à¦®à¦—à§œ(à¦–à¦¾à¦—à§œà¦¾à¦›à§œà¦¿),à¦–à¦¾à¦—à§œà¦¾à¦›à§œà¦¿', '', 1, 1, 0, 0, '2014-12-31 11:57:29', '0000-00-00 00:00:00', '0000-00-00 00:00:00'),
(617, '54a3d6bb-3c9c-47a8-9b98-0eb4a9baf6a0', 'BANIAKHALI BAZAR,	KHULNA', 'à¦¬à¦¾à¦¨à¦¿à§Ÿà¦¾à¦–à¦¾à¦²à§€ à¦¬à¦¾à¦œà¦¾à¦°,à¦–à§à¦²à¦¨à¦¾', '', 1, 1, 0, 0, '2014-12-31 11:58:03', '0000-00-00 00:00:00', '0000-00-00 00:00:00'),
(618, '54a3d6d5-f9e8-463f-9cb4-0eb4a9baf6a0', 'BATIAGHATA,	KHULNA', 'à¦¬à¦¾à¦Ÿà¦¿à§Ÿà¦¾à¦˜à¦¾à¦Ÿà¦¾,à¦–à§à¦²à¦¨à¦¾', '', 1, 1, 0, 0, '2014-12-31 11:58:29', '0000-00-00 00:00:00', '0000-00-00 00:00:00'),
(619, '54a4d4e0-6bd0-471c-9974-074ca9baf6a0', 'BOYRA,	KHULNA', 'à¦¬à§Ÿà¦°à¦¾,à¦–à§à¦²à¦¨à¦¾', '', 1, 1, 0, 0, '2015-01-01 06:02:24', '0000-00-00 00:00:00', '0000-00-00 00:00:00'),
(620, '54a4d4f9-f60c-47f2-98a3-074ca9baf6a0', 'CHALNA BAZAR,	KHULNA', 'à¦šà¦¾à¦²à¦¨à¦¾ à¦¬à¦¾à¦œà¦¾à¦°,à¦–à§à¦²à¦¨à¦¾', '', 1, 1, 0, 0, '2015-01-01 06:02:49', '0000-00-00 00:00:00', '0000-00-00 00:00:00'),
(621, '54a4d517-8000-405c-af88-074ca9baf6a0', 'CUSTOM HOUSE (KHULNA),	KHULNA', 'à¦•à¦¾à¦¸à§à¦Ÿà¦® à¦¹à¦¾à¦‰à¦œ (à¦–à§à¦²à¦¨à¦¾),à¦–à§à¦²à¦¨à¦¾', '', 1, 1, 0, 0, '2015-01-01 06:03:19', '0000-00-00 00:00:00', '0000-00-00 00:00:00'),
(622, '54a4d52f-f124-40a7-8be4-074ca9baf6a0', 'DAULATPUR,	KHULNA', 'à¦¦à§Œà¦²à¦¤à¦ªà§à¦°,à¦–à§à¦²à¦¨à¦¾', '', 1, 1, 0, 0, '2015-01-01 06:03:43', '0000-00-00 00:00:00', '0000-00-00 00:00:00'),
(623, '54a4d54c-2be4-49bb-912f-074ca9baf6a0', 'DAULATPUR COLLEGE ROAD,	KHULNA', 'à¦¦à§Œà¦²à¦¤à¦ªà§à¦° à¦•à¦²à§‡à¦œ à¦°à§‹à¦¡,à¦–à§à¦²à¦¨à¦¾', '', 1, 1, 0, 0, '2015-01-01 06:04:12', '0000-00-00 00:00:00', '0000-00-00 00:00:00'),
(624, '54a4d565-9518-4e91-8840-074ca9baf6a0', 'DIGHOLIA,	KHULNA', 'à¦¦à§€à¦˜à¦²à¦¿à§Ÿà¦¾,à¦–à§à¦²à¦¨à¦¾', '', 1, 1, 0, 0, '2015-01-01 06:04:37', '0000-00-00 00:00:00', '0000-00-00 00:00:00'),
(625, '54a4d57d-bd80-4476-9511-074ca9baf6a0', 'DUMURIA,	KHULNA', 'à¦¡à§à¦®à§à¦°à¦¿à§Ÿà¦¾,à¦–à§à¦²à¦¨à¦¾', '', 1, 1, 0, 0, '2015-01-01 06:05:01', '0000-00-00 00:00:00', '0000-00-00 00:00:00'),
(626, '54a4d9d6-8b30-4cfa-a0cc-074ca9baf6a0', 'K.D.A.NEW MARKET,	KHULNA', 'à¦•à§‡.à¦¡à¦¿.à¦. à¦¨à¦¿à¦‰ à¦®à¦¾à¦°à§à¦•à§‡à¦Ÿ,à¦–à§à¦²à¦¨à¦¾', '', 1, 1, 0, 0, '2015-01-01 06:23:34', '0000-00-00 00:00:00', '0000-00-00 00:00:00'),
(627, '54a4d9ed-5698-445d-8766-074ca9baf6a0', 'KAZDIA,	KHULNA', 'à¦•à¦¾à¦œà¦¦à¦¿à§Ÿà¦¾,à¦–à§à¦²à¦¨à¦¾', '', 1, 1, 0, 0, '2015-01-01 06:23:57', '0000-00-00 00:00:00', '0000-00-00 00:00:00'),
(628, '54a4da06-51ec-4fed-a39b-074ca9baf6a0', 'KHALISHPUR,	KHULNA', 'à¦–à¦¾à¦²à¦¿à¦¶à¦ªà§à¦°,à¦–à§à¦²à¦¨à¦¾', '', 1, 1, 0, 0, '2015-01-01 06:24:22', '0000-00-00 00:00:00', '0000-00-00 00:00:00'),
(629, '54a4da24-b488-441b-bb4a-074ca9baf6a0', 'KHULNA CORPORATE BR.,	KHULNA', 'à¦–à§à¦²à¦¨à¦¾ à¦•à¦°à§à¦ªà§‹à¦°à§‡à¦Ÿ à¦¬à¦¿à¦†à¦°.,à¦–à§à¦²à¦¨à¦¾', '', 1, 1, 0, 0, '2015-01-01 06:24:52', '0000-00-00 00:00:00', '0000-00-00 00:00:00'),
(630, '54a4da43-cb3c-42d9-af5b-074ca9baf6a0', 'KHULNA SHIPYARD,	KHULNA', 'à¦–à§à¦²à¦¨à¦¾ à¦¶à¦¿à¦ªà¦‡à§Ÿà¦¾à¦°à§à¦¡,à¦–à§à¦²à¦¨à¦¾', '', 1, 1, 0, 0, '2015-01-01 06:25:23', '0000-00-00 00:00:00', '0000-00-00 00:00:00'),
(631, '54a4da5c-d01c-4b2d-9568-074ca9baf6a0', 'KOYRA,	KHULNA', 'à¦•à§Ÿà§œà¦¾,à¦–à§à¦²à¦¨à¦¾', '', 1, 1, 0, 0, '2015-01-01 06:25:48', '0000-00-00 00:00:00', '0000-00-00 00:00:00'),
(632, '54a4da78-d564-4c55-90e9-074ca9baf6a0', 'PAIKGACHA,	KHULNA', 'à¦ªà¦¾à¦‡à¦•à¦—à¦¾à¦›à¦¾,à¦–à§à¦²à¦¨à¦¾', '', 1, 1, 0, 0, '2015-01-01 06:26:16', '0000-00-00 00:00:00', '0000-00-00 00:00:00'),
(633, '54a4da92-6b44-45a3-9db4-074ca9baf6a0', 'PHULBARIGATE,	KHULNA', 'à¦«à§à¦²à¦¬à¦¾à§œà¦¿ à¦—à§‡à¦Ÿ,à¦–à§à¦²à¦¨à¦¾', '', 1, 1, 0, 0, '2015-01-01 06:26:42', '0000-00-00 00:00:00', '0000-00-00 00:00:00'),
(634, '54a4daa9-5088-40c4-bd8e-074ca9baf6a0', 'PHULTALA,	KHULNA', 'à¦«à§à¦²à¦¤à¦²à¦¾,à¦–à§à¦²à¦¨à¦¾', '', 1, 1, 0, 0, '2015-01-01 06:27:05', '0000-00-00 00:00:00', '0000-00-00 00:00:00'),
(635, '54a4dac3-a9fc-4e5e-b8c9-074ca9baf6a0', 'SHAHPUR (KHULNA),	KHULNA', 'à¦¶à¦¾à¦¹à¦ªà§à¦° (à¦–à§à¦²à¦¨à¦¾),à¦–à§à¦²à¦¨à¦¾', '', 1, 1, 0, 0, '2015-01-01 06:27:31', '0000-00-00 00:00:00', '0000-00-00 00:00:00'),
(636, '54a4dae8-7168-434e-b75c-074ca9baf6a0', 'SHIROMONI INDUSTRIAL AREA,	KHULNA', 'à¦¶à¦¿à¦°à¦®à¦£à¦¿ à¦‡à¦¨à§à¦¡à¦¾à¦¸à§à¦Ÿà§à¦°à¦¿à§Ÿà¦¾à¦² à¦à¦²à¦¾à¦•à¦¾,à¦–à§à¦²à¦¨à¦¾', '', 1, 1, 0, 0, '2015-01-01 06:28:08', '0000-00-00 00:00:00', '0000-00-00 00:00:00'),
(637, '54a4db03-83e0-4826-a2af-074ca9baf6a0', 'SIR IQBAL ROAD	,KHULNA', 'à¦¸à§à¦¯à¦¾à¦° à¦‡à¦•à¦¬à¦¾à¦² à¦°à§‹à¦¡,à¦–à§à¦²à¦¨à¦¾', '', 1, 1, 0, 0, '2015-01-01 06:28:35', '0000-00-00 00:00:00', '0000-00-00 00:00:00'),
(638, '54a4db2b-7160-466a-8ebc-074ca9baf6a0', 'SOUTH CENTRAL ROAD,	KHULNA', 'à¦¸à¦¾à¦‰à¦¥ à¦¸à§‡à¦¨à§à¦Ÿà§à¦°à¦¾à¦² à¦°à§‹à¦¡,à¦–à§à¦²à¦¨à¦¾', '', 1, 1, 0, 0, '2015-01-01 06:29:15', '0000-00-00 00:00:00', '0000-00-00 00:00:00'),
(639, '54a4db4e-5218-40ff-b1a3-074ca9baf6a0', 'TEROKHADA,	KHULNA', 'à¦¤à§‡à¦°à§‹à¦–à¦¾à¦¦à¦¾,à¦–à§à¦²à¦¨à¦¾', '', 1, 1, 0, 0, '2015-01-01 06:29:50', '0000-00-00 00:00:00', '0000-00-00 00:00:00'),
(640, '54a4db84-eadc-4f28-ad1d-074ca9baf6a0', 'AUSTAGRAM,	KISHOREGONJ', 'à¦…à¦·à§à¦Ÿà¦—à§à¦°à¦¾à¦®,à¦•à¦¿à¦¶à§‹à¦°à¦—à¦žà§à¦œ', '', 1, 1, 0, 0, '2015-01-01 06:30:44', '0000-00-00 00:00:00', '0000-00-00 00:00:00'),
(641, '54a4dbad-da0c-407c-8c8e-074ca9baf6a0', 'BAJITPUR,	KISHOREGONJ', 'à¦¬à¦¾à¦œà¦¿à¦¤à¦ªà§à¦°,à¦•à¦¿à¦¶à§‹à¦°à¦—à¦žà§à¦œ', '', 1, 1, 0, 0, '2015-01-01 06:31:25', '0000-00-00 00:00:00', '0000-00-00 00:00:00'),
(642, '54a4dbc6-6b5c-4203-9eec-074ca9baf6a0', 'BHAIRAB,	KISHOREGONJ', 'à¦­à§ˆà¦°à¦¬,à¦•à¦¿à¦¶à§‹à¦°à¦—à¦žà§à¦œ', '', 1, 1, 0, 0, '2015-01-01 06:31:50', '0000-00-00 00:00:00', '0000-00-00 00:00:00'),
(643, '54a4dc51-c240-497b-8f42-074ca9baf6a0', 'CHAYSHUTI,	KISHOREGONJ', 'à¦›à§Ÿà¦·à¦Ÿà§à¦Ÿà¦¿,à¦•à¦¿à¦¶à§‹à¦°à¦—à¦žà§à¦œ', '', 1, 1, 0, 0, '2015-01-01 06:34:09', '0000-00-00 00:00:00', '0000-00-00 00:00:00'),
(644, '54a4dc78-5d00-445f-a594-074ca9baf6a0', 'DOMRAKANDA,	KISHOREGONJ', 'à¦¦à§‹à¦®à§œà¦¾à¦•à¦¾à¦¨à§à¦¦à¦¾,à¦•à¦¿à¦¶à§‹à¦°à¦—à¦žà§à¦œ', '', 1, 1, 0, 0, '2015-01-01 06:34:48', '0000-00-00 00:00:00', '0000-00-00 00:00:00'),
(645, '54a4dc96-9240-4dfe-8509-074ca9baf6a0', 'HOSSAINPUR,	KISHOREGONJ', 'à¦¹à§‹à¦¸à§‡à¦¨à¦ªà§à¦°,à¦•à¦¿à¦¶à§‹à¦°à¦—à¦žà§à¦œ', '', 1, 1, 0, 0, '2015-01-01 06:35:18', '0000-00-00 00:00:00', '0000-00-00 00:00:00'),
(646, '54a4dcb3-7c04-4925-98e9-074ca9baf6a0', 'ITNA,	KISHOREGONJ', 'à¦‡à¦Ÿà¦¨à¦¾,à¦•à¦¿à¦¶à§‹à¦°à¦—à¦žà§à¦œ', '', 1, 1, 0, 0, '2015-01-01 06:35:47', '0000-00-00 00:00:00', '0000-00-00 00:00:00'),
(647, '54a4dce7-7ce8-4b8b-91b3-074ca9baf6a0', 'KALIACHAPRA,	KISHOREGONJ', 'à¦•à¦¾à¦²à¦¿à§Ÿà¦¾à¦šà§‹à¦ªà§œà¦¾,à¦•à¦¿à¦¶à§‹à¦°à¦—à¦žà§à¦œ', '', 1, 1, 0, 0, '2015-01-01 06:36:39', '0000-00-00 00:00:00', '0000-00-00 00:00:00'),
(648, '54a4dd13-bf98-4e34-aee4-074ca9baf6a0', 'KARIMGONJ,	KISHOREGONJ', 'à¦•à¦°à¦¿à¦®à¦—à¦žà§à¦œ,à¦•à¦¿à¦¶à§‹à¦°à¦—à¦žà§à¦œ', '', 1, 1, 0, 0, '2015-01-01 06:37:23', '0000-00-00 00:00:00', '0000-00-00 00:00:00'),
(649, '54a4e905-3604-4284-a30a-074cc0a8010b', 'KATIADI,	KISHOREGONJ', 'à¦•à¦Ÿà¦¿à§Ÿà¦¾à¦¦à¦¿,à¦•à¦¿à¦¶à§‹à¦°à¦—à¦žà§à¦œ', '', 1, 1, 0, 0, '2015-01-01 07:28:21', '0000-00-00 00:00:00', '0000-00-00 00:00:00'),
(650, '54a4e941-0f30-4cd6-8b7a-074ca9baf6a0', 'KISHOREGONJ,	KISHOREGONJ', 'à¦•à¦¿à¦¶à§‹à¦°à¦—à¦žà§à¦œ,à¦•à¦¿à¦¶à§‹à¦°à¦—à¦žà§à¦œ', '', 1, 1, 0, 0, '2015-01-01 07:29:21', '0000-00-00 00:00:00', '0000-00-00 00:00:00'),
(651, '54a4e9b3-f0b4-43cb-844b-074ca9baf6a0', 'KULIARCHAR,	KISHOREGONJ', 'à¦•à§à¦²à¦¿à§Ÿà¦¾à¦°à¦šà¦°,à¦•à¦¿à¦¶à§‹à¦°à¦—à¦žà§à¦œ', '', 1, 1, 0, 0, '2015-01-01 07:31:15', '0000-00-00 00:00:00', '0000-00-00 00:00:00'),
(652, '54aa20c0-432c-4cb6-bf8f-10c4a9baf6a0', 'MITAMAIN,	KISHOREGONJ', 'à¦®à¦¿à¦ à¦¾à¦®à¦¾à¦‡à¦¨,à¦•à¦¿à¦¶à§‹à¦°à¦—à¦žà§à¦œ', '', 1, 1, 0, 0, '2015-01-05 06:27:28', '0000-00-00 00:00:00', '0000-00-00 00:00:00'),
(653, '54aa20f7-9a68-4449-ae93-10c4a9baf6a0', 'NIAMATPUR (KISHOREGONJ),	KISHOREGONJ', 'à¦¨à¦¿à§Ÿà¦¾à¦®à¦¤à¦ªà§à¦°(à¦•à¦¿à¦¶à§‹à¦°à¦—à¦žà§à¦œ),à¦•à¦¿à¦¶à§‹à¦°à¦—à¦žà§à¦œ', '', 1, 1, 0, 0, '2015-01-05 06:28:23', '0000-00-00 00:00:00', '0000-00-00 00:00:00'),
(654, '54aa236a-4428-43f6-af96-10c4a9baf6a0', 'NIKLY,	KISHOREGONJ', 'à¦¨à¦¿à¦•à¦²à§€,à¦•à¦¿à¦¶à§‹à¦°à¦—à¦žà§à¦œ', '', 1, 1, 0, 0, '2015-01-05 06:38:50', '0000-00-00 00:00:00', '0000-00-00 00:00:00'),
(655, '54aa2389-08fc-46b1-b935-10c4a9baf6a0', 'PAKUNDIA,	KISHOREGONJ', 'à¦ªà¦¾à¦•à§à¦¨à§à¦¦à¦¿à§Ÿà¦¾,à¦•à¦¿à¦¶à§‹à¦°à¦—à¦žà§à¦œ', '', 1, 1, 0, 0, '2015-01-05 06:39:21', '0000-00-00 00:00:00', '0000-00-00 00:00:00'),
(656, '54aa23e1-f9e0-4e1d-8612-10c4a9baf6a0', 'TARAIL,	KISHOREGONJ', 'à¦¤à¦¾à§œà¦¾à¦‡à¦²,à¦•à¦¿à¦¶à§‹à¦°à¦—à¦žà§à¦œ', '', 1, 1, 0, 0, '2015-01-05 06:40:49', '0000-00-00 00:00:00', '0000-00-00 00:00:00'),
(657, '54aa286b-3cf0-460d-8394-10c4a9baf6a0', 'BHURUNGAMARI,	KURIGRAM', 'à¦¬à§à¦°à§à¦™à§à¦—à¦¾à¦®à¦¾à¦°à§€,à¦•à§à§œà¦¿à¦—à§à¦°à¦¾à¦®', '', 1, 1, 0, 0, '2015-01-05 07:00:11', '0000-00-00 00:00:00', '0000-00-00 00:00:00'),
(658, '54aa2898-0010-471c-8ddd-10c4a9baf6a0', 'Burimari Br.,	Kurigram', 'à¦¬à§à§œà¦¿à¦®à¦¾à¦°à§€ à¦¬à¦¿à¦†à¦°.,à¦•à§à§œà¦¿à¦—à§à¦°à¦¾à¦®', '', 1, 1, 0, 0, '2015-01-05 07:00:56', '0000-00-00 00:00:00', '0000-00-00 00:00:00'),
(659, '54aa28b4-fc68-4eac-b638-10c4a9baf6a0', 'CHILMARI,	KURIGRAM', 'à¦šà¦¿à¦²à¦®à¦¾à¦°à§€,à¦•à§à§œà¦¿à¦—à¦¾à¦®', '', 1, 1, 0, 0, '2015-01-05 07:01:24', '0000-00-00 00:00:00', '0000-00-00 00:00:00'),
(660, '54aa28dc-f73c-4294-92b9-10c4a9baf6a0', 'FULBARI(KURIGRAM),	KURIGRAM', 'à¦«à§à¦²à¦¬à¦¾à§œà¦¿(à¦•à§à§œà¦¿à¦—à§à¦°à¦¾à¦®),à¦•à§à§œà¦¿à¦—à§à¦°à¦¾à¦®', '', 1, 1, 0, 0, '2015-01-05 07:02:04', '0000-00-00 00:00:00', '0000-00-00 00:00:00'),
(661, '54aa28fb-874c-4d91-8853-10c4a9baf6a0', 'KURIGRAM,	KURIGRAM', 'à¦•à§à§œà¦¿à¦—à§à¦°à¦¾à¦®,à¦•à§à§œà¦¿à¦—à§à¦°à¦¾à¦®', '', 1, 1, 0, 0, '2015-01-05 07:02:35', '0000-00-00 00:00:00', '0000-00-00 00:00:00'),
(662, '54aa2918-46f4-4208-9d97-10c4a9baf6a0', 'NAGESWARI,	KURIGRAM', 'à¦¨à¦¾à¦—à§‡à¦¶à§à¦¬à¦°à§€,à¦•à§à§œà¦¿à¦—à§à¦°à¦¾à¦®', '', 1, 1, 0, 0, '2015-01-05 07:03:04', '0000-00-00 00:00:00', '0000-00-00 00:00:00'),
(663, '54aa2931-8228-4911-98f2-10c4a9baf6a0', 'RAJARHAT,	KURIGRAM', 'à¦°à¦¾à¦œà¦¾à¦°à¦¹à¦¾à¦Ÿ,à¦•à§à§œà¦¿à¦—à§à¦°à¦¾à¦®', '', 1, 1, 0, 0, '2015-01-05 07:03:29', '0000-00-00 00:00:00', '0000-00-00 00:00:00'),
(664, '54aa2949-cce0-435e-b905-10c4a9baf6a0', 'RAJIBPUR,	KURIGRAM', 'à¦°à¦¾à¦œà¦¿à¦¬à¦ªà§à¦°,à¦•à§à§œà¦¿à¦—à§à¦°à¦¾à¦®', '', 1, 1, 0, 0, '2015-01-05 07:03:53', '0000-00-00 00:00:00', '0000-00-00 00:00:00'),
(665, '54aa2963-4868-4e8d-9c3e-10c4a9baf6a0', 'ROWMARI,	KURIGRAM', 'à¦°à§Œà¦®à¦¾à¦°à§€,à¦•à§à§œà¦¿à¦—à§à¦°à¦¾à¦®', '', 1, 1, 0, 0, '2015-01-05 07:04:19', '0000-00-00 00:00:00', '0000-00-00 00:00:00'),
(666, '54aa297f-7ad8-4f3e-82b1-10c4a9baf6a0', 'ULIPUR,	KURIGRAM', 'à¦‰à¦²à¦¿à¦ªà§à¦°,à¦•à§à§œà¦¿à¦—à§à¦°à¦¾à¦®', '', 1, 1, 0, 0, '2015-01-05 07:04:47', '0000-00-00 00:00:00', '0000-00-00 00:00:00'),
(667, '54aa299c-d434-4898-9da0-10c4a9baf6a0', 'AMLA,	KUSHTIA', 'à¦†à¦®à¦²à¦¾,à¦•à§à¦·à§à¦Ÿà¦¿à§Ÿà¦¾', '', 1, 1, 0, 0, '2015-01-05 07:05:16', '0000-00-00 00:00:00', '0000-00-00 00:00:00'),
(668, '54aa29b5-44d0-490e-a295-10c4a9baf6a0', 'BHERAMARA,	KUSHTIA', 'à¦­à§‡à§œà¦¾à¦®à¦¾à¦°à¦¾,à¦•à§à¦·à§à¦Ÿà¦¿à§Ÿà¦¾', '', 1, 1, 0, 0, '2015-01-05 07:05:41', '0000-00-00 00:00:00', '0000-00-00 00:00:00'),
(669, '54aa29d5-8b90-44df-adc7-10c4a9baf6a0', 'BHERAMARA POWER STATION,	KUSHTIA', 'à¦­à§‡à§œà¦¾à¦®à¦¾à¦°à¦¾ à¦ªà¦¾à¦“à§Ÿà¦¾à¦° à¦¸à§à¦Ÿà§‡à¦¶à¦¨,à¦•à§à¦·à§à¦Ÿà¦¿à§Ÿà¦¾', '', 1, 1, 0, 0, '2015-01-05 07:06:13', '0000-00-00 00:00:00', '0000-00-00 00:00:00'),
(670, '54aa2a00-4c2c-4922-ae7a-10c4a9baf6a0', 'COURT BUILDING (KUSHTIA),	KUSHTIA', 'à¦•à§‹à¦°à§à¦Ÿ à¦¬à¦¿à¦²à§à¦¡à¦¿à¦‚(à¦•à§à¦·à§à¦Ÿà¦¿à§Ÿà¦¾),à¦•à§à¦·à§à¦Ÿà¦¿à§Ÿà¦¾', '', 1, 1, 0, 0, '2015-01-05 07:06:56', '0000-00-00 00:00:00', '0000-00-00 00:00:00'),
(671, '54aa2a2a-38dc-45cd-b5fd-10c4a9baf6a0', 'DAULATPUR (KUSHTIA),	KUSHTIA', 'à¦¦à§Œà¦²à¦¤à¦ªà§à¦°(à¦•à§à¦·à§à¦Ÿà¦¿à§Ÿà¦¾),à¦•à§à¦·à§à¦Ÿà¦¿à§Ÿà¦¾', '', 1, 1, 0, 0, '2015-01-05 07:07:38', '0000-00-00 00:00:00', '0000-00-00 00:00:00'),
(672, '54aa2a45-4284-4d6b-99bf-10c4a9baf6a0', 'DOHAKULA,	KUSHTIA', 'à¦¦à§‹à¦¹à¦¾à¦•à§à¦²à¦¾,à¦•à§à¦·à§à¦Ÿà¦¿à§Ÿà¦¾', '', 1, 1, 0, 0, '2015-01-05 07:08:05', '0000-00-00 00:00:00', '0000-00-00 00:00:00'),
(673, '54aa2aa9-a4f4-43e9-b53e-10c4a9baf6a0', 'EKTERPURHAT,	KUSHTIA', 'à¦à¦•à¦¤à¦¾à¦°à¦ªà§à¦°à¦¹à¦¾à¦Ÿ,à¦•à§à¦·à§à¦Ÿà¦¿à§Ÿà¦¾', '', 1, 1, 0, 0, '2015-01-05 07:09:45', '0000-00-00 00:00:00', '0000-00-00 00:00:00'),
(674, '54aa2ac3-d36c-4737-a635-10c4a9baf6a0', 'HALSHA,	KUSHTIA', 'à¦¹à¦¾à¦²à¦¶à¦¾,à¦•à§à¦·à§à¦Ÿà¦¿à§Ÿà¦¾', '', 1, 1, 0, 0, '2015-01-05 07:10:11', '0000-00-00 00:00:00', '0000-00-00 00:00:00'),
(675, '54aa2adf-1ecc-40b0-a3b1-10c4a9baf6a0', 'HARINARAYANPUR,	KUSHTIA', 'à¦¹à¦°à¦¿à¦¨à¦¾à¦°à¦¾à§Ÿà¦£à¦ªà§à¦°,à¦•à§à¦·à§à¦Ÿà¦¿à§Ÿà¦¾', '', 1, 1, 0, 0, '2015-01-05 07:10:39', '0000-00-00 00:00:00', '0000-00-00 00:00:00'),
(676, '54aa2af9-02d0-462c-bd41-10c4a9baf6a0', 'KAYA BAZAR,	KUSHTIA', 'à¦•à¦¾à§Ÿà¦¾ à¦¬à¦¾à¦œà¦¾à¦°,à¦•à§à¦·à§à¦Ÿà¦¿à§Ÿà¦¾', '', 1, 1, 0, 0, '2015-01-05 07:11:05', '0000-00-00 00:00:00', '0000-00-00 00:00:00'),
(677, '54aa2b17-e2e4-41c0-8454-10c4a9baf6a0', 'KHOKSHA,	KUSHTIA', 'à¦–à§‹à¦•à¦¶à¦¾,à¦•à§à¦·à§à¦Ÿà¦¿à§Ÿà¦¾', '', 1, 1, 0, 0, '2015-01-05 07:11:35', '0000-00-00 00:00:00', '0000-00-00 00:00:00'),
(678, '54aa2b32-c270-47d0-848c-10c4a9baf6a0', 'KUMARKHALI,	KUSHTIA', 'à¦•à§à¦®à¦¾à¦°à¦–à¦¾à¦²à§€,à¦•à§à¦·à§à¦Ÿà¦¿à§Ÿà¦¾', '', 1, 1, 0, 0, '2015-01-05 07:12:02', '0000-00-00 00:00:00', '0000-00-00 00:00:00'),
(679, '54aa2b5b-e718-457c-bcf2-10c4a9baf6a0', 'KUMARKHALI UPA ZILLA COMPLEX,	KUSHTIA', 'à¦•à§à¦®à¦¾à¦°à¦–à¦¾à¦²à§€ à¦‰à¦ªà¦œà§‡à¦²à¦¾ à¦•à¦®à¦ªà§à¦²à§‡à¦•à§à¦¸,à¦•à§à¦·à§à¦Ÿà¦¿à§Ÿà¦¾', '', 1, 1, 0, 0, '2015-01-05 07:12:43', '0000-00-00 00:00:00', '0000-00-00 00:00:00'),
(680, '54aa2b72-321c-4674-9ee7-10c4a9baf6a0', 'KUSHTIA,	KUSHTIA', 'à¦•à§à¦·à§à¦Ÿà¦¿à§Ÿà¦¾,à¦•à§à¦·à§à¦Ÿà¦¿à§Ÿà¦¾', '', 1, 1, 0, 0, '2015-01-05 07:13:06', '0000-00-00 00:00:00', '0000-00-00 00:00:00'),
(681, '54aa2b94-07cc-493b-8164-10c4a9baf6a0', 'KUSHTIA SUGAR MILLS BR.,	KUSHTIA', 'à¦•à§à¦·à§à¦Ÿà¦¿à§Ÿà¦¾ à¦¸à§à¦—à¦¾à¦° à¦®à¦¿à¦²à¦¸ à¦¬à¦¿à¦†à¦°.,à¦•à§à¦·à§à¦Ÿà¦¿à§Ÿà¦¾', '', 1, 1, 0, 0, '2015-01-05 07:13:40', '0000-00-00 00:00:00', '0000-00-00 00:00:00'),
(682, '54aa2bb2-f180-4620-ab1b-10c4a9baf6a0', 'MIRPUR (KHUSTIA),	KUSHTIA', 'à¦®à¦¿à¦°à¦ªà§à¦°(à¦•à§à¦·à§à¦Ÿà¦¿à§Ÿà¦¾),à¦•à§à¦·à§à¦Ÿà¦¿à§Ÿà¦¾', '', 1, 1, 0, 0, '2015-01-05 07:14:10', '0000-00-00 00:00:00', '0000-00-00 00:00:00'),
(683, '54aa2bcd-c354-479a-ae02-10c4a9baf6a0', 'MODHUPUR BAZAR,	KUSHTIA', 'à¦®à¦§à§à¦ªà§à¦° à¦¬à¦¾à¦œà¦¾à¦°,à¦•à§à¦·à§à¦Ÿà¦¿à§Ÿà¦¾', '', 1, 1, 0, 0, '2015-01-05 07:14:37', '0000-00-00 00:00:00', '0000-00-00 00:00:00'),
(684, '54aa2be8-0014-4956-be40-10c4a9baf6a0', 'N.S.ROAD,	KUSHTIA', 'à¦à¦¨.à¦à¦¸.à¦°à§‹à¦¡,à¦•à§à¦·à§à¦Ÿà¦¿à§Ÿà¦¾', '', 1, 1, 0, 0, '2015-01-05 07:15:04', '0000-00-00 00:00:00', '0000-00-00 00:00:00'),
(685, '54aa2c02-c5e4-4e42-98d1-10c4a9baf6a0', 'NANDALALPUR,	KUSHTIA', 'à¦¨à¦¨à§à¦¦à¦²à¦¾à¦²à¦ªà§à¦°,à¦•à§à¦·à§à¦Ÿà¦¿à§Ÿà¦¾', '', 1, 1, 0, 0, '2015-01-05 07:15:30', '0000-00-00 00:00:00', '0000-00-00 00:00:00'),
(686, '54aa2c1d-cd68-4cad-9804-10c4a9baf6a0', 'PASHCHIM ABDALPUR,	KUSHTIA', 'à¦ªà¦¶à§à¦šà¦¿à¦® à¦†à¦¬à¦¦à¦¾à¦²à¦ªà§à¦°,à¦•à§à¦·à§à¦Ÿà¦¿à§Ÿà¦¾', '', 1, 1, 0, 0, '2015-01-05 07:15:57', '0000-00-00 00:00:00', '0000-00-00 00:00:00'),
(687, '54aa2c37-01b8-4941-95a2-10c4a9baf6a0', 'PORADAH,	KUSHTIA', 'à¦ªà¦°à§à¦¦à¦¾à¦¹,à¦•à§à¦·à§à¦Ÿà¦¿à§Ÿà¦¾', '', 1, 1, 0, 0, '2015-01-05 07:16:23', '0000-00-00 00:00:00', '0000-00-00 00:00:00'),
(688, '54aa2c67-e0c0-4180-b3e9-10c4a9baf6a0', 'SAMOSPUR,	KUSHTIA', 'à¦¶à¦¾à¦®à¦¸à¦ªà§à¦°,à¦•à§à¦·à§à¦Ÿà¦¿à§Ÿà¦¾', '', 1, 1, 0, 0, '2015-01-05 07:17:11', '0000-00-00 00:00:00', '0000-00-00 00:00:00'),
(689, '54aa2cf0-eb34-46e8-8594-10c4a9baf6a0', 'ADITHMARI (LALMONIRHAT),	LALMONIRHAT', 'à¦…à¦¦à¦¿à¦¤à¦®à¦¾à¦°à§€(à¦²à¦¾à¦²à¦®à¦¨à¦¿à¦°à¦¹à¦¾à¦Ÿ),à¦²à¦¾à¦²à¦®à¦¨à¦¿à¦°à¦¹à¦¾à¦Ÿ', '', 1, 1, 0, 0, '2015-01-05 07:19:28', '0000-00-00 00:00:00', '0000-00-00 00:00:00'),
(690, '54aa4282-85d4-492f-9132-0850a9baf6a0', 'BARABARIHAT (LALMONIRHAT),	LALMONIRHAT', 'à¦¬à§œà¦¬à¦¾à§œà¦¿à¦¹à¦¾à¦Ÿ(à¦²à¦¾à¦²à¦®à¦¨à¦¿à¦°à¦¹à¦¾à¦Ÿ),à¦²à¦¾à¦²à¦®à¦¨à¦¿à¦°à¦¹à¦¾à¦Ÿ', '', 1, 1, 0, 0, '2015-01-05 08:51:30', '0000-00-00 00:00:00', '0000-00-00 00:00:00'),
(691, '54aa42b3-dff4-40cc-913e-0850a9baf6a0', 'HATIBANDHA (LALMONIRHAT),	LALMONIRHAT', 'à¦¹à¦¾à¦¤à¦¿à¦¬à¦¾à¦¨à§à¦§à¦¾(à¦²à¦¾à¦²à¦®à¦¨à¦¿à¦°à¦¹à¦¾à¦Ÿ),à¦²à¦¾à¦²à¦®à¦¨à¦¿à¦°à¦¹à¦¾à¦Ÿ', '', 1, 1, 0, 0, '2015-01-05 08:52:19', '0000-00-00 00:00:00', '0000-00-00 00:00:00'),
(692, '54aa42e0-9874-4bd7-8247-0850a9baf6a0', 'KALIGANJ (LALMONIRHAT),	LALMONIRHAT', 'à¦•à¦¾à¦²à¦¿à¦—à¦žà§à¦œ(à¦²à¦¾à¦²à¦®à¦¨à¦¿à¦°à¦¹à¦¾à¦Ÿ),à¦²à¦¾à¦²à¦®à¦¨à¦¿à¦°à¦¹à¦¾à¦Ÿ', '', 1, 1, 0, 0, '2015-01-05 08:53:04', '0000-00-00 00:00:00', '0000-00-00 00:00:00'),
(693, '54aa42ff-e840-4df9-9dd4-0850a9baf6a0', 'LALMONIRHAT,	LALMONIRHAT', 'à¦²à¦¾à¦²à¦®à¦¨à¦¿à¦°à¦¹à¦¾à¦Ÿ,à¦²à¦¾à¦²à¦®à¦¨à¦¿à¦°à¦¹à¦¾à¦Ÿ', '', 1, 1, 0, 0, '2015-01-05 08:53:35', '0000-00-00 00:00:00', '0000-00-00 00:00:00'),
(694, '54aa433f-6880-4166-a36a-0850a9baf6a0', 'MOHISH KHOCHA (LALMONIRHAT),	LALMONIRHAT', 'à¦®à¦¹à¦¿à¦¶ à¦–à§‹à¦›à¦¾(à¦²à¦¾à¦²à¦®à¦¨à¦¿à¦°à¦¹à¦¾à¦Ÿ),à¦²à¦¾à¦²à¦®à¦¨à¦¿à¦°à¦¹à¦¾à¦Ÿ', '', 1, 1, 0, 0, '2015-01-05 08:54:39', '0000-00-00 00:00:00', '0000-00-00 00:00:00'),
(695, '54aa435e-5dc8-4a2c-b1f7-0850a9baf6a0', 'PATGRAM (LALMONIRHAT),	LALMONIRHAT', 'à¦ªà¦¾à¦Ÿà¦—à§à¦°à¦¾à¦®(à¦²à¦¾à¦²à¦®à¦¨à¦¿à¦°à¦¹à¦¾à¦Ÿ),à¦²à¦¾à¦²à¦®à¦¨à¦¿à¦°à¦¹à¦¾à¦Ÿ', '', 1, 1, 0, 0, '2015-01-05 08:55:10', '0000-00-00 00:00:00', '0000-00-00 00:00:00'),
(696, '54aa438c-a710-4b91-ae69-0850a9baf6a0', 'BHAWANIGANJ BAZAR,	LAXMIPUR', 'à¦­à§‹à§Ÿà¦¾à¦¨à§€à¦—à¦žà§à¦œ à¦¬à¦¾à¦œà¦¾à¦°,à¦²à¦•à§à¦·à§€à¦ªà§à¦°', '', 1, 1, 0, 0, '2015-01-05 08:55:56', '0000-00-00 00:00:00', '0000-00-00 00:00:00'),
(697, '54aa4525-e378-4788-a500-0850a9baf6a0', 'CHANDRAGANJ,	LAXMIPUR', 'à¦šà¦¨à§à¦¦à§à¦°à¦—à¦žà§à¦œ,à¦²à¦•à§à¦·à§€à¦ªà§à¦°', '', 1, 1, 0, 0, '2015-01-05 09:02:45', '0000-00-00 00:00:00', '0000-00-00 00:00:00'),
(698, '54aa455d-ca84-4e91-80d2-0850a9baf6a0', 'CHAR ALEXANDER,	LAXMIPUR', 'à¦šà¦° à¦†à¦²à§‡à¦•à¦œà¦¾à¦¨à§à¦¡à¦¾à¦°,à¦²à¦•à§à¦·à§€à¦ªà§à¦°', '', 1, 1, 0, 0, '2015-01-05 09:03:41', '0000-00-00 00:00:00', '0000-00-00 00:00:00'),
(699, '54aa4575-cdcc-43dd-a125-0850a9baf6a0', 'CHAR LORENCE,	LAXMIPUR', 'à¦šà¦° à¦²à¦°à§‡à¦¨à§à¦¸,à¦²à¦•à§à¦·à§€à¦ªà§à¦°', '', 1, 1, 0, 0, '2015-01-05 09:04:05', '0000-00-00 00:00:00', '0000-00-00 00:00:00'),
(700, '54aa458f-4814-4780-9358-0850a9baf6a0', 'CHAR SITA,	LAXMIPUR', 'à¦šà¦° à¦¸à§€à¦¤à¦¾,à¦²à¦•à§à¦·à§€à¦ªà§à¦°', '', 1, 1, 0, 0, '2015-01-05 09:04:31', '0000-00-00 00:00:00', '0000-00-00 00:00:00'),
(701, '54aa45af-e71c-4b70-a84e-0850a9baf6a0', 'HAIDERGANJ,	LAXMIPUR', 'à¦¹à¦¾à§Ÿà¦¦à¦¾à¦°à¦—à¦žà§à¦œ,à¦²à¦•à§à¦·à§€à¦ªà§à¦°', '', 1, 1, 0, 0, '2015-01-05 09:05:03', '0000-00-00 00:00:00', '0000-00-00 00:00:00'),
(702, '54aa45cb-0328-47e5-9b55-0850a9baf6a0', 'HAJIR HAT,	LAXMIPUR', 'à¦¹à¦¾à¦œà¦¿à¦° à¦¹à¦¾à¦Ÿ,à¦²à¦•à§à¦·à§€à¦ªà§à¦°', '', 1, 1, 0, 0, '2015-01-05 09:05:31', '0000-00-00 00:00:00', '0000-00-00 00:00:00'),
(703, '54aa45e9-3484-4c39-8222-0850a9baf6a0', 'KANCHANPUR,	LAXMIPUR', 'à¦•à¦¾à¦žà§à¦šà¦¨à¦ªà§à¦°,à¦²à¦•à§à¦·à§€à¦ªà§à¦°', '', 1, 1, 0, 0, '2015-01-05 09:06:01', '0000-00-00 00:00:00', '0000-00-00 00:00:00'),
(704, '54aa4604-0608-4626-88d9-0850a9baf6a0', 'LAXMIPUR,	LAXMIPUR', 'à¦²à¦•à§à¦·à§€à¦ªà§à¦°,à¦²à¦•à§à¦·à§€à¦ªà§à¦°', '', 1, 1, 0, 0, '2015-01-05 09:06:28', '0000-00-00 00:00:00', '0000-00-00 00:00:00'),
(705, '54aa4619-6654-4e4b-bfde-0850a9baf6a0', 'RAIPUR,	LAXMIPUR', 'à¦°à¦¾à§Ÿà¦ªà§à¦°,à¦²à¦•à§à¦·à§€à¦ªà§à¦°', '', 1, 1, 0, 0, '2015-01-05 09:06:49', '0000-00-00 00:00:00', '0000-00-00 00:00:00'),
(706, '54aa4639-179c-4f24-9359-0850a9baf6a0', 'RAKHALIA BAZAR,	LAXMIPUR', 'à¦°à¦¾à¦–à¦¾à¦²à¦¿à§Ÿà¦¾ à¦¬à¦¾à¦œà¦¾à¦°,à¦²à¦•à§à¦·à§€à¦ªà§à¦°', '', 1, 1, 0, 0, '2015-01-05 09:07:21', '0000-00-00 00:00:00', '0000-00-00 00:00:00'),
(707, '54aa4655-cff0-4835-8e84-0850a9baf6a0', 'RAMGANJ,	LAXMIPUR', 'à¦°à¦¾à¦®à¦—à¦žà§à¦œ,à¦²à¦•à§à¦·à§€à¦ªà§à¦°', '', 1, 1, 0, 0, '2015-01-05 09:07:49', '0000-00-00 00:00:00', '0000-00-00 00:00:00'),
(708, '54aa5196-f91c-4246-b912-0850a9baf6a0', 'KULPADDI,	MADARIPUR', 'à¦•à§à¦²à¦ªà¦¦à§à¦¦à¦¿,à¦®à¦¾à¦¦à¦¾à¦°à§€à¦ªà§à¦°', '', 1, 1, 0, 0, '2015-01-05 09:55:50', '0000-00-00 00:00:00', '0000-00-00 00:00:00'),
(709, '54aa51c3-7e54-49aa-be7b-0850a9baf6a0', 'LADIES BRANCH (MADARIPUR),	MADARIPUR', 'à¦²à§‡à¦¡à¦¿à¦¸ à¦¬à§à¦°à¦¾à¦žà§à¦š(à¦®à¦¾à¦¦à¦¾à¦°à§€à¦ªà§à¦°),à¦®à¦¾à¦¦à¦¾à¦°à§€à¦ªà§à¦°', '', 1, 1, 0, 0, '2015-01-05 09:56:35', '0000-00-00 00:00:00', '0000-00-00 00:00:00'),
(710, '54aa51db-0b10-45fe-aabe-0850a9baf6a0', 'MADARIPUR,	MADARIPUR', 'à¦®à¦¾à¦¦à¦¾à¦°à§€à¦ªà§à¦°,à¦®à¦¾à¦¦à¦¾à¦°à§€à¦ªà§à¦°', '', 1, 1, 0, 0, '2015-01-05 09:56:59', '0000-00-00 00:00:00', '0000-00-00 00:00:00'),
(711, '54aa51fb-05b0-4693-b293-0850a9baf6a0', 'MILLGATE (MADARIPUR),	MADARIPUR', 'à¦®à¦¿à¦²à¦—à§‡à¦Ÿ(à¦®à¦¾à¦¦à¦¾à¦°à§€à¦ªà§à¦°),à¦®à¦¾à¦¦à¦¾à¦°à§€à¦ªà§à¦°', '', 1, 1, 0, 0, '2015-01-05 09:57:31', '0000-00-00 00:00:00', '0000-00-00 00:00:00'),
(712, '54aa5213-68e0-4e5b-9e75-0850a9baf6a0', 'TEKERHAT,	MADARIPUR', 'à¦Ÿà§‡à¦•à§‡à¦°à¦¹à¦¾à¦Ÿ,à¦®à¦¾à¦¦à¦¾à¦°à§€à¦ªà§à¦°', '', 1, 1, 0, 0, '2015-01-05 09:57:55', '0000-00-00 00:00:00', '0000-00-00 00:00:00'),
(713, '54aa526c-ebc4-4a05-8e47-0850a9baf6a0', 'BUNAGATI BAZAR (MAGURA),	MAGURA', 'à¦¬à§à¦¨à§‹à¦—à¦¾à¦¤à¦¿ à¦¬à¦¾à¦œà¦¾à¦°(à¦®à¦¾à¦—à§à¦°à¦¾),à¦®à¦¾à¦—à§à¦°à¦¾', '', 1, 1, 0, 0, '2015-01-05 09:59:24', '0000-00-00 00:00:00', '0000-00-00 00:00:00'),
(714, '54aa5292-edcc-4b6e-a25a-0850a9baf6a0', 'LADIES BR. (MAGURA),	MAGURA', 'à¦²à§‡à¦¡à¦¿à¦¸ à¦¬à¦¿à¦†à¦°.(à¦®à¦¾à¦—à§à¦°à¦¾),à¦®à¦¾à¦—à§à¦°à¦¾', '', 1, 1, 0, 0, '2015-01-05 10:00:02', '0000-00-00 00:00:00', '0000-00-00 00:00:00'),
(715, '54aa52a8-bc44-4ba1-a599-0850a9baf6a0', 'MAGURA,	MAGURA', 'à¦®à¦¾à¦—à§à¦°à¦¾,à¦®à¦¾à¦—à§à¦°à¦¾', '', 1, 1, 0, 0, '2015-01-05 10:00:24', '0000-00-00 00:00:00', '0000-00-00 00:00:00'),
(716, '54aa52c5-b0e8-4cb0-8fc9-0850a9baf6a0', 'MOHAMMADPUR (MAGURA),	MAGURA', 'à¦®à¦¹à¦¾à¦®à§à¦®à¦¦à¦ªà§à¦°(à¦®à¦¾à¦—à§à¦°à¦¾),à¦®à¦¾à¦—à§à¦°à¦¾', '', 1, 1, 0, 0, '2015-01-05 10:00:53', '0000-00-00 00:00:00', '0000-00-00 00:00:00'),
(717, '54aa52df-20c0-492e-b4f1-0850a9baf6a0', 'NUTAN BAZAR (MAGURA),	MAGURA', 'à¦¨à§à¦¤à¦¨ à¦¬à¦¾à¦œà¦¾à¦°(à¦®à¦¾à¦—à§à¦°à¦¾),à¦®à¦¾à¦—à§à¦°à¦¾', '', 1, 1, 0, 0, '2015-01-05 10:01:19', '0000-00-00 00:00:00', '0000-00-00 00:00:00'),
(718, '54aa52f7-37fc-4007-952f-0850a9baf6a0', 'SHALIKHA (MAGURA),	MAGURA', 'à¦¶à¦¾à¦²à¦¿à¦–à¦¾(à¦®à¦¾à¦—à§à¦°à¦¾),à¦®à¦¾à¦—à§à¦°à¦¾', '', 1, 1, 0, 0, '2015-01-05 10:01:43', '0000-00-00 00:00:00', '0000-00-00 00:00:00'),
(719, '54aa5322-5e94-4a3e-afc9-0850a9baf6a0', 'SREEPUR (MAGURA),	MAGURA', 'à¦¶à§à¦°à§€à¦ªà§à¦°(à¦®à¦¾à¦—à§à¦°à¦¾),à¦®à¦¾à¦—à§à¦°à¦¾', '', 1, 1, 0, 0, '2015-01-05 10:02:26', '0000-00-00 00:00:00', '0000-00-00 00:00:00'),
(720, '54aa5345-0704-48f3-a38b-0850a9baf6a0', 'BALIRTEK BAZAR,	MANIKGANJ', 'à¦¬à¦¾à¦²à¦¿à¦°à¦Ÿà§‡à¦• à¦¬à¦¾à¦œà¦¾à¦°,à¦®à¦¾à¦¨à¦¿à¦•à¦—à¦žà§à¦œ', '', 1, 1, 0, 0, '2015-01-05 10:03:01', '0000-00-00 00:00:00', '0000-00-00 00:00:00'),
(721, '54aa53b5-e3ec-4884-b0dc-0850a9baf6a0', 'CHANDAHAR,	MANIKGANJ', 'à¦šà¦¨à§à¦¦à¦¹à¦¾à¦°,à¦®à¦¾à¦¨à¦¿à¦•à¦—à¦žà§à¦œ', '', 1, 1, 0, 0, '2015-01-05 10:04:53', '0000-00-00 00:00:00', '0000-00-00 00:00:00');
INSERT INTO `bankbranches` (`id`, `bankbranchuuid`, `bankbranchname`, `bankbranchnamebn`, `bankbranchaddress`, `bankbranchisactive`, `bankbranchinsertid`, `bankbranchupdateid`, `bankbranchdeleteid`, `bankbranchinsertdate`, `bankbranchupdatedate`, `bankbranchdeletedate`) VALUES
(722, '54aa53e4-45c4-476e-93e6-0850a9baf6a0', 'DARGRAM,	MANIKGANJ', 'à¦¦à¦°à¦—à§à¦°à¦¾à¦®,à¦®à¦¾à¦¨à¦¿à¦•à¦—à¦žà§à¦œ', '', 1, 1, 0, 0, '2015-01-05 10:05:40', '0000-00-00 00:00:00', '0000-00-00 00:00:00'),
(723, '54aa540d-dec0-4d4a-9d88-0850a9baf6a0', 'DAULATPUR (MANIKGONJ),	MANIKGANJ', 'à¦¦à§Œà¦²à¦¤à¦ªà§à¦°(à¦®à¦¾à¦¨à¦¿à¦•à¦—à¦žà§à¦œ),à¦®à¦¾à¦¨à¦¿à¦•à¦—à¦žà§à¦œ', '', 1, 1, 0, 0, '2015-01-05 10:06:21', '0000-00-00 00:00:00', '0000-00-00 00:00:00'),
(724, '54aa5436-11ec-49bb-8b84-0850a9baf6a0', 'GHIOR,	MANIKGANJ', 'à¦˜à¦¿à¦“à¦°,à¦®à¦¾à¦¨à¦¿à¦•à¦—à¦žà§à¦œ', '', 1, 1, 0, 0, '2015-01-05 10:07:02', '0000-00-00 00:00:00', '0000-00-00 00:00:00'),
(725, '54aa5489-a32c-4227-bd65-0850a9baf6a0', 'HARIRAMPUR,	MANIKGANJ', 'à¦¹à¦°à¦¿à¦°à¦¾à¦®à¦ªà§à¦°,à¦®à¦¾à¦¨à¦¿à¦•à¦—à¦žà§à¦œ', '', 1, 1, 0, 0, '2015-01-05 10:08:25', '0000-00-00 00:00:00', '0000-00-00 00:00:00'),
(726, '54aa54ae-9a28-4088-93ce-0850a9baf6a0', 'MANIKGANJ,	MANIKGANJ', 'à¦®à¦¾à¦¨à¦¿à¦•à¦—à¦žà§à¦œ,à¦®à¦¾à¦¨à¦¿à¦•à¦—à¦žà§à¦œ', '', 1, 1, 0, 0, '2015-01-05 10:09:02', '0000-00-00 00:00:00', '0000-00-00 00:00:00'),
(727, '54aa54d0-fa58-4468-bbf6-0850a9baf6a0', 'MANIKGANJ UPAZILLA,	MANIKGANJ', 'à¦®à¦¾à¦¨à¦¿à¦•à¦—à¦žà§à¦œ à¦‰à¦ªà¦œà§‡à¦²à¦¾,à¦®à¦¾à¦¨à¦¿à¦•à¦—à¦žà§à¦œ', '', 1, 1, 0, 0, '2015-01-05 10:09:36', '0000-00-00 00:00:00', '0000-00-00 00:00:00'),
(728, '54aa54eb-2b1c-4b7a-9199-0850a9baf6a0', 'SATURIA,	MANIKGANJ', 'à¦¸à¦¾à¦Ÿà§à¦°à¦¿à§Ÿà¦¾,à¦®à¦¾à¦¨à¦¿à¦•à¦—à¦žà§à¦œ', '', 1, 1, 0, 0, '2015-01-05 10:10:03', '0000-00-00 00:00:00', '0000-00-00 00:00:00'),
(729, '54aa5509-ed10-4b2d-8c7b-0850a9baf6a0', 'SHIVALAYA,	MANIKGANJ', 'à¦¶à¦¿à¦¬à¦¾à¦²à§Ÿà¦¾,à¦®à¦¾à¦¨à¦¿à¦•à¦—à¦žà§à¦œ', '', 1, 1, 0, 0, '2015-01-05 10:10:33', '0000-00-00 00:00:00', '0000-00-00 00:00:00'),
(730, '54aa554d-2f54-4c43-8d9c-0850a9baf6a0', 'SINGAIR,	MANIKGANJ', 'à¦¸à¦¿à¦™à§à¦—à¦¾à¦‡à¦°,à¦®à¦¾à¦¨à¦¿à¦•à¦—à¦žà§à¦œ', '', 1, 1, 0, 0, '2015-01-05 10:11:41', '0000-00-00 00:00:00', '0000-00-00 00:00:00'),
(731, '54aa5614-8e38-4b2f-aaa8-0850a9baf6a0', 'AMJHUPI,	MEHERPUR', 'à¦†à¦®à¦à§à¦ªà¦¿,à¦®à§‡à¦¹à§‡à¦°à¦ªà§à¦°', '', 1, 1, 0, 0, '2015-01-05 10:15:00', '0000-00-00 00:00:00', '0000-00-00 00:00:00'),
(732, '54aa5630-fbbc-45ef-a9dd-0850a9baf6a0', 'GANGNI,	MEHERPUR', 'à¦—à¦¾à¦‚à¦¨à§€,à¦®à§‡à¦¹à§‡à¦°à¦ªà§à¦°', '', 1, 1, 0, 0, '2015-01-05 10:15:28', '0000-00-00 00:00:00', '0000-00-00 00:00:00'),
(733, '54aa5656-4784-46c3-8f65-0850a9baf6a0', 'GANGNI THANA HEAD QUARTER BR.,	MEHERPUR', 'à¦—à¦¾à¦‚à¦¨à§€ à¦¥à¦¾à¦¨à¦¾ à¦¹à§‡à¦¡ à¦•à§‹à§Ÿà¦¾à¦°à§à¦Ÿà¦¾à¦° à¦¬à¦¿à¦†à¦°.,à¦®à§‡à¦¹à§‡à¦°à¦ªà§à¦°', '', 1, 1, 0, 0, '2015-01-05 10:16:06', '0000-00-00 00:00:00', '0000-00-00 00:00:00'),
(734, '54aa56d8-711c-4b07-82ea-0850a9baf6a0', 'GARADOB BR.,	MEHERPUR', 'à¦—à¦°à¦¾à¦¦à¦¬ à¦¬à¦¿à¦†à¦°.,à¦®à§‡à¦¹à§‡à¦°à¦ªà§à¦°', '', 1, 1, 0, 0, '2015-01-05 10:18:16', '0000-00-00 00:00:00', '0000-00-00 00:00:00'),
(735, '54aa5712-fd98-49b6-be58-0850a9baf6a0', 'JOREPUKURIA,	MEHERPUR', 'à¦œà¦°à¦¿à¦ªà§à¦•à§à¦°à¦¿à§Ÿà¦¾,à¦®à§‡à¦¹à§‡à¦°à¦ªà§à¦°', '', 1, 1, 0, 0, '2015-01-05 10:19:14', '0000-00-00 00:00:00', '0000-00-00 00:00:00'),
(736, '54aa572a-0154-4285-a965-0850a9baf6a0', 'MEHERPUR,	MEHERPUR', 'à¦®à§‡à¦¹à§‡à¦°à¦ªà§à¦°,à¦®à§‡à¦¹à§‡à¦°à¦ªà§à¦°', '', 1, 1, 0, 0, '2015-01-05 10:19:38', '0000-00-00 00:00:00', '0000-00-00 00:00:00'),
(737, '54aa5748-f2d8-492c-b46b-0850a9baf6a0', 'MEHERPUR COURT BUILDING,	MEHERPUR', 'à¦®à§‡à¦¹à§‡à¦°à¦ªà§à¦° à¦•à§‹à¦°à§à¦Ÿ à¦¬à¦¿à¦²à§à¦¡à¦¿à¦‚,à¦®à§‡à¦¹à§‡à¦°à¦ªà§à¦°', '', 1, 1, 0, 0, '2015-01-05 10:20:08', '0000-00-00 00:00:00', '0000-00-00 00:00:00'),
(738, '54aa5763-7460-4f06-90fb-0850a9baf6a0', 'MUJIBNAGAR UPAZILLA,	MEHERPUR', 'à¦®à§à¦œà¦¿à¦¬à¦¨à¦—à¦° à¦‰à¦ªà¦œà§‡à¦²à¦¾,à¦®à§‡à¦¹à§‡à¦°à¦ªà§à¦°', '', 1, 1, 0, 0, '2015-01-05 10:20:35', '0000-00-00 00:00:00', '0000-00-00 00:00:00'),
(739, '54aa578f-5a54-4a50-ba12-0850a9baf6a0', 'BARLEKHA,	MOULVIBAZAR', 'à¦¬à¦¾à¦°à¦²à§‡à¦–à¦¾,à¦®à§Œà¦²à¦­à§€à¦¬à¦¾à¦œà¦¾à¦°', '', 1, 1, 0, 0, '2015-01-05 10:21:19', '0000-00-00 00:00:00', '0000-00-00 00:00:00'),
(740, '54aa58b4-c654-4292-9f62-0850a9baf6a0', 'BHAIRABGONJ BAZAR,	MOULVIBAZAR', 'à¦­à§ˆà¦°à¦¬à¦—à¦žà§à¦œ à¦¬à¦¾à¦œà¦¾à¦°,à¦®à§Œà¦²à¦­à§€à¦¬à¦¾à¦œà¦¾à¦°', '', 1, 1, 0, 0, '2015-01-05 10:26:12', '0000-00-00 00:00:00', '0000-00-00 00:00:00'),
(741, '54aa58d1-b480-474f-b374-0850a9baf6a0', 'CHANDGRAM,	MOULVIBAZAR', 'à¦šà¦¾à¦¨à§à¦¦à¦—à§à¦°à¦¾à¦®,à¦®à§Œà¦²à¦­à§€à¦¬à¦¾à¦œà¦¾à¦°', '', 1, 1, 0, 0, '2015-01-05 10:26:41', '0000-00-00 00:00:00', '0000-00-00 00:00:00'),
(742, '54aa58f7-930c-445b-b862-0850a9baf6a0', 'CHANDNIGHAT,	MOULVIBAZAR', 'à¦šà¦¾à¦¨à§à¦¦à¦¨à§€à¦˜à¦¾à¦Ÿ,à¦®à§Œà¦²à¦­à§€à¦¬à¦¾à¦œà¦¾à¦°', '', 1, 1, 0, 0, '2015-01-05 10:27:19', '0000-00-00 00:00:00', '0000-00-00 00:00:00'),
(743, '54aa591a-69f4-41b6-8609-0850a9baf6a0', 'DIGHIRPAR BAZAR,	MOULVIBAZAR', 'à¦¦à¦¿à¦˜à¦¿à¦°à¦ªà¦¾à§œ à¦¬à¦¾à¦œà¦¾à¦°,à¦®à§Œà¦²à¦­à§€à¦¬à¦¾à¦œà¦¾à¦°', '', 1, 1, 0, 0, '2015-01-05 10:27:54', '0000-00-00 00:00:00', '0000-00-00 00:00:00'),
(744, '54aa5958-0cd8-4e6d-915d-0850a9baf6a0', 'FOREIGN EXCHANGE BR. (MOULVIBAZAR)	,MOULVIBAZAR', 'à¦«à¦°à§‡à¦¨ à¦à¦•à§à¦¸à¦šà§‡à¦žà§à¦œ à¦¬à¦¿à¦†à¦°.(à¦®à§Œà¦²à¦­à§€à¦¬à¦¾à¦œà¦¾à¦°),à¦®à§Œà¦²à¦­à§€à¦¬à¦¾à¦œà¦¾à¦°', '', 1, 1, 0, 0, '2015-01-05 10:28:56', '0000-00-00 00:00:00', '0000-00-00 00:00:00'),
(745, '54aa5973-5848-4edd-929e-0850a9baf6a0', 'JURI BR.,	MOULVIBAZAR', 'à¦œà§à¦°à¦¿ à¦¬à¦¿à¦†à¦°.,à¦®à§Œà¦²à¦­à§€à¦¬à¦¾à¦œà¦¾à¦°', '', 1, 1, 0, 0, '2015-01-05 10:29:23', '0000-00-00 00:00:00', '0000-00-00 00:00:00'),
(746, '54aa598f-1fdc-4136-a875-0850a9baf6a0', 'KADAMHATA,	MOULVIBAZAR', 'à¦•à¦¦à¦®à¦¹à¦¾à¦Ÿà¦¾,à¦®à§Œà¦²à¦­à§€à¦¬à¦¾à¦œà¦¾à¦°', '', 1, 1, 0, 0, '2015-01-05 10:29:51', '0000-00-00 00:00:00', '0000-00-00 00:00:00'),
(747, '54aa59ab-4918-4468-9639-0850a9baf6a0', 'KAMALGONJ,	MOULVIBAZAR', 'à¦•à¦®à¦²à¦—à¦žà§à¦œ,à¦®à§Œà¦²à¦­à§€à¦¬à¦¾à¦œà¦¾à¦°', '', 1, 1, 0, 0, '2015-01-05 10:30:19', '0000-00-00 00:00:00', '0000-00-00 00:00:00'),
(748, '54aa59cb-c758-404b-8148-0850a9baf6a0', 'KAMALPUR BAZAR,	MOULVIBAZAR', 'à¦•à¦®à¦²à¦ªà§à¦° à¦¬à¦¾à¦œà¦¾à¦°,à¦®à§Œà¦²à¦­à§€à¦¬à¦¾à¦œà¦¾à¦°', '', 1, 1, 0, 0, '2015-01-05 10:30:51', '0000-00-00 00:00:00', '0000-00-00 00:00:00'),
(749, '54aa59e7-da7c-4fed-90f1-0850a9baf6a0', 'KULAURA,	MOULVIBAZAR', 'à¦•à§à¦²à¦¾à¦‰à§œà¦¾,à¦®à§Œà¦²à¦­à§€à¦¬à¦¾à¦œà¦¾à¦°', '', 1, 1, 0, 0, '2015-01-05 10:31:19', '0000-00-00 00:00:00', '0000-00-00 00:00:00'),
(750, '54aa5a3a-cea8-4ab2-a98d-0850a9baf6a0', 'LADIES BRANCH (MOULVIBAZAR),	MOULVIBAZAR', 'à¦²à§‡à¦¡à¦¿à¦¸ à¦¬à§à¦°à¦¾à¦žà§à¦š(à¦®à§Œà¦²à¦­à§€à¦¬à¦¾à¦œà¦¾à¦°),à¦®à§Œà¦²à¦­à§€à¦¬à¦¾à¦œà¦¾à¦°', '', 1, 1, 0, 0, '2015-01-05 10:32:42', '0000-00-00 00:00:00', '0000-00-00 00:00:00'),
(751, '54aa5a65-c5ec-4c6e-8b00-0850a9baf6a0', 'MOULVIBAZAR,	MOULVIBAZAR', 'à¦®à§Œà¦²à¦­à§€à¦¬à¦¾à¦œà¦¾à¦°,à¦®à§Œà¦²à¦­à§€à¦¬à¦¾à¦œà¦¾à¦°', '', 1, 1, 0, 0, '2015-01-05 10:33:25', '0000-00-00 00:00:00', '0000-00-00 00:00:00'),
(752, '54aa5a97-80e4-4d7b-b841-0850a9baf6a0', 'MUNSHIBAZAR,	MOULVIBAZAR', 'à¦®à§à¦¨à§à¦¸à§€à¦¬à¦¾à¦œà¦¾à¦°,à¦®à§Œà¦²à¦­à§€à¦¬à¦¾à¦œà¦¾à¦°', '', 1, 1, 0, 0, '2015-01-05 10:34:15', '0000-00-00 00:00:00', '0000-00-00 00:00:00'),
(753, '54aa6cb8-2dac-47e9-a67c-0850a9baf6a0', 'PHULARTAL BAZAR,	MOULVIBAZAR', 'à¦ªà§à¦²à¦¾à¦°à¦¤à¦² à¦¬à¦¾à¦œà¦¾à¦°,à¦®à§Œà¦²à¦­à§€à¦¬à¦¾à¦œà¦¾à¦° ', '', 1, 1, 0, 0, '2015-01-05 11:51:36', '0000-00-00 00:00:00', '0000-00-00 00:00:00'),
(754, '54aa6d87-8530-4dd5-9e2a-0850a9baf6a0', 'RAJNAGAR,	MOULVIBAZAR', 'à¦°à¦¾à¦œà¦¨à¦—à¦°,à¦®à§Œà¦²à¦­à§€à¦¬à¦¾à¦œà¦¾à¦°', '', 1, 1, 0, 0, '2015-01-05 11:55:03', '0000-00-00 00:00:00', '0000-00-00 00:00:00'),
(755, '54aa6da1-53e8-4695-9221-0850a9baf6a0', 'SARKER BAZAR,	MOULVIBAZAR', 'à¦¸à¦°à¦•à¦¾à¦° à¦¬à¦¾à¦œà¦¾à¦°,à¦®à§Œà¦²à¦­à§€à¦¬à¦¾à¦œà¦¾à¦°', '', 1, 1, 0, 0, '2015-01-05 11:55:29', '0000-00-00 00:00:00', '0000-00-00 00:00:00'),
(756, '54aa6dce-8258-4ed9-b41f-0850a9baf6a0', 'SATGAON,	MOULVIBAZAR', 'à¦¸à¦¾à¦¤à¦—à¦¾à¦à¦“,à¦®à§Œà¦²à¦­à§€à¦¬à¦¾à¦œà¦¾à¦°', '', 1, 1, 0, 0, '2015-01-05 11:56:14', '0000-00-00 00:00:00', '0000-00-00 00:00:00'),
(757, '54aa6ded-0a24-4ca9-bb0f-0850a9baf6a0', 'SHAHBAZPUR,	MOULVIBAZAR', 'à¦¶à¦¾à¦¹à¦¬à¦¾à¦œà¦ªà§à¦°,à¦®à§Œà¦²à¦­à§€à¦¬à¦¾à¦œà¦¾à¦°', '', 1, 1, 0, 0, '2015-01-05 11:56:45', '0000-00-00 00:00:00', '0000-00-00 00:00:00'),
(758, '54aa6e14-a974-42da-8413-0850a9baf6a0', 'SHAMSHERNAGAR,	MOULVIBAZAR', 'à¦¶à¦®à¦¸à§‡à¦°à¦¨à¦—à¦°,à¦®à§Œà¦²à¦­à§€à¦¬à¦¾à¦œà¦¾à¦°', '', 1, 1, 0, 0, '2015-01-05 11:57:24', '0000-00-00 00:00:00', '0000-00-00 00:00:00'),
(759, '54aa6e35-21ac-495a-ab8e-0850a9baf6a0', 'SREEMONGAL,	MOULVIBAZAR', 'à¦¶à§à¦°à§€à¦®à¦™à§à¦—à¦²,à¦®à§Œà¦²à¦­à§€à¦¬à¦¾à¦œà¦¾à¦°', '', 1, 1, 0, 0, '2015-01-05 11:57:57', '0000-00-00 00:00:00', '0000-00-00 00:00:00'),
(760, '54aa6e6c-bdc0-45f1-9191-0850a9baf6a0', 'TARAPASHA BAZAR,	MOULVIBAZAR', 'à¦¤à¦°à¦«à¦¶à¦¾à¦¹ à¦¬à¦¾à¦œà¦¾à¦°,à¦®à§Œà¦²à¦­à§€à¦¬à¦¾à¦œà¦¾à¦°', '', 1, 1, 0, 0, '2015-01-05 11:58:52', '0000-00-00 00:00:00', '0000-00-00 00:00:00'),
(761, '54aa7007-65fc-42a7-8eeb-0850a9baf6a0', 'BALURCHAR,	MUNSHIGANJ', 'à¦¬à¦¾à¦²à§à¦°à¦šà¦°,à¦®à§à¦¨à§à¦¸à§€à¦—à¦žà§à¦œ', '', 1, 1, 0, 0, '2015-01-05 12:05:43', '0000-00-00 00:00:00', '0000-00-00 00:00:00'),
(762, '54aa7140-0f0c-430e-a561-0850a9baf6a0', 'BASAIL (MUNSHIGONJ),	MUNSHIGANJ', 'à¦¬à¦¾à¦¸à¦¾à¦‡à¦² (à¦®à§à¦¨à§à¦¸à§€à¦—à¦žà§à¦œ),à¦®à§à¦¨à§à¦¸à§€à¦—à¦žà§à¦œ', '', 1, 1, 0, 0, '2015-01-05 12:10:56', '0000-00-00 00:00:00', '0000-00-00 00:00:00'),
(763, '54aa7161-dadc-49d3-9d0e-0850a9baf6a0', 'BHABERCHAR,	MUNSHIGANJ', 'à¦­à¦¬à§‡à¦°à¦šà¦°,à¦®à§à¦¨à§à¦¸à§€à¦—à¦žà§à¦œ', '', 1, 1, 0, 0, '2015-01-05 12:11:29', '0000-00-00 00:00:00', '0000-00-00 00:00:00'),
(764, '54aa718a-4828-47cc-a07f-0850a9baf6a0', 'DIGHOLI BAZAR,	MUNSHIGANJ', 'à¦¦à§€à¦˜à¦²à¦¿ à¦¬à¦¾à¦œà¦¾à¦°,à¦®à§à¦¨à§à¦¸à§€à¦—à¦žà§à¦œ', '', 1, 1, 0, 0, '2015-01-05 12:12:10', '0000-00-00 00:00:00', '0000-00-00 00:00:00'),
(765, '54aa7279-7304-4a65-97d7-0850a9baf6a0', 'GAZARIA (MUNSHIGONJ),	MUNSHIGANJ', 'à¦—à¦œà¦¾à¦°à¦¿à§Ÿà¦¾ (à¦®à§à¦¨à§à¦¸à§€à¦—à¦žà§à¦œ),à¦®à§à¦¨à§à¦¸à§€à¦—à¦žà§à¦œ', '', 1, 1, 0, 0, '2015-01-05 12:16:09', '0000-00-00 00:00:00', '0000-00-00 00:00:00'),
(766, '54aa72f4-d448-46db-bbc6-0850a9baf6a0', 'GOALIMANDRA,	MUNSHIGANJ', 'à¦—à§‹à§Ÿà¦¾à¦²à§€à¦®à¦¨à§à¦¦à§à¦°,à¦®à§à¦¨à§à¦¸à¦¿à¦—à¦žà§à¦œ', '', 1, 1, 0, 0, '2015-01-05 12:18:12', '0000-00-00 00:00:00', '0000-00-00 00:00:00'),
(767, '54aa731a-7b50-4a31-9f1a-0850a9baf6a0', 'HALDIA BAZAR,	MUNSHIGANJ', 'à¦¹à¦¾à¦²à¦¦à¦¿à§Ÿà¦¾ à¦¬à¦¾à¦œà¦¾à¦°,à¦®à§à¦¨à§à¦¸à¦¿à¦—à¦žà§à¦œ', '', 1, 1, 0, 0, '2015-01-05 12:18:50', '0000-00-00 00:00:00', '0000-00-00 00:00:00'),
(768, '54accb59-7e7c-4af2-bb1c-01d8a9baf6a0', 'KEYAIN,	MUNSHIGANJ', 'à¦•à§‡à¦‡à¦¨,à¦®à§à¦¨à§à¦¸à¦¿à¦—à¦žà§à¦œ', '', 1, 1, 0, 0, '2015-01-07 06:59:53', '0000-00-00 00:00:00', '0000-00-00 00:00:00'),
(769, '54accd05-df34-4248-9ef3-01d8a9baf6a0', 'MUNSHIGANJ,	MUNSHIGANJ', 'à¦®à§à¦¨à§à¦¸à¦¿à¦—à¦žà§à¦œ,à¦®à§à¦¨à§à¦¸à¦¿à¦—à¦žà§à¦œ', '', 1, 1, 0, 0, '2015-01-07 07:07:01', '0000-00-00 00:00:00', '0000-00-00 00:00:00'),
(770, '54accd30-3e70-47b9-83d3-01d8a9baf6a0', 'REKABIBAZAR,	MUNSHIGANJ', 'à¦°à§‡à¦•à¦¾à¦¬à¦¿à¦¬à¦¾à¦œà¦¾à¦°,à¦®à§à¦¨à§à¦¸à¦¿à¦—à¦žà§à¦œ', '', 1, 1, 0, 0, '2015-01-07 07:07:44', '0000-00-00 00:00:00', '0000-00-00 00:00:00'),
(771, '54accd57-3a44-4673-a448-01d8a9baf6a0', 'SHEKHAR NAGAR,	MUNSHIGANJ', 'à¦¶à§‡à¦–à¦° à¦¨à¦—à¦°,à¦®à§à¦¨à§à¦¸à¦¿à¦—à¦žà§à¦œ', '', 1, 1, 0, 0, '2015-01-07 07:08:23', '0000-00-00 00:00:00', '0000-00-00 00:00:00'),
(772, '54accd79-0904-4e02-b99d-01d8a9baf6a0', 'SIRAJDEE KHAN,	MUNSHIGANJ', 'à¦¸à¦¿à¦°à¦¾à¦œà¦¦à§€ à¦–à¦¾à¦¨,à¦®à§à¦¨à§à¦¸à¦¿à¦—à¦žà§à¦œ', '', 1, 1, 0, 0, '2015-01-07 07:08:57', '0000-00-00 00:00:00', '0000-00-00 00:00:00'),
(773, '54acd0b5-9db0-4c39-86a4-01d8a9baf6a0', 'SREE NAGAR (MUNSHIGONJ),	MUNSHIGANJ', 'à¦¶à§à¦°à§€à¦¨à¦—à¦°(à¦®à§à¦¨à§à¦¸à¦¿à¦—à¦žà§à¦œ),à¦®à§à¦¨à§à¦¸à¦¿à¦—à¦žà§à¦œ', '', 1, 1, 0, 0, '2015-01-07 07:22:45', '0000-00-00 00:00:00', '0000-00-00 00:00:00'),
(774, '54acd2e4-5d0c-4ad9-b8c8-01d8a9baf6a0', 'SUKHBASHPUR BRANCH,	MUNSHIGANJ', 'à¦¸à§à¦–à¦¬à¦¾à¦¶à¦ªà§à¦° à¦¬à§à¦°à¦¾à¦žà§à¦œ,à¦®à§à¦¨à§à¦¸à¦¿à¦—à¦žà§à¦œ', '', 1, 1, 0, 0, '2015-01-07 07:32:04', '0000-00-00 00:00:00', '0000-00-00 00:00:00'),
(775, '54ae0792-30fc-4f46-8627-0fcca9baf6a0', 'SYEDPUR (MUNSHIGONJ),	MUNSHIGANJ', 'à¦¸à§ˆà§Ÿà¦¦à¦ªà§à¦°(à¦®à§à¦¨à§à¦¸à¦¿à¦—à¦žà§à¦œ),à¦®à§à¦¨à§à¦¸à¦¿à¦—à¦žà§à¦œ', '', 1, 1, 0, 0, '2015-01-08 05:29:06', '0000-00-00 00:00:00', '0000-00-00 00:00:00'),
(776, '54ae07af-8e00-4161-b567-0fcca9baf6a0', 'TALTALA,	MUNSHIGANJ', 'à¦¤à¦¾à¦²à¦¤à¦²à¦¾,à¦®à§à¦¨à§à¦¸à¦¿à¦—à¦žà§à¦œ', '', 1, 1, 0, 0, '2015-01-08 05:29:35', '0000-00-00 00:00:00', '0000-00-00 00:00:00'),
(777, '54ae07d2-55e4-4c92-833d-0fcca9baf6a0', 'TONGIBARI,	MUNSHIGANJ', 'à¦Ÿà¦™à§à¦—à§€à¦¬à¦¾à§œà§€,à¦®à§à¦¨à§à¦¸à¦¿à¦—à¦žà§à¦œ', '', 1, 1, 0, 0, '2015-01-08 05:30:10', '0000-00-00 00:00:00', '0000-00-00 00:00:00'),
(778, '54ae07f2-fdf8-48c2-ad7f-0fcca9baf6a0', 'ASIM BAZAR,	MYMENSINGH', 'à¦†à¦¸à¦¿à¦® à¦¬à¦¾à¦œà¦¾à¦°,à¦®à§Ÿà¦®à¦¨à¦¸à¦¿à¦‚à¦¹', '', 1, 1, 0, 0, '2015-01-08 05:30:42', '0000-00-00 00:00:00', '0000-00-00 00:00:00'),
(779, '54ae080a-69e4-4a2b-b70f-0fcca9baf6a0', 'BALIA BAZAR,	MYMENSINGH', 'à¦¬à¦¾à¦²à¦¿à§Ÿà¦¾ à¦¬à¦¾à¦œà¦¾à¦°,à¦®à§Ÿà¦®à¦¨à¦¸à¦¿à¦‚à¦¹', '', 1, 1, 0, 0, '2015-01-08 05:31:06', '0000-00-00 00:00:00', '0000-00-00 00:00:00'),
(780, '54ae082a-2780-41aa-8313-0fcca9baf6a0', 'BHALUKA,	MYMENSINGH', 'à¦­à¦¾à¦²à§à¦•à¦¾,à¦®à§Ÿà¦®à¦¨à¦¸à¦¿à¦‚à¦¹', '', 1, 1, 0, 0, '2015-01-08 05:31:38', '0000-00-00 00:00:00', '0000-00-00 00:00:00'),
(781, '54ae0841-1624-4d9e-a2c2-0fcca9baf6a0', 'BINA,	MYMENSINGH', 'à¦¬à¦¿à¦¨à¦¾,à¦®à§Ÿà¦®à¦¨à¦¸à¦¿à¦‚à¦¹', '', 1, 1, 0, 0, '2015-01-08 05:32:01', '0000-00-00 00:00:00', '0000-00-00 00:00:00'),
(782, '54ae0868-4360-44dc-8fc6-0fcca9baf6a0', 'CHAR NILOKHIA,	MYMENSINGH', 'à¦šà¦° à¦¨à¦¿à¦²à§‹à¦–à¦¿à§Ÿà¦¾,à¦®à§Ÿà¦®à¦¨à¦¸à¦¿à¦‚à¦¹', '', 1, 1, 0, 0, '2015-01-08 05:32:40', '0000-00-00 00:00:00', '0000-00-00 00:00:00'),
(783, '54ae09c5-0600-4f63-8a16-0fcca9baf6a0', 'DOBAURA BR.,	MYMENSINGH', 'à¦§à§‹à¦¬à¦¾à¦‰à§œà¦¾ à¦¬à¦¿à¦†à¦°.,à¦®à§Ÿà¦®à¦¨à¦¸à¦¿à¦‚à¦¹', '', 1, 1, 0, 0, '2015-01-08 05:38:29', '0000-00-00 00:00:00', '0000-00-00 00:00:00'),
(784, '54ae09f5-3bec-4ab3-83c9-0fcca9baf6a0', 'FULBARIA (MYMENSINGH),	MYMENSINGH', 'à¦«à§à¦²à¦¬à¦¾à§œà¦¿à§Ÿà¦¾(à¦®à§Ÿà¦®à¦¨à¦¸à¦¿à¦‚à¦¹),à¦®à§Ÿà¦®à¦¨à¦¸à¦¿à¦‚à¦¹', '', 1, 1, 0, 0, '2015-01-08 05:39:17', '0000-00-00 00:00:00', '0000-00-00 00:00:00'),
(785, '54ae0a13-a654-4a63-8e80-0fcca9baf6a0', 'GAFFARGAON,	MYMENSINGH', 'à¦—à¦«à¦°à¦—à¦¾à¦à¦“,à¦®à§Ÿà¦®à¦¨à¦¸à¦¿à¦‚à¦¹', '', 1, 1, 0, 0, '2015-01-08 05:39:47', '0000-00-00 00:00:00', '0000-00-00 00:00:00'),
(786, '54ae0a49-230c-40c3-908c-0fcca9baf6a0', 'GAYESPUR,	MYMENSINGH', 'à¦—à§Ÿà§‡à¦¸à¦ªà§à¦°,à¦®à§Ÿà¦®à¦¨à¦¸à¦¿à¦‚à¦¹', '', 1, 1, 0, 0, '2015-01-08 05:40:41', '0000-00-00 00:00:00', '0000-00-00 00:00:00'),
(787, '54ae0a6c-f10c-4dce-9203-0fcca9baf6a0', 'GOURIPUR (MYMENSINGH),	MYMENSINGH', 'à¦—à§Œà¦°à¦¿à¦ªà§à¦°(à¦®à§Ÿà¦®à¦¨à¦¸à¦¿à¦‚à¦¹),à¦®à§Ÿà¦®à¦¨à¦¸à¦¿à¦‚à¦¹', '', 1, 1, 0, 0, '2015-01-08 05:41:16', '0000-00-00 00:00:00', '0000-00-00 00:00:00'),
(788, '54ae0a8c-2e28-47f8-96a9-0fcca9baf6a0', 'HALUAGHAT,	MYMENSINGH', 'à¦¹à¦¾à¦²à§à§Ÿà¦¾à¦˜à¦¾à¦Ÿ,à¦®à§Ÿà¦®à¦¨à¦¸à¦¿à¦‚à¦¹', '', 1, 1, 0, 0, '2015-01-08 05:41:48', '0000-00-00 00:00:00', '0000-00-00 00:00:00'),
(789, '54ae0ab2-f41c-4592-9228-0fcca9baf6a0', 'ISWARGONJ,	MYMENSINGH', 'à¦ˆà¦¶à§à¦¬à¦°à¦—à¦žà§à¦œ,à¦®à§Ÿà¦®à¦¨à¦¸à¦¿à¦‚à¦¹', '', 1, 1, 0, 0, '2015-01-08 05:42:26', '0000-00-00 00:00:00', '0000-00-00 00:00:00'),
(790, '54ae0ae1-d0f0-481c-a440-0fcca9baf6a0', 'KESHORGONJ BAZAR,	MYMENSINGH', 'à¦•à§‡à¦¶à¦°à¦—à¦žà§à¦œ à¦¬à¦¾à¦œà¦¾à¦°,à¦®à§Ÿà¦®à¦¨à¦¸à¦¿à¦‚à¦¹', '', 1, 1, 0, 0, '2015-01-08 05:43:13', '0000-00-00 00:00:00', '0000-00-00 00:00:00'),
(791, '54ae0ba1-6a94-4c1e-bffe-0fcca9baf6a0', 'MATHSHA GABESHANA INSTITUTE BR.,	MYMENSINGH', 'à¦®à§Žà¦¸à§à¦¯ à¦—à¦¬à§‡à¦·à¦£à¦¾ à¦‡à¦¨à§à¦¸à¦Ÿà¦¿à¦Ÿà¦¿à¦‰à¦Ÿ à¦¬à¦¿à¦†à¦°.,à¦®à§Ÿà¦®à¦¨à¦¸à¦¿à¦‚à¦¹', '', 1, 1, 0, 0, '2015-01-08 05:46:25', '0000-00-00 00:00:00', '0000-00-00 00:00:00'),
(792, '54ae0bc0-9884-40dd-8e4d-0fcca9baf6a0', 'MUKTAGACHA,	MYMENSINGH', 'à¦®à§à¦•à§à¦¤à¦¾à¦—à¦¾à¦›à¦¾,à¦®à§Ÿà¦®à¦¨à¦¸à¦¿à¦‚à¦¹', '', 1, 1, 0, 0, '2015-01-08 05:46:56', '0000-00-00 00:00:00', '0000-00-00 00:00:00'),
(793, '54ae0bde-9fec-4274-929f-0fcca9baf6a0', 'MYMENSINGH,	MYMENSINGH', 'à¦®à§Ÿà¦®à¦¨à¦¸à¦¿à¦‚à¦¹,à¦®à§Ÿà¦®à¦¨à¦¸à¦¿à¦‚à¦¹', '', 1, 1, 0, 0, '2015-01-08 05:47:26', '0000-00-00 00:00:00', '0000-00-00 00:00:00'),
(794, '54ae0bff-acd0-4965-8e63-0fcca9baf6a0', 'MYMENSINGH BUSINESS CENTRE	,MYMENSINGH', 'à¦®à§Ÿà¦®à¦¨à¦¸à¦¿à¦‚à¦¹ à¦¬à¦¿à¦œà¦¨à§‡à¦¸ à¦¸à§‡à¦¨à§à¦Ÿà¦¾à¦°,à¦®à§Ÿà¦®à¦¨à¦¸à¦¿à¦‚à¦¹', '', 1, 1, 0, 0, '2015-01-08 05:47:59', '0000-00-00 00:00:00', '0000-00-00 00:00:00'),
(795, '54ae0c17-5f58-4458-bfb3-0fcca9baf6a0', 'NANDAIL,	MYMENSINGH', 'à¦¨à¦¾à¦¨à§à¦¦à¦¾à¦‡à¦²,à¦®à§Ÿà¦®à¦¨à¦¸à¦¿à¦‚à¦¹', '', 1, 1, 0, 0, '2015-01-08 05:48:23', '0000-00-00 00:00:00', '0000-00-00 00:00:00'),
(796, '54ae0c49-567c-48d9-b7fb-0fcca9baf6a0', 'PADURBARI,	MYMENSINGH', 'à¦ªà¦¾à¦à¦¦à§à¦°à¦¬à¦¾à§œà¦¿,à¦®à§Ÿà¦®à¦¨à¦¸à¦¿à¦‚à¦¹', '', 1, 1, 0, 0, '2015-01-08 05:49:13', '0000-00-00 00:00:00', '0000-00-00 00:00:00'),
(797, '54ae0c74-1678-4584-81cf-0fcca9baf6a0', 'PHULPUR,	MYMENSINGH', 'à¦«à§à¦²à¦ªà§à¦°,à¦®à§Ÿà¦®à¦¨à¦¸à¦¿à¦‚à¦¹', '', 1, 1, 0, 0, '2015-01-08 05:49:56', '0000-00-00 00:00:00', '0000-00-00 00:00:00'),
(798, '54ae0c94-84cc-4e03-b7d3-0fcca9baf6a0', 'SHIBGONJ (MYMENSINGH),	MYMENSINGH', 'à¦¶à¦¿à¦¬à¦—à¦žà§à¦œ(à¦®à§Ÿà¦®à¦¨à¦¸à¦¿à¦‚à¦¹),à¦®à§Ÿà¦®à¦¨à¦¸à¦¿à¦‚à¦¹', '', 1, 1, 0, 0, '2015-01-08 05:50:28', '0000-00-00 00:00:00', '0000-00-00 00:00:00'),
(799, '54ae0cbf-e104-47ed-8d4c-0fcca9baf6a0', 'TARERGHAT,	MYMENSINGH', 'à¦¤à¦¾à¦°à§‡à¦°à¦˜à¦¾à¦Ÿ,à¦®à§Ÿà¦®à¦¨à¦¸à¦¿à¦‚à¦¹', '', 1, 1, 0, 0, '2015-01-08 05:51:11', '0000-00-00 00:00:00', '0000-00-00 00:00:00'),
(800, '54ae0cdb-7948-4129-afe9-0fcca9baf6a0', 'TRISHAL,	MYMENSINGH', 'à¦¤à§à¦°à¦¿à¦¶à¦¾à¦²,à¦®à§Ÿà¦®à¦¨à¦¸à¦¿à¦‚à¦¹', '', 1, 1, 0, 0, '2015-01-08 05:51:39', '0000-00-00 00:00:00', '0000-00-00 00:00:00'),
(801, '54ae0cfd-8008-4f62-a331-0fcca9baf6a0', 'ABADPUKURHAT,	NAOGAON', 'à¦†à¦¬à¦¾à¦¦à¦ªà§à¦•à§à¦°à¦¹à¦¾à¦Ÿ,à¦¨à¦“à¦—à¦¾à¦', '', 1, 1, 0, 0, '2015-01-08 05:52:13', '0000-00-00 00:00:00', '0000-00-00 00:00:00'),
(802, '54ae0d3f-7570-4a6d-b2fa-0fcca9baf6a0', 'ATRAI,	NAOGAON', 'à¦†à¦¤à§à¦°à¦¾à¦‡,à¦¨à¦“à¦—à¦¾à¦', '', 1, 1, 0, 0, '2015-01-08 05:53:19', '0000-00-00 00:00:00', '0000-00-00 00:00:00'),
(803, '54ae0d5a-dc00-4a8a-8b99-0fcca9baf6a0', 'BADALGACHI,	NAOGAON', 'à¦¬à¦¾à¦¦à¦²à¦—à¦¾à¦›à¦¿,à¦¨à¦“à¦—à¦¾à¦', '', 1, 1, 0, 0, '2015-01-08 05:53:46', '0000-00-00 00:00:00', '0000-00-00 00:00:00'),
(804, '54ae0d87-10ec-4895-9484-0fcca9baf6a0', 'BHANDERPUR,	NAOGAON', 'à¦¬à¦¾à¦¨à§à¦¦à¦°à¦ªà§à¦°,à¦¨à¦“à¦—à¦¾à¦', '', 1, 1, 0, 0, '2015-01-08 05:54:31', '0000-00-00 00:00:00', '0000-00-00 00:00:00'),
(805, '54ae0dab-cde4-4249-91c6-0fcca9baf6a0', 'BHAWANIPUR BAZAR,	NAOGAON', 'à¦­à¦“à§Ÿà¦¾à¦¨à¦¿à¦ªà§à¦°,à¦¨à¦“à¦—à¦¾à¦', '', 1, 1, 0, 0, '2015-01-08 05:55:07', '0000-00-00 00:00:00', '0000-00-00 00:00:00'),
(806, '54ae0dd7-72b4-4fce-88d8-0fcca9baf6a0', 'DHAMOIRHAT,	NAOGAON', 'à¦§à¦¾à¦®à¦‡à¦°à¦¹à¦¾à¦Ÿ,à¦¨à¦“à¦—à¦¾à¦', '', 1, 1, 0, 0, '2015-01-08 05:55:51', '0000-00-00 00:00:00', '0000-00-00 00:00:00'),
(807, '54ae0e0c-7b1c-4a93-b5dd-0fcca9baf6a0', 'LADIES BRANCH, (NAOGAON),	NAOGAON', 'à¦²à§‡à¦¡à¦¿à¦¸ à¦¬à§à¦°à¦¾à¦žà§à¦š(à¦¨à¦“à¦—à¦¾à¦),à¦¨à¦“à¦—à¦¾à¦', '', 1, 1, 0, 0, '2015-01-08 05:56:44', '0000-00-00 00:00:00', '0000-00-00 00:00:00'),
(808, '54ae0e25-a3dc-425d-a75b-0fcca9baf6a0', 'MANDA,	NAOGAON', 'à¦®à¦¾à¦¨à§à¦¦à¦¾,à¦¨à¦“à¦—à¦¾à¦', '', 1, 1, 0, 0, '2015-01-08 05:57:09', '0000-00-00 00:00:00', '0000-00-00 00:00:00'),
(809, '54ae0e3d-a7c4-402f-a6de-0fcca9baf6a0', 'MOHADEVPUR,	NAOGAON', 'à¦®à¦¹à¦¾à¦¦à§‡à¦¬à¦ªà§à¦°,à¦¨à¦“à¦—à¦¾à¦', '', 1, 1, 0, 0, '2015-01-08 05:57:33', '0000-00-00 00:00:00', '0000-00-00 00:00:00'),
(810, '54ae0e75-dd08-48f1-b797-0fcca9baf6a0', 'MOHISHBATHAN,	NAOGAON', 'à¦®à¦¹à¦¿à¦¶à¦¬à¦¾à¦¥à¦¾à¦¨,à¦¨à¦“à¦—à¦¾à¦', '', 1, 1, 0, 0, '2015-01-08 05:58:29', '0000-00-00 00:00:00', '0000-00-00 00:00:00'),
(811, '54ae0e95-6a34-4234-9c47-0fcca9baf6a0', 'MONGALBARIHAT,	NAOGAON', 'à¦®à¦™à§à¦—à¦²à¦¬à¦¾à§œà¦¿à¦¹à¦¾à¦Ÿ,à¦¨à¦“à¦—à¦¾à¦', '', 1, 1, 0, 0, '2015-01-08 05:59:01', '0000-00-00 00:00:00', '0000-00-00 00:00:00'),
(812, '54ae0eb2-d6e4-4e79-88f9-0fcca9baf6a0', 'NAOGAON,	NAOGAON', 'à¦¨à¦“à¦—à¦¾à¦,à¦¨à¦“à¦—à¦¾à¦', '', 1, 1, 0, 0, '2015-01-08 05:59:30', '0000-00-00 00:00:00', '0000-00-00 00:00:00'),
(813, '54ae0ed4-2620-480c-847f-0fcca9baf6a0', 'NIAMATPUR (NAOGAON),	NAOGAON', 'à¦¨à¦¿à§Ÿà¦¾à¦®à¦¤à¦ªà§à¦°(à¦¨à¦“à¦—à¦¾à¦),à¦¨à¦“à¦—à¦¾à¦', '', 1, 1, 0, 0, '2015-01-08 06:00:04', '0000-00-00 00:00:00', '0000-00-00 00:00:00'),
(814, '54ae0eee-f19c-46a4-825b-0fcca9baf6a0', 'PATNITALA,	NAOGAON', 'à¦ªà¦¤à§à¦¨à§€à¦¤à¦²à¦¾,à¦¨à¦“à¦—à¦¾à¦', '', 1, 1, 0, 0, '2015-01-08 06:00:30', '0000-00-00 00:00:00', '0000-00-00 00:00:00'),
(815, '54ae0f0a-901c-4fa2-b5da-0fcca9baf6a0', 'PORSHA,	NAOGAON', 'à¦ªà§‹à¦°à¦¶à¦¾,à¦¨à¦“à¦—à¦¾à¦', '', 1, 1, 0, 0, '2015-01-08 06:00:58', '0000-00-00 00:00:00', '0000-00-00 00:00:00'),
(816, '54ae0f33-04e4-4dc3-b720-0fcca9baf6a0', 'RANINAGAR (NAOGAON),	NAOGAON', 'à¦°à¦¾à¦£à§€à¦¨à¦—à¦°(à¦¨à¦“à¦—à¦¾à¦),à¦¨à¦“à¦—à¦¾à¦', '', 1, 1, 0, 0, '2015-01-08 06:01:39', '0000-00-00 00:00:00', '0000-00-00 00:00:00'),
(817, '54ae0f4c-415c-4d8a-a794-0fcca9baf6a0', 'SAPAHAR,	NAOGAON', 'à¦¸à¦¾à¦ªà¦¾à¦¹à¦¾à¦°,à¦¨à¦“à¦—à¦¾à¦', '', 1, 1, 0, 0, '2015-01-08 06:02:04', '0000-00-00 00:00:00', '0000-00-00 00:00:00'),
(818, '54ae0f78-b8a8-453f-9d61-0fcca9baf6a0', 'T.T.D.C. (NAOGAON),	NAOGAON', 'à¦Ÿà¦¿.à¦Ÿà¦¿.à¦¡à¦¿.à¦¸à¦¿.(à¦¨à¦“à¦—à¦¾à¦),à¦¨à¦“à¦—à¦¾à¦', '', 1, 1, 0, 0, '2015-01-08 06:02:48', '0000-00-00 00:00:00', '0000-00-00 00:00:00'),
(819, '54ae0f99-c860-4655-ad57-0fcca9baf6a0', 'TRIMOHONI(NAOGAON),	NAOGAON', 'à¦¤à§à¦°à¦¿à¦®à§‹à¦¹à¦¨à§€(à¦¨à¦“à¦—à¦¾à¦),à¦¨à¦“à¦—à¦¾à¦', '', 1, 1, 0, 0, '2015-01-08 06:03:21', '0000-00-00 00:00:00', '0000-00-00 00:00:00'),
(820, '54ae0ff4-3410-4db7-b3b0-0fcca9baf6a0', 'CHACHURI BAZAR,	NARAIL', 'à¦šà¦¾à¦šà§à§œà¦¿ à¦¬à¦¾à¦œà¦¾à¦°,à¦¨à§œà¦¾à¦‡à¦²', '', 1, 1, 0, 0, '2015-01-08 06:04:52', '0000-00-00 00:00:00', '0000-00-00 00:00:00'),
(821, '54ae1009-8cc0-4bea-8b2f-0fcca9baf6a0', 'GOBRA,	NARAIL', 'à¦—à§‹à¦¬à¦°à¦¾,à¦¨à§œà¦¾à¦‡à¦²', '', 1, 1, 0, 0, '2015-01-08 06:05:13', '0000-00-00 00:00:00', '0000-00-00 00:00:00'),
(822, '54ae101e-2550-43d1-b8a9-0fcca9baf6a0', 'KALIA,	NARAIL', 'à¦•à¦¾à¦²à¦¿à§Ÿà¦¾,à¦¨à§œà¦¾à¦‡à¦²', '', 1, 1, 0, 0, '2015-01-08 06:05:34', '0000-00-00 00:00:00', '0000-00-00 00:00:00'),
(823, '54ae1045-0c7c-4e85-97df-0fcca9baf6a0', 'LADIES BRANCH (NARAIL),	NARAIL', 'à¦²à§‡à¦¡à¦¿à¦¸ à¦¬à§à¦°à¦¾à¦žà§à¦š(à¦¨à§œà¦¾à¦‡à¦²),à¦¨à§œà¦¾à¦‡à¦²', '', 1, 1, 0, 0, '2015-01-08 06:06:13', '0000-00-00 00:00:00', '0000-00-00 00:00:00'),
(824, '54ae1077-669c-4247-aa8f-0fcca9baf6a0', 'LAXMIPASHA,	NARAIL', 'à¦²à¦¹à§à¦®à§€à¦ªà¦¾à¦¶à¦¾,à¦¨à§œà¦¾à¦‡à¦²', '', 1, 1, 0, 0, '2015-01-08 06:07:03', '0000-00-00 00:00:00', '0000-00-00 00:00:00'),
(825, '54ae1095-4764-427d-b64e-0fcca9baf6a0', 'LOHAGARA BAZAR,	NARAIL', 'à¦²à§‹à¦¹à¦¾à¦—à§œà¦¾ à¦¬à¦¾à¦œà¦¾à¦°,à¦¨à§œà¦¾à¦‡à¦²', '', 1, 1, 0, 0, '2015-01-08 06:07:33', '0000-00-00 00:00:00', '0000-00-00 00:00:00'),
(826, '54ae10b0-b170-428d-9db1-0fcca9baf6a0', 'MOHAJAN BAZAR,	NARAIL', 'à¦®à¦¹à¦¾à¦œà¦¨ à¦¬à¦¾à¦œà¦¾à¦°,à¦¨à§œà¦¾à¦‡à¦²', '', 1, 1, 0, 0, '2015-01-08 06:08:00', '0000-00-00 00:00:00', '0000-00-00 00:00:00'),
(827, '54ae10c7-8cb0-49f5-82c2-0fcca9baf6a0', 'NARAIL,	NARAIL', 'à¦¨à§œà¦¾à¦‡à¦²,à¦¨à§œà¦¾à¦‡à¦²', '', 1, 1, 0, 0, '2015-01-08 06:08:23', '0000-00-00 00:00:00', '0000-00-00 00:00:00'),
(828, '54ae10e6-5de8-4fa1-b2ae-0fcca9baf6a0', 'PIROLI BAZAR,	NARAIL', 'à¦ªà¦¿à§œà¦²à§€ à¦¬à¦¾à¦œà¦¾à¦°,à¦¨à§œà¦¾à¦‡à¦²', '', 1, 1, 0, 0, '2015-01-08 06:08:54', '0000-00-00 00:00:00', '0000-00-00 00:00:00'),
(829, '54ae1106-a5d0-439d-8e07-0fcca9baf6a0', 'RUPGONJ (NARAIL),	NARAIL', 'à¦°à§à¦ªà¦—à¦žà§à¦œ(à¦¨à§œà¦¾à¦‡à¦²),à¦¨à§œà¦¾à¦‡à¦²', '', 1, 1, 0, 0, '2015-01-08 06:09:26', '0000-00-00 00:00:00', '0000-00-00 00:00:00'),
(830, '54ae111e-0da4-4ff9-ab98-0fcca9baf6a0', 'TULARAMPUR,	NARAIL', 'à¦¤à§à¦²à¦¾à¦°à¦¾à¦®à¦ªà§à¦°,à¦¨à§œà¦¾à¦‡à¦²', '', 1, 1, 0, 0, '2015-01-08 06:09:50', '0000-00-00 00:00:00', '0000-00-00 00:00:00'),
(831, '54ae1147-e110-4295-aa2d-0fcca9baf6a0', 'Bandor Br,	Narayan Gong', 'à¦¬à¦¾à¦¨à§à¦¦à¦° à¦¬à¦¿à¦†à¦°.,à¦¨à¦¾à¦°à¦¾à§Ÿà¦£à¦—à¦žà§à¦œ', '', 1, 1, 0, 0, '2015-01-08 06:10:31', '0000-00-00 00:00:00', '0000-00-00 00:00:00'),
(832, '54ae1165-3698-4b67-959a-0fcca9baf6a0', 'ARAIHAZAR,	NARAYANGONJ', 'à¦†à§œà¦¾à¦‡à¦¹à¦¾à¦œà¦¾à¦°,à¦¨à¦¾à¦°à¦¾à§Ÿà¦£à¦—à¦žà§à¦œ', '', 1, 1, 0, 0, '2015-01-08 06:11:01', '0000-00-00 00:00:00', '0000-00-00 00:00:00'),
(833, '54ae1193-2b58-4065-b475-0fcca9baf6a0', 'AZIM MARKET (N.GONJ),	NARAYANGONJ', 'à¦†à¦œà¦¿à¦® à¦®à¦¾à¦°à§à¦•à§‡à¦Ÿ(à¦¨à¦¾.à¦—à¦žà§à¦œ),à¦¨à¦¾à¦°à¦¾à§Ÿà¦¨à¦—à¦žà§à¦œ', '', 1, 1, 0, 0, '2015-01-08 06:11:47', '0000-00-00 00:00:00', '0000-00-00 00:00:00'),
(834, '54ae11e5-e624-4421-adbf-0fcca9baf6a0', 'DAPA,	NARAYANGONJ', 'à¦¦à¦¾à¦ªà¦¾,à¦¨à¦¾à¦°à¦¾à§Ÿà¦£à¦—à¦žà§à¦œ', '', 1, 1, 0, 0, '2015-01-08 06:13:09', '0000-00-00 00:00:00', '0000-00-00 00:00:00'),
(835, '54ae1206-949c-4de3-8632-0fcca9baf6a0', 'DHARMAGANJ,	NARAYANGONJ', 'à¦§à¦°à¦®à¦¾à¦—à¦žà§à¦œ,à¦¨à¦¾à¦°à¦¾à§Ÿà¦£à¦—à¦žà§à¦œ', '', 1, 1, 0, 0, '2015-01-08 06:13:42', '0000-00-00 00:00:00', '0000-00-00 00:00:00'),
(836, '54ae1220-0330-4427-9812-0fcca9baf6a0', 'DHUPTARA,	NARAYANGONJ', 'à¦§à§à¦ªà¦¤à¦¾à¦°à¦¾,à¦¨à¦¾à¦°à¦¾à§Ÿà¦£à¦—à¦žà§à¦œ', '', 1, 1, 0, 0, '2015-01-08 06:14:08', '0000-00-00 00:00:00', '0000-00-00 00:00:00'),
(837, '54ae1243-79e0-45fa-8d6c-0fcca9baf6a0', 'GOPALDI BAZAR	,NARAYANGONJ', 'à¦—à§‹à¦ªà¦¾à¦²à¦¦à¦¿ à¦¬à¦¾à¦œà¦¾à¦°,à¦¨à¦¾à¦°à¦¾à§Ÿà¦£à¦—à¦žà§à¦œ', '', 1, 1, 0, 0, '2015-01-08 06:14:43', '0000-00-00 00:00:00', '0000-00-00 00:00:00'),
(838, '54ae125e-eecc-458c-a895-0fcca9baf6a0', 'KURIPARA,	NARAYANGONJ', 'à¦•à§à§œà¦¿à¦ªà¦¾à§œà¦¾,à¦¨à¦¾à¦°à¦¾à§Ÿà¦£à¦—à¦žà§à¦œ', '', 1, 1, 0, 0, '2015-01-08 06:15:10', '0000-00-00 00:00:00', '0000-00-00 00:00:00'),
(839, '54ae1285-1e0c-4f69-bdab-0fcca9baf6a0', 'LADIES BRANCH (NARAYANGANJ),	NARAYANGONJ', 'à¦²à§‡à¦¡à¦¿à¦¸ à¦¬à§à¦°à¦¾à¦žà§à¦š(à¦¨à¦¾à¦°à¦¾à§Ÿà¦£à¦—à¦žà§à¦œ),à¦¨à¦¾à¦°à¦¾à§Ÿà¦£à¦—à¦žà§à¦œ', '', 1, 1, 0, 0, '2015-01-08 06:15:49', '0000-00-00 00:00:00', '0000-00-00 00:00:00'),
(840, '54ae129e-42dc-4dc8-9ae8-0fcca9baf6a0', 'MADANGANJ,	NARAYANGONJ', 'à¦®à¦¦à¦¨à¦—à¦žà§à¦œ,à¦¨à¦¾à¦°à¦¾à§Ÿà¦£à¦—à¦žà§à¦œ', '', 1, 1, 0, 0, '2015-01-08 06:16:14', '0000-00-00 00:00:00', '0000-00-00 00:00:00'),
(841, '54ae12b7-849c-4d38-aeac-0fcca9baf6a0', 'MUGRAPARA,	NARAYANGONJ', 'à¦®à§à¦—à¦°à¦¾à¦ªà¦¾à§œà¦¾,à¦¨à¦¾à¦°à¦¾à§Ÿà¦£à¦—à¦žà§à¦œ', '', 1, 1, 0, 0, '2015-01-08 06:16:39', '0000-00-00 00:00:00', '0000-00-00 00:00:00'),
(842, '54ae12d6-d190-4efa-a957-0fcca9baf6a0', 'MUGRAPARA	NARAYANGONJ NABIGANJ (N.GANJ),	NARAYANGONJ', 'à¦¨à¦¬à§€à¦—à¦žà§à¦œ(à¦¨à¦¾.à¦—à¦žà§à¦œ),à¦¨à¦¾à¦°à¦¾à§Ÿà¦£à¦—à¦žà§à¦œ', '', 1, 1, 0, 0, '2015-01-08 06:17:10', '0000-00-00 00:00:00', '0000-00-00 00:00:00'),
(843, '54ae12ff-0418-470b-bd8b-0fcca9baf6a0', 'NARAYANGANJ DOCK YARD,	NARAYANGONJ', 'à¦¨à¦¾à¦°à¦¾à§Ÿà¦£à¦—à¦žà§à¦œ à¦¡à¦• à¦‡à§Ÿà¦¾à¦°à§à¦¡,à¦¨à¦¾à¦°à¦¾à§Ÿà¦£à¦—à¦žà§à¦œ', '', 1, 1, 0, 0, '2015-01-08 06:17:51', '0000-00-00 00:00:00', '0000-00-00 00:00:00'),
(844, '54ae13ab-879c-474b-b2e5-0fcca9baf6a0', 'NARAYANGONJ CORPORATE BR.,	NARAYANGONJ', 'à¦¨à¦¾à¦°à¦¾à§Ÿà¦£à¦—à¦žà§à¦œ à¦•à¦°à§à¦ªà§‹à¦°à§‡à¦Ÿ à¦¬à¦¿à¦†à¦°.,à¦¨à¦¾à¦°à¦¾à§Ÿà¦£à¦—à¦žà§à¦œ', '', 1, 1, 0, 0, '2015-01-08 06:20:43', '0000-00-00 00:00:00', '0000-00-00 00:00:00'),
(845, '54ae13ca-196c-4cc1-a8b1-0fcca9baf6a0', 'NETAIGANJ,	NARAYANGONJ', 'à¦¨à¦¿à¦¤à¦¾à¦‡à¦—à¦žà§à¦œ,à¦¨à¦¾à¦°à¦¾à§Ÿà¦£à¦—à¦žà§à¦œ', '', 1, 1, 0, 0, '2015-01-08 06:21:14', '0000-00-00 00:00:00', '0000-00-00 00:00:00'),
(846, '54ae1408-8334-4ce0-9d02-0fccc0a80109', 'PUNCHRUKHI,	NARAYANGONJ', 'à¦ªà¦¾à¦à¦šà¦°à§à¦–à¦¿,à¦¨à¦¾à¦°à¦¾à§Ÿà¦£à¦—à¦žà§à¦œ', '', 1, 1, 0, 0, '2015-01-08 06:22:16', '0000-00-00 00:00:00', '0000-00-00 00:00:00'),
(847, '54ae1622-ad4c-4630-bae9-0fcca9baf6a0', 'RUPGANJ (NARAYANGANJ),	NARAYANGONJ', 'à¦°à§à¦ªà¦—à¦žà§à¦œ(à¦¨à¦¾à¦°à¦¾à§Ÿà¦£à¦—à¦žà§à¦œ),à¦¨à¦¾à¦°à¦¾à§Ÿà¦£à¦—à¦žà§à¦œ', '', 1, 1, 0, 0, '2015-01-08 06:31:14', '0000-00-00 00:00:00', '0000-00-00 00:00:00'),
(848, '54ae164c-b86c-4b89-8122-0fcca9baf6a0', 'SONARGAON,	NARAYANGONJ', 'à¦¸à§‹à¦¨à¦¾à¦°à¦—à¦¾à¦à¦“,à¦¨à¦¾à¦°à¦¾à§Ÿà¦£à¦—à¦žà§à¦œ', '', 1, 1, 0, 0, '2015-01-08 06:31:56', '0000-00-00 00:00:00', '0000-00-00 00:00:00'),
(849, '54ae1669-06bc-4eea-81f6-0fcca9baf6a0', 'TARABOO BAZAR,	NARAYANGONJ', 'à¦¤à¦¾à¦°à¦¾à¦¬à§‹ à¦¬à¦¾à¦œà¦¾à¦°,à¦¨à¦¾à¦°à¦¾à§Ÿà¦£à¦—à¦žà§à¦œ', '', 1, 1, 0, 0, '2015-01-08 06:32:25', '0000-00-00 00:00:00', '0000-00-00 00:00:00'),
(850, '54ae1687-69c0-43fc-9a27-0fcca9baf6a0', 'Poradia Bazar,	Narsindi', 'à¦ªà¦°à¦¾à¦¦à¦¿à§Ÿà¦¾ à¦¬à¦¾à¦œà¦¾à¦°,à¦¨à¦°à¦¸à¦¿à¦‚à¦¦à§€', '', 1, 1, 0, 0, '2015-01-08 06:32:55', '0000-00-00 00:00:00', '0000-00-00 00:00:00'),
(851, '54ae16bd-0764-4c6f-ab8c-0fcca9baf6a0', 'BELABOO,	NARSINGDI', 'à¦¬à§‡à¦²à¦¾à¦¬à§‹,à¦¨à¦°à¦¸à¦¿à¦‚à¦¦à§€', '', 1, 1, 0, 0, '2015-01-08 06:33:49', '0000-00-00 00:00:00', '0000-00-00 00:00:00'),
(852, '54ae16ee-2e9c-4b54-a86c-0fcca9baf6a0', 'COURT BUILDING Br. NARSINGDI,	NARSINGDI', 'à¦•à§‹à¦°à§à¦Ÿ à¦¬à¦¿à¦²à§à¦¡à¦¿à¦‚ à¦¬à¦¿à¦†à¦°. à¦¨à¦°à¦¸à¦¿à¦‚à¦¦à§€,à¦¨à¦°à¦¸à¦¿à¦‚à¦¦à§€', '', 1, 1, 0, 0, '2015-01-08 06:34:38', '0000-00-00 00:00:00', '0000-00-00 00:00:00'),
(853, '54ae1712-e350-4c7e-b2d2-0fcca9baf6a0', 'DANGA	,NARSINGDI', 'à¦¦à¦¾à¦‚à¦˜à¦¾,à¦¨à¦°à¦¸à¦¿à¦‚à¦¦à§€', '', 1, 1, 0, 0, '2015-01-08 06:35:14', '0000-00-00 00:00:00', '0000-00-00 00:00:00'),
(854, '54ae17b4-86c0-4564-a1f8-0fcca9baf6a0', 'GHORASAL,	NARSINGDI', 'à¦˜à§‹à§œà¦¾à¦¶à¦¾à¦²,à¦¨à¦°à¦¸à¦¿à¦‚à¦¦à§€', '', 1, 1, 0, 0, '2015-01-08 06:37:56', '0000-00-00 00:00:00', '0000-00-00 00:00:00'),
(855, '54ae17f0-10ac-4348-b27c-0fcca9baf6a0', 'GORADIA,	NARSINGDI', 'à¦˜à§‹à§œà¦¾à¦¦à§€à§Ÿà¦¾,à¦¨à¦°à¦¸à¦¿à¦‚à¦¦à§€', '', 1, 1, 0, 0, '2015-01-08 06:38:56', '0000-00-00 00:00:00', '0000-00-00 00:00:00'),
(856, '54ae180b-ea24-4581-8f83-0fcca9baf6a0', 'MADHABDI	,NARSINGDI', 'à¦®à¦¾à¦§à¦¬à¦¦à§€,à¦¨à¦°à¦¸à¦¿à¦‚à¦¦à§€', '', 1, 1, 0, 0, '2015-01-08 06:39:23', '0000-00-00 00:00:00', '0000-00-00 00:00:00'),
(857, '54ae1826-24ec-4783-a1dd-0fcca9baf6a0', 'MONOHARDI,	NARSINGDI', 'à¦®à¦¨à§‹à¦¹à¦°à¦¦à§€,à¦¨à¦°à¦¸à¦¿à¦‚à¦¦à§€', '', 1, 1, 0, 0, '2015-01-08 06:39:50', '0000-00-00 00:00:00', '0000-00-00 00:00:00'),
(858, '54ae1846-db80-4eca-ad5d-0fcca9baf6a0', 'NARAYANPUR BAZAR,	NARSINGDI', 'à¦¨à¦¾à¦°à¦¾à§Ÿà¦£à¦ªà§à¦° à¦¬à¦¾à¦œà¦¾à¦°,à¦¨à¦°à¦¸à¦¿à¦‚à¦¦à§€', '', 1, 1, 0, 0, '2015-01-08 06:40:22', '0000-00-00 00:00:00', '0000-00-00 00:00:00'),
(859, '54ae18f6-9bd8-4a2d-aa26-0fcca9baf6a0', 'NARSINGDI,	NARSINGDI', 'à¦¨à¦°à¦¸à¦¿à¦‚à¦¦à§€,à¦¨à¦°à¦¸à¦¿à¦‚à¦¦à§€', '', 1, 1, 0, 0, '2015-01-08 06:43:18', '0000-00-00 00:00:00', '0000-00-00 00:00:00'),
(860, '54ae1911-6954-4071-8456-0fcca9baf6a0', 'PALASH,	NARSINGDI', 'à¦ªà¦²à¦¾à¦¶,à¦¨à¦°à¦¸à¦¿à¦‚à¦¦à§€', '', 1, 1, 0, 0, '2015-01-08 06:43:45', '0000-00-00 00:00:00', '0000-00-00 00:00:00'),
(861, '54ae1933-72ec-4665-8258-0fcca9baf6a0', 'PANCHDONA,	NARSINGDI', 'à¦ªà¦¾à¦à¦šà¦¦à§‹à¦¨à¦¾,à¦¨à¦°à¦¸à¦¿à¦‚à¦¦à§€', '', 1, 1, 0, 0, '2015-01-08 06:44:19', '0000-00-00 00:00:00', '0000-00-00 00:00:00'),
(862, '54ae1955-33f4-479c-9d3a-0fcca9baf6a0', 'PUTIA (NARSINGDI),	NARSINGDI', 'à¦ªà§à¦à¦Ÿà¦¿à§Ÿà¦¾(à¦¨à¦°à¦¸à¦¿à¦‚à¦¦à§€),à¦¨à¦°à¦¸à¦¿à¦‚à¦¦à§€', '', 1, 1, 0, 0, '2015-01-08 06:44:53', '0000-00-00 00:00:00', '0000-00-00 00:00:00'),
(863, '54ae1adc-1be0-453c-ac0e-0fcca9baf6a0', 'RAIPURA,	NARSINGDI', 'à¦°à¦¾à§Ÿà¦ªà§à¦°,à¦¨à¦°à¦¸à¦¿à¦‚à¦¦à§€', '', 1, 1, 0, 0, '2015-01-08 06:51:24', '0000-00-00 00:00:00', '0000-00-00 00:00:00'),
(864, '54ae1b20-7b04-42e1-8465-0fcca9baf6a0', 'SATIRPARA,	NARSINGDI', 'à¦¸à¦¾à¦¤à¦¿à¦°à¦ªà¦¾à§œà¦¾,à¦¨à¦°à¦¸à¦¿à¦‚à¦¦à§€', '', 1, 1, 0, 0, '2015-01-08 06:52:32', '0000-00-00 00:00:00', '0000-00-00 00:00:00'),
(865, '54ae1b3c-9b68-4fd0-893d-0fcca9baf6a0', 'SHIBPUR (NARSINGDI),	NARSINGDI', 'à¦¶à¦¿à¦¬à¦ªà§à¦°(à¦¨à¦°à¦¸à¦¿à¦‚à¦¦à§€),à¦¨à¦°à¦¸à¦¿à¦‚à¦¦à§€', '', 1, 1, 0, 0, '2015-01-08 06:53:00', '0000-00-00 00:00:00', '0000-00-00 00:00:00'),
(866, '54ae1b57-adf8-408c-a3c4-0fcca9baf6a0', 'SHIBPUR BAZAR,	NARSINGDI', 'à¦¶à¦¿à¦¬à¦ªà§à¦° à¦¬à¦¾à¦œà¦¾à¦°,à¦¨à¦°à¦¸à¦¿à¦‚à¦¦à§€', '', 1, 1, 0, 0, '2015-01-08 06:53:27', '0000-00-00 00:00:00', '0000-00-00 00:00:00'),
(867, '54ae1b73-7330-4e24-aafa-0fcca9baf6a0', 'AHMEDPUR,	NATORE', 'à¦†à¦¹à¦®à§‡à¦¦à¦ªà§à¦°,à¦¨à¦¾à¦Ÿà§‹à¦°', '', 1, 1, 0, 0, '2015-01-08 06:53:55', '0000-00-00 00:00:00', '0000-00-00 00:00:00'),
(868, '54ae1bbf-e874-423d-97e4-0fcca9baf6a0', 'BAGATIPARA,	NATORE', 'à¦¬à¦¾à¦—à¦¾à¦¤à¦¿à¦ªà¦¾à§œà¦¾,à¦¨à¦¾à¦Ÿà§‹à¦°', '', 1, 1, 0, 0, '2015-01-08 06:55:11', '0000-00-00 00:00:00', '0000-00-00 00:00:00'),
(869, '54ae1bdb-eb80-459a-bbe6-0fcca9baf6a0', 'BARAIGRAM,	NATORE', 'à¦¬à§œà¦¾à¦‡à¦—à§à¦°à¦¾à¦®,à¦¨à¦¾à¦Ÿà§‹à¦°', '', 1, 1, 0, 0, '2015-01-08 06:55:39', '0000-00-00 00:00:00', '0000-00-00 00:00:00'),
(870, '54ae1c21-31c0-47ab-986e-0fcca9baf6a0', 'CHANCHKOIR,	NATORE', 'à¦šà¦¾à¦¨à§à¦šà¦•à§ˆà¦°,à¦¨à¦¾à¦Ÿà§‹à¦°', '', 1, 1, 0, 0, '2015-01-08 06:56:49', '0000-00-00 00:00:00', '0000-00-00 00:00:00'),
(871, '54ae1c63-54f8-4387-ba36-0fcca9baf6a0', 'DAYARAMPUR,	NATORE', 'à¦¦à§Ÿà¦¾à¦°à¦¾à¦®à¦ªà§à¦°,à¦¨à¦¾à¦Ÿà§‹à¦°', '', 1, 1, 0, 0, '2015-01-08 06:57:55', '0000-00-00 00:00:00', '0000-00-00 00:00:00'),
(872, '54ae1d43-fe84-442a-aa29-0fcca9baf6a0', 'DAYARAMPUR,	NATORE', 'à¦¦à§Ÿà¦¾à¦°à¦¾à¦®à¦ªà§à¦°,à¦¨à¦¾à¦Ÿà§‹à¦°', '', 2, 1, 0, 1, '2015-01-08 07:01:39', '0000-00-00 00:00:00', '2015-01-08 07:49:52'),
(873, '54ae275c-1854-4aed-98a1-0fcca9baf6a0', 'BAGATIPARA,	NATORE', 'à¦¬à¦¾à¦—à¦¾à¦¤à¦¿à¦ªà¦¾à§œà¦¾,à¦¨à¦¾à¦Ÿà§‹à¦°', '', 2, 1, 0, 1, '2015-01-08 07:44:44', '0000-00-00 00:00:00', '2015-01-08 07:51:33'),
(874, '54ae2788-d03c-40a4-a4d7-0fcca9baf6a0', 'DAYARAMPUR,	NATORE', 'à¦¦à§Ÿà¦¾à¦°à¦¾à¦®à¦ªà§à¦°,à¦¨à¦¾à¦Ÿà§‹à¦°', '', 2, 1, 1, 1, '2015-01-08 07:45:28', '2015-01-08 07:48:39', '2015-01-08 07:50:46'),
(875, '54ae295c-4540-45fb-bc2a-0fcca9baf6a0', 'FULBAGAN BR.,	NATORE', 'à¦«à§à¦²à¦¬à¦¾à¦—à¦¾à¦¨ à¦¬à¦¿à¦†à¦°.,à¦¨à¦¾à¦Ÿà§‹à¦°', '', 1, 1, 0, 0, '2015-01-08 07:53:16', '0000-00-00 00:00:00', '0000-00-00 00:00:00'),
(876, '54ae35e1-477c-4e5b-92b4-0fcca9baf6a0', 'GURUDASHPUR,	NATORE', 'à¦—à§à¦°à§à¦¦à¦¾à¦¸à¦ªà§à¦°,à¦¨à¦¾à¦Ÿà§‹à¦°', '', 1, 1, 0, 0, '2015-01-08 08:46:41', '0000-00-00 00:00:00', '0000-00-00 00:00:00'),
(877, '54ae3614-e740-43c1-b69b-0fcca9baf6a0', 'LADIES BRANCH (NATORE),	NATORE', 'à¦²à§‡à¦¡à¦¿à¦¸ à¦¬à§à¦°à¦¾à¦žà§à¦š(à¦¨à¦¾à¦Ÿà§‹à¦°),à¦¨à¦¾à¦Ÿà§‹à¦°', '', 1, 1, 0, 0, '2015-01-08 08:47:32', '0000-00-00 00:00:00', '0000-00-00 00:00:00'),
(878, '54ae362c-6de8-4c0c-8d99-0fcca9baf6a0', 'LALPUR,	NATORE', 'à¦²à¦¾à¦²à¦ªà§à¦°,à¦¨à¦¾à¦Ÿà§‹à¦°', '', 1, 1, 0, 0, '2015-01-08 08:47:56', '0000-00-00 00:00:00', '0000-00-00 00:00:00'),
(879, '54ae364b-19d0-4baf-863d-0fcca9baf6a0', 'NALDANGA BR.,	NATORE', 'à¦¨à¦²à¦¡à¦¾à¦™à§à¦—à¦¾ à¦¬à¦¿à¦†à¦°.,à¦¨à¦¾à¦Ÿà§‹à¦°', '', 1, 1, 0, 0, '2015-01-08 08:48:27', '0000-00-00 00:00:00', '0000-00-00 00:00:00'),
(880, '54ae3663-613c-4f27-b177-0fcca9baf6a0', 'NATORE,	NATORE', 'à¦¨à¦¾à¦Ÿà§‹à¦°,à¦¨à¦¾à¦Ÿà§‹à¦°', '', 1, 1, 0, 0, '2015-01-08 08:48:51', '0000-00-00 00:00:00', '0000-00-00 00:00:00'),
(881, '54ae3686-aff0-4e47-bc66-0fcca9baf6a0', 'NATORE STATION BAZAR,	NATORE', 'à¦¨à¦¾à¦Ÿà§‹à¦° à¦¸à§à¦Ÿà§‡à¦¶à¦¨ à¦¬à¦¾à¦œà¦¾à¦°,à¦¨à¦¾à¦Ÿà§‹à¦°', '', 1, 1, 0, 0, '2015-01-08 08:49:26', '0000-00-00 00:00:00', '0000-00-00 00:00:00'),
(882, '54ae36a6-7608-4fe1-a459-0fcca9baf6a0', 'SINGRA,	NATORE', 'à¦¸à¦¿à¦‚à¦°à¦¾,à¦¨à¦¾à¦Ÿà§‹à¦°', '', 1, 1, 0, 0, '2015-01-08 08:49:58', '0000-00-00 00:00:00', '0000-00-00 00:00:00'),
(883, '54ae36c0-efa8-4c1c-b9ff-0fcca9baf6a0', 'ATPARA,	NETROKONA', 'à¦†à¦Ÿà¦ªà¦¾à§œà¦¾,à¦¨à§‡à¦¤à§à¦°à¦•à§‹à¦¨à¦¾', '', 1, 1, 0, 0, '2015-01-08 08:50:24', '0000-00-00 00:00:00', '0000-00-00 00:00:00'),
(884, '54ae3732-9f2c-43d6-8b60-0fcca9baf6a0', 'BARHATTA,	NETROKONA', 'à¦¬à¦¾à¦°à¦¹à¦¾à¦Ÿà§à¦Ÿà¦¾,à¦¨à§‡à¦¤à§à¦°à¦•à§‹à¦¨à¦¾', '', 1, 1, 0, 0, '2015-01-08 08:52:18', '0000-00-00 00:00:00', '0000-00-00 00:00:00'),
(885, '54ae3750-5094-4546-9903-0fcca9baf6a0', 'DURGAPUR,	NETROKONA', 'à¦¦à§‚à¦°à§à¦—à¦¾à¦ªà§à¦°,à¦¨à§‡à¦¤à§à¦°à¦•à§‹à¦¨à¦¾', '', 1, 1, 0, 0, '2015-01-08 08:52:48', '0000-00-00 00:00:00', '0000-00-00 00:00:00'),
(886, '54ae3776-1be0-4b3c-aa38-0fcca9baf6a0', 'KALMAKANDA,	NETROKONA', 'à¦•à¦²à¦®à¦¾à¦•à¦¾à¦¨à§à¦¦à¦¾,à¦¨à§‡à¦¤à§à¦°à¦•à§‹à¦¨à¦¾', '', 1, 1, 0, 0, '2015-01-08 08:53:26', '0000-00-00 00:00:00', '0000-00-00 00:00:00'),
(887, '54ae378f-0e4c-42b5-8749-0fcca9baf6a0', 'KENDUA,	NETROKONA', 'à¦•à§‡à¦¨à§à¦¦à§à§Ÿà¦¾,à¦¨à§‡à¦¤à§à¦°à¦•à§‹à¦¨à¦¾', '', 1, 1, 0, 0, '2015-01-08 08:53:51', '0000-00-00 00:00:00', '0000-00-00 00:00:00'),
(888, '54ae37b7-97f8-4c3b-8366-0fcca9baf6a0', 'KHALIAJHURI,	NETROKONA', 'à¦–à¦¾à¦²à¦¿à§Ÿà¦¾à¦œà§à§œà¦¿,à¦¨à§‡à¦¤à§à¦°à¦•à§‹à¦¨à¦¾', '', 1, 1, 0, 0, '2015-01-08 08:54:31', '0000-00-00 00:00:00', '0000-00-00 00:00:00'),
(889, '54ae37de-3448-4b78-a796-0fcca9baf6a0', 'LEPSIA,	NETROKONA', 'à¦²à§‡à¦ªà¦¸à¦¿à§Ÿà¦¾,à¦¨à§‡à¦¤à§à¦°à¦•à§‹à¦¨à¦¾', '', 1, 1, 0, 0, '2015-01-08 08:55:10', '0000-00-00 00:00:00', '0000-00-00 00:00:00'),
(890, '54ae37f4-b928-46d5-9bfb-0fcca9baf6a0', 'MADAN	,NETROKONA', 'à¦®à¦¦à¦¨,à¦¨à§‡à¦¤à§à¦°à¦•à§‹à¦¨à¦¾', '', 1, 1, 0, 0, '2015-01-08 08:55:32', '0000-00-00 00:00:00', '0000-00-00 00:00:00'),
(891, '54ae380d-bb34-4552-b010-0fcca9baf6a0', 'MADANPUR,	NETROKONA', 'à¦®à¦¦à¦¨à¦ªà§à¦°,à¦¨à§‡à¦¤à§à¦°à¦•à§‹à¦¨à¦¾', '', 1, 1, 0, 0, '2015-01-08 08:55:57', '0000-00-00 00:00:00', '0000-00-00 00:00:00'),
(892, '54ae382a-81dc-4b09-af14-0fcca9baf6a0', 'MOHANGONJ,	NETROKONA', 'à¦®à§‹à¦¹à¦¨à¦—à¦žà§à¦œ,à¦¨à§‡à¦¤à§à¦°à¦•à§‹à¦¨à¦¾', '', 1, 1, 0, 0, '2015-01-08 08:56:26', '0000-00-00 00:00:00', '0000-00-00 00:00:00'),
(893, '54ae3845-4a24-41b2-b222-0fcca9baf6a0', 'NETROKONA,	NETROKONA', 'à¦¨à§‡à¦¤à§à¦°à¦•à§‹à¦¨à¦¾,à¦¨à§‡à¦¤à§à¦°à¦•à§‹à¦¨à¦¾', '', 1, 1, 0, 0, '2015-01-08 08:56:53', '0000-00-00 00:00:00', '0000-00-00 00:00:00'),
(894, '54ae3861-5b50-4119-b3e3-0fcca9baf6a0', 'PURBADHALA,	NETROKONA', 'à¦ªà§‚à¦°à§à¦¬à¦§à¦²à¦¾,à¦¨à§‡à¦¤à§à¦°à¦•à§‹à¦¨à¦¾', '', 1, 1, 0, 0, '2015-01-08 08:57:21', '0000-00-00 00:00:00', '0000-00-00 00:00:00'),
(895, '54ae3887-5f04-4cbb-9c8d-0fcca9baf6a0', 'THAKURKONA BAZAR,	NETROKONA', 'à¦ à¦¾à¦•à§à¦°à¦•à§‹à¦¨à¦¾ à¦¬à¦¾à¦œà¦¾à¦°,à¦¨à§‡à¦¤à§à¦°à¦•à§‹à¦¨à¦¾', '', 1, 1, 0, 0, '2015-01-08 08:57:59', '0000-00-00 00:00:00', '0000-00-00 00:00:00'),
(896, '54ae38b4-4ff4-406b-8d67-0fcca9baf6a0', 'BHABANIGONJ (NILPHAMARI),	NILPHAMARI', 'à¦­à¦¬à¦¾à¦¨à§€à¦—à¦žà§à¦œ(à¦¨à§€à¦²à¦«à¦¾à¦®à¦¾à¦°à§€),à¦¨à§€à¦²à¦«à¦¾à¦®à¦¾à¦°à§€', '', 1, 1, 0, 0, '2015-01-08 08:58:44', '0000-00-00 00:00:00', '0000-00-00 00:00:00'),
(897, '54ae38d1-18f8-4dc8-a06f-0fcca9baf6a0', 'CHILAHATI,	NILPHAMARI', 'à¦šà¦¿à¦²à¦¾à¦¹à¦Ÿà¦¿,à¦¨à§€à¦²à¦«à¦¾à¦®à¦¾à¦°à§€', '', 1, 1, 0, 0, '2015-01-08 08:59:13', '0000-00-00 00:00:00', '0000-00-00 00:00:00'),
(898, '54ae3916-0484-467e-8abd-0fcca9baf6a0', 'DIMLA,	NILPHAMARI', 'à¦¡à¦¿à¦®à¦²à¦¾,à¦¨à§€à¦²à¦«à¦¾à¦®à¦¾à¦°à§€', '', 1, 1, 0, 0, '2015-01-08 09:00:22', '0000-00-00 00:00:00', '0000-00-00 00:00:00'),
(899, '54ae392f-d164-48f7-8301-0fcca9baf6a0', 'DOMAR,	NILPHAMARI', 'à¦¡à§‹à¦®à¦¾à¦°,à¦¨à§€à¦²à¦«à¦¾à¦®à¦¾à¦°à§€', '', 1, 1, 0, 0, '2015-01-08 09:00:47', '0000-00-00 00:00:00', '0000-00-00 00:00:00'),
(900, '54ae394c-d5a8-45b2-9cb6-0fcca9baf6a0', 'JALDHAKA,	NILPHAMARI', 'à¦œà¦²à¦¢à¦¾à¦•à¦¾,à¦¨à§€à¦²à¦«à¦¾à¦®à¦¾à¦°à§€', '', 1, 1, 0, 0, '2015-01-08 09:01:16', '0000-00-00 00:00:00', '0000-00-00 00:00:00'),
(901, '54ae3971-8bf4-4316-8434-0fcca9baf6a0', 'KISHOREGONJ (NILPHAMARI),	NILPHAMARI', 'à¦•à¦¿à¦¶à§‹à¦°à¦—à¦žà§à¦œ(à¦¨à§€à¦²à¦«à¦¾à¦®à¦¾à¦°à§€),à¦¨à§€à¦²à¦«à¦¾à¦®à¦¾à¦°à§€', '', 1, 1, 0, 0, '2015-01-08 09:01:53', '0000-00-00 00:00:00', '0000-00-00 00:00:00');
INSERT INTO `bankbranches` (`id`, `bankbranchuuid`, `bankbranchname`, `bankbranchnamebn`, `bankbranchaddress`, `bankbranchisactive`, `bankbranchinsertid`, `bankbranchupdateid`, `bankbranchdeleteid`, `bankbranchinsertdate`, `bankbranchupdatedate`, `bankbranchdeletedate`) VALUES
(902, '54ae398a-1a88-48e1-8ba1-0fcca9baf6a0', 'MIRGONJ,	NILPHAMARI', 'à¦®à§€à¦°à¦—à¦žà§à¦œ,à¦¨à§€à¦²à¦«à¦¾à¦®à¦¾à¦°à§€', '', 1, 1, 0, 0, '2015-01-08 09:02:18', '0000-00-00 00:00:00', '0000-00-00 00:00:00'),
(903, '54ae39aa-f484-4957-92b6-0fcca9baf6a0', 'NILPHAMARI,	NILPHAMARI', 'à¦¨à§€à¦²à¦«à¦¾à¦®à¦¾à¦°à§€,à¦¨à§€à¦²à¦«à¦¾à¦®à¦¾à¦°à§€', '', 1, 1, 0, 0, '2015-01-08 09:02:50', '0000-00-00 00:00:00', '0000-00-00 00:00:00'),
(904, '54ae39ce-c8ec-4546-b7d7-0fcca9baf6a0', 'SAIDPUR (NILPHAMARI),	NILPHAMARI', 'à¦¸à§ˆà§Ÿà¦¦à¦ªà§à¦°(à¦¨à§€à¦²à¦«à¦¾à¦®à¦¾à¦°à§€),à¦¨à§€à¦²à¦«à¦¾à¦®à¦¾à¦°à§€', '', 1, 1, 0, 0, '2015-01-08 09:03:26', '0000-00-00 00:00:00', '0000-00-00 00:00:00'),
(905, '54ae39f2-6048-447c-bd9e-0fcca9baf6a0', 'SAIDPUR CANTONMENT,	NILPHAMARI', 'à¦¸à§ˆà§Ÿà¦¦à¦ªà§à¦° à¦•à§à¦¯à¦¾à¦¨à§à¦Ÿà¦¨à¦®à§‡à¦¨à§à¦Ÿ,à¦¨à§€à¦²à¦«à¦¾à¦®à¦¾à¦°à§€', '', 1, 1, 0, 0, '2015-01-08 09:04:02', '0000-00-00 00:00:00', '0000-00-00 00:00:00'),
(906, '54ae3a14-b688-45de-95ca-0fcca9baf6a0', 'AMANULLAHPUR,	NOAKHALI', 'à¦†à¦®à¦¾à¦¨à¦‰à¦²à§à¦²à¦¾à¦¹à¦ªà§à¦°,à¦¨à§‹à§Ÿà¦¾à¦–à¦¾à¦²à§€', '', 1, 1, 0, 0, '2015-01-08 09:04:36', '0000-00-00 00:00:00', '0000-00-00 00:00:00'),
(907, '54ae3a2a-1e14-4287-8b93-0fcca9baf6a0', 'BASHURHAT,	NOAKHALI', 'à¦¬à¦¸à§à¦°à¦¹à¦¾à¦Ÿ,à¦¨à§‹à§Ÿà¦¾à¦–à¦¾à¦²à§€', '', 1, 1, 0, 0, '2015-01-08 09:04:58', '0000-00-00 00:00:00', '0000-00-00 00:00:00'),
(908, '54ae3a6d-3774-498d-a6fa-0fcca9baf6a0', 'CHAPRASHIRHAT,	NOAKHALI', 'à¦šà¦¾à¦ªà¦°à¦¾à¦¶à¦¿à¦°à¦¹à¦¾à¦Ÿ,à¦¨à§‹à§Ÿà¦¾à¦–à¦¾à¦²à§€', '', 1, 1, 0, 0, '2015-01-08 09:06:05', '0000-00-00 00:00:00', '0000-00-00 00:00:00'),
(909, '54ae3a8b-0bcc-4d71-83e6-0fcca9baf6a0', 'CHAR BATA,	NOAKHALI', 'à¦šà¦° à¦¬à¦¾à¦Ÿà¦¾,à¦¨à§‹à§Ÿà¦¾à¦–à¦¾à¦²à§€', '', 1, 1, 0, 0, '2015-01-08 09:06:35', '0000-00-00 00:00:00', '0000-00-00 00:00:00'),
(910, '54ae3aa2-1e30-49f9-8fbe-0fcca9baf6a0', 'CHAR JABBER,	NOAKHALI', 'à¦šà¦° à¦œà¦¬à§à¦¬à¦¾à¦°,à¦¨à§‹à§Ÿà¦¾à¦–à¦¾à¦²à§€', '', 1, 1, 0, 0, '2015-01-08 09:06:58', '0000-00-00 00:00:00', '0000-00-00 00:00:00'),
(911, '54ae3ac9-da60-43cd-b3c5-0fcca9baf6a0', 'CHAR MATUA,	NOAKHALI', 'à¦šà¦° à¦®à¦¾à¦Ÿà§à§Ÿà¦¾,à¦¨à§‹à§Ÿà¦¾à¦–à¦¾à¦²à§€', '', 1, 1, 0, 0, '2015-01-08 09:07:37', '0000-00-00 00:00:00', '0000-00-00 00:00:00'),
(912, '54ae3ae0-7af4-4543-b12a-0fcca9baf6a0', 'CHATKHIL,	NOAKHALI', 'à¦šà¦¾à¦Ÿà¦–à¦¿à¦²,à¦¨à§‹à§Ÿà¦¾à¦–à¦¾à¦²à§€', '', 1, 1, 0, 0, '2015-01-08 09:08:00', '0000-00-00 00:00:00', '0000-00-00 00:00:00'),
(913, '54ae3b06-ee40-4e22-8e0e-0fcca9baf6a0', 'CHAUDHURYHAT (NOAKHALI),	NOAKHALI', 'à¦šà§Œà¦§à§à¦°à§€à¦¹à¦¾à¦Ÿ(à¦¨à§‹à§Ÿà¦¾à¦–à¦¾à¦²à§€),à¦¨à§‹à§Ÿà¦¾à¦–à¦¾à¦²à§€', '', 1, 1, 0, 0, '2015-01-08 09:08:38', '0000-00-00 00:00:00', '0000-00-00 00:00:00'),
(914, '54ae3b1d-bca8-4c72-aa64-0fcca9baf6a0', 'CHAUMUHANI,	NOAKHALI', 'à¦šà§Œà¦®à§à¦¹à¦¨à§€,à¦¨à§‹à§Ÿà¦¾à¦–à¦¾à¦²à§€', '', 1, 1, 0, 0, '2015-01-08 09:09:01', '0000-00-00 00:00:00', '0000-00-00 00:00:00'),
(915, '54ae3b39-f568-496a-94a2-0fcca9baf6a0', 'CHHAYANI BAZAR,	NOAKHALI', 'à¦›à¦¾à§Ÿà¦¾à¦¨à§€ à¦¬à¦¾à¦œà¦¾à¦°,à¦¨à§‹à§Ÿà¦¾à¦–à¦¾à¦²à§€', '', 1, 1, 0, 0, '2015-01-08 09:09:29', '0000-00-00 00:00:00', '0000-00-00 00:00:00'),
(916, '54ae3b57-c3ac-4465-a19b-0fcca9baf6a0', 'COLLEGE ROAD (CHAUMUHANI),	NOAKHALI', 'à¦•à¦²à§‡à¦œ à¦°à§‹à¦¡(à¦šà§Œà¦®à§à¦¹à¦¨à§€),à¦¨à§‹à§Ÿà¦¾à¦–à¦¾à¦²à§€', '', 1, 1, 0, 0, '2015-01-08 09:09:59', '0000-00-00 00:00:00', '0000-00-00 00:00:00'),
(917, '54ae3b7c-5694-4dc6-98d3-0fcca9baf6a0', 'DAYARAMDI,	NOAKHALI', 'à¦¦à§Ÿà¦¾à¦°à¦¾à¦®à¦¦à§€,à¦¨à§‹à§Ÿà¦¾à¦–à¦¾à¦²à§€', '', 1, 1, 0, 0, '2015-01-08 09:10:36', '0000-00-00 00:00:00', '0000-00-00 00:00:00'),
(918, '54ae3b9d-52d0-46da-923d-0fcca9baf6a0', 'HATIYA THANA PARISAD BR.,	NOAKHALI', 'à¦¹à¦¾à¦¤à¦¿à§Ÿà¦¾ à¦¥à¦¾à¦¨à¦¾ à¦ªà¦°à¦¿à¦·à¦¦ à¦¬à¦¿à¦†à¦°.,à¦¨à§‹à§Ÿà¦¾à¦–à¦¾à¦²à§€', '', 1, 1, 0, 0, '2015-01-08 09:11:09', '0000-00-00 00:00:00', '0000-00-00 00:00:00'),
(919, '54ae3bba-6674-473e-b81a-0fcca9baf6a0', 'KALAMUNSHI BAZAR,	NOAKHALI', 'à¦•à¦¾à¦²à¦¾à¦®à§à¦¨à§à¦¸à¦¿ à¦¬à¦¾à¦œà¦¾à¦°,à¦¨à§‹à§Ÿà¦¾à¦–à¦¾à¦²à§€', '', 1, 1, 0, 0, '2015-01-08 09:11:38', '0000-00-00 00:00:00', '0000-00-00 00:00:00'),
(920, '54ae3bd8-810c-4f12-8e22-0fcca9baf6a0', 'KANKIRHAT,	NOAKHALI', 'à¦•à¦¾à¦¨à¦•à¦¿à¦°à¦¹à¦¾à¦Ÿ,à¦¨à§‹à§Ÿà¦¾à¦–à¦¾à¦²à§€', '', 1, 1, 0, 0, '2015-01-08 09:12:08', '0000-00-00 00:00:00', '0000-00-00 00:00:00'),
(921, '54ae3bf1-f85c-4891-99b1-0fcca9baf6a0', 'KHALIFERHAT,	NOAKHALI', 'à¦–à¦²à¦¿à¦«à¦¾à¦°à¦¹à¦¾à¦Ÿ,à¦¨à§‹à§Ÿà¦¾à¦–à¦¾à¦²à§€', '', 1, 1, 0, 0, '2015-01-08 09:12:33', '0000-00-00 00:00:00', '0000-00-00 00:00:00'),
(922, '54ae3c0d-0bac-4e21-9b81-0fcca9baf6a0', 'MAIJDEE BAZAR,	NOAKHALI', 'à¦®à¦¾à¦‡à¦œà¦¦à§€ à¦¬à¦¾à¦œà¦¾à¦°,à¦¨à§‹à§Ÿà¦¾à¦–à¦¾à¦²à§€', '', 1, 1, 0, 0, '2015-01-08 09:13:01', '0000-00-00 00:00:00', '0000-00-00 00:00:00'),
(923, '54ae3c26-1a28-44bc-bb6f-0fcca9baf6a0', 'MAIJDEE COURT,	NOAKHALI', 'à¦®à¦¾à¦‡à¦œà¦¦à§€ à¦•à§‹à¦°à§à¦Ÿ,à¦¨à§‹à§Ÿà¦¾à¦–à¦¾à¦²à§€', '', 1, 1, 0, 0, '2015-01-08 09:13:26', '0000-00-00 00:00:00', '0000-00-00 00:00:00'),
(924, '54ae3c4d-8e6c-43ca-b300-0fcca9baf6a0', 'PAURA BIPANI BITAN,	NOAKHALI', 'à¦ªà§Œà¦° à¦¬à¦¿à¦ªà¦£à§€ à¦¬à¦¿à¦¤à¦¾à¦¨,à¦¨à§‹à§Ÿà¦¾à¦–à¦¾à¦²à§€', '', 1, 1, 0, 0, '2015-01-08 09:14:05', '0000-00-00 00:00:00', '0000-00-00 00:00:00'),
(925, '54ae3c65-9dac-40db-84d1-0fcca9baf6a0', 'SEBARHAT,	NOAKHALI', 'à¦¸à§‡à¦¬à¦¾à¦°à¦¹à¦¾à¦Ÿ,à¦¨à§‹à§Ÿà¦¾à¦–à¦¾à¦²à§€', '', 1, 1, 0, 0, '2015-01-08 09:14:29', '0000-00-00 00:00:00', '0000-00-00 00:00:00'),
(926, '54ae3c7a-9e08-42de-80fd-0fcca9baf6a0', 'SENBAGH,	NOAKHALI', 'à¦¸à§‡à¦¨à¦¬à¦¾à¦—,à¦¨à§‹à§Ÿà¦¾à¦–à¦¾à¦²à§€', '', 1, 1, 0, 0, '2015-01-08 09:14:50', '0000-00-00 00:00:00', '0000-00-00 00:00:00'),
(927, '54ae3c9c-d000-49da-ab54-0fcca9baf6a0', 'SHAHAPUR (NOAKHALI),	NOAKHALI', 'à¦¶à¦¾à¦¹à¦¾à¦ªà§à¦°(à¦¨à§‹à§Ÿà¦¾à¦–à¦¾à¦²à§€),à¦¨à§‹à§Ÿà¦¾à¦–à¦¾à¦²à§€', '', 1, 1, 0, 0, '2015-01-08 09:15:24', '0000-00-00 00:00:00', '0000-00-00 00:00:00'),
(928, '54ae3cb5-cfe8-4926-afea-0fcca9baf6a0', 'SONAIMURI,	NOAKHALI', 'à¦¸à§‹à¦¨à¦¾à¦‡à¦®à§à§œà§€,à¦¨à§‹à§Ÿà¦¾à¦–à¦¾à¦²à§€', '', 1, 1, 0, 0, '2015-01-08 09:15:49', '0000-00-00 00:00:00', '0000-00-00 00:00:00'),
(929, '54ae3cd1-b7d4-465f-b24c-0fcca9baf6a0', 'SONAPUR OLD TOWN,	NOAKHALI', 'à¦¸à§‹à¦¨à¦¾à¦ªà§à¦° à¦“à¦²à§à¦¡ à¦Ÿà¦¾à¦‰à¦¨,à¦¨à§‹à§Ÿà¦¾à¦–à¦¾à¦²à§€', '', 1, 1, 0, 0, '2015-01-08 09:16:17', '0000-00-00 00:00:00', '0000-00-00 00:00:00'),
(930, '54ae3ced-7f94-402e-bc38-0fcca9baf6a0', 'ZAMINDARHAT,	NOAKHALI', 'à¦œà¦®à¦¿à¦¦à¦¾à¦°à¦¹à¦¾à¦Ÿ,à¦¨à§‹à§Ÿà¦¾à¦–à¦¾à¦²à§€', '', 1, 1, 0, 0, '2015-01-08 09:16:45', '0000-00-00 00:00:00', '0000-00-00 00:00:00'),
(931, '54ae3d0d-9cec-4313-baa5-0fcca9baf6a0', 'ANANTA BAZAR,	PABNA', 'à¦…à¦¨à¦¨à§à¦¤ à¦¬à¦¾à¦œà¦¾à¦°,à¦ªà¦¾à¦¬à¦¨à¦¾', '', 1, 1, 0, 0, '2015-01-08 09:17:17', '0000-00-00 00:00:00', '0000-00-00 00:00:00'),
(932, '54ae3d25-d140-44ff-bfa5-0fccc0a80103', 'ARAMBARIA,	PABNA', 'à¦†à¦°à¦¾à¦®à¦¬à¦¾à§œà¦¿à§Ÿà¦¾,à¦ªà¦¾à¦¬à¦¨à¦¾', '', 1, 1, 0, 0, '2015-01-08 09:17:41', '0000-00-00 00:00:00', '0000-00-00 00:00:00'),
(933, '54ae3d3c-3208-4fd6-b45e-0fccc0a80103', 'ATGHORIA,	PABNA', 'à¦†à¦Ÿà¦˜à¦°à¦¿à§Ÿà¦¾,à¦ªà¦¾à¦¬à¦¨à¦¾', '', 1, 1, 0, 0, '2015-01-08 09:18:04', '0000-00-00 00:00:00', '0000-00-00 00:00:00'),
(934, '54ae3d85-d2e4-4592-8491-0fccc0a80103', 'BAGHOIL,	PABNA', 'à¦¬à¦¾à¦˜à¦‡à¦²,à¦ªà¦¾à¦¬à¦¨à¦¾', '', 1, 1, 0, 0, '2015-01-08 09:19:17', '0000-00-00 00:00:00', '0000-00-00 00:00:00'),
(935, '54ae3dc2-a878-42f7-9ebb-0fcca9baf6a0', 'BANWARINAGAR,	PABNA', 'à¦¬à¦¨à¦“à§Ÿà¦¾à¦°à§€à¦¨à¦—à¦°,à¦ªà¦¾à¦¬à¦¨à¦¾', '', 1, 1, 0, 0, '2015-01-08 09:20:18', '0000-00-00 00:00:00', '0000-00-00 00:00:00'),
(936, '54ae4075-ac98-43da-90a1-0fcca9baf6a0', 'BERA,	PABNA', 'à¦¬à§‡à§œà¦¾,à¦ªà¦¾à¦¬à¦¨à¦¾', '', 1, 1, 1, 0, '2015-01-08 09:31:49', '2015-01-08 09:33:25', '0000-00-00 00:00:00'),
(937, '54ae409c-3730-4cb7-b3b8-0fcca9baf6a0', 'BHANGOORA BAZAR,	PABNA', 'à¦­à¦¾à¦™à§à¦—à§à¦°à¦¾ à¦¬à¦¾à¦œà¦¾à¦°,à¦ªà¦¾à¦¬à¦¨à¦¾', '', 1, 1, 0, 0, '2015-01-08 09:32:28', '0000-00-00 00:00:00', '0000-00-00 00:00:00'),
(938, '54ae4aeb-f3ec-4d44-94b2-0fcca9baf6a0', 'CHATMOHAR,	PABNA', 'à¦šà¦¾à¦Ÿà¦®à§‹à¦¹à¦°,à¦ªà¦¾à¦¬à¦¨à¦¾', '', 1, 1, 0, 0, '2015-01-08 10:16:27', '0000-00-00 00:00:00', '0000-00-00 00:00:00'),
(939, '54ae4b93-49d8-4960-a5e1-0fcca9baf6a0', 'DASURIA,	PABNA', 'à¦¦à¦¾à¦¸à§à¦°à¦¿à§Ÿà¦¾,à¦ªà¦¾à¦¬à¦¨à¦¾', '', 1, 1, 0, 0, '2015-01-08 10:19:15', '0000-00-00 00:00:00', '0000-00-00 00:00:00'),
(940, '54ae4bbb-f5d0-4776-bded-0fcca9baf6a0', 'GOPALPUR(Z.B.) PABNA,	PABNA', 'à¦—à§‹à¦ªà¦¾à¦²à¦ªà§à¦° (à¦œà§‡à¦¡.à¦¬à¦¿.)à¦ªà¦¾à¦¬à¦¨à¦¾,à¦ªà¦¾à¦¬à¦¨à¦¾', '', 1, 1, 0, 0, '2015-01-08 10:19:55', '0000-00-00 00:00:00', '0000-00-00 00:00:00'),
(941, '54ae4be5-9cd8-439f-af20-0fcca9baf6a0', 'ISHURDI,	PABNA', 'à¦ˆà¦¶à§à¦¬à¦°à¦¦à§€,à¦ªà¦¾à¦¬à¦¨à¦¾', '', 1, 1, 0, 0, '2015-01-08 10:20:37', '0000-00-00 00:00:00', '0000-00-00 00:00:00'),
(942, '54ae4c17-070c-4642-9dfe-0fcca9baf6a0', 'JORGACHA,	PABNA', 'à¦œà§‹à¦°à¦—à¦¾à¦›à¦¾,à¦ªà¦¾à¦¬à¦¨à¦¾', '', 1, 1, 0, 0, '2015-01-08 10:21:27', '0000-00-00 00:00:00', '0000-00-00 00:00:00'),
(943, '54ae4c43-5b1c-47c4-937f-0fcca9baf6a0', 'KARANJA BAZAR BRANCH,	PABNA', 'à¦•à¦°à¦žà§à¦œ à¦¬à¦¾à¦œà¦¾à¦° à¦¬à§à¦°à¦¾à¦žà§à¦š,à¦ªà¦¾à¦¬à¦¨à¦¾', '', 1, 1, 0, 0, '2015-01-08 10:22:11', '0000-00-00 00:00:00', '0000-00-00 00:00:00'),
(944, '54ae4c6c-ebd0-4279-820d-0fcca9baf6a0', 'LADIES BRANCH, PABNA,	PABNA', 'à¦²à§‡à¦¡à¦¿à¦¸ à¦¬à§à¦°à¦¾à¦žà§à¦š,à¦ªà¦¾à¦¬à¦¨à¦¾,à¦ªà¦¾à¦¬à¦¨à¦¾', '', 1, 1, 0, 0, '2015-01-08 10:22:52', '0000-00-00 00:00:00', '0000-00-00 00:00:00'),
(945, '54ae4c8b-da98-487f-b68b-0fcca9baf6a0', 'PABNA,	PABNA', 'à¦ªà¦¾à¦¬à¦¨à¦¾,à¦ªà¦¾à¦¬à¦¨à¦¾', '', 1, 1, 0, 0, '2015-01-08 10:23:23', '0000-00-00 00:00:00', '0000-00-00 00:00:00'),
(946, '54ae4cad-ba4c-47f2-93fc-0fcca9baf6a0', 'SANTHIA,	PABNA', 'à¦¸à¦¾à¦à¦¥à¦¿à§Ÿà¦¾,à¦ªà¦¾à¦¬à¦¨à¦¾', '', 1, 1, 0, 0, '2015-01-08 10:23:57', '0000-00-00 00:00:00', '0000-00-00 00:00:00'),
(947, '54ae4cc8-d940-40eb-8b2c-0fcca9baf6a0', 'SUZANAGAR,	PABNA', 'à¦¸à§à¦œà¦¾à¦¨à¦—à¦°,à¦ªà¦¾à¦¬à¦¨à¦¾', '', 1, 1, 0, 0, '2015-01-08 10:24:24', '0000-00-00 00:00:00', '0000-00-00 00:00:00'),
(948, '54ae4d0a-bce4-474c-b2a8-0fcca9baf6a0', 'ATWARI (PANCHAGARH),	PANCHAGARH', 'à¦†à¦Ÿà§‹à§Ÿà¦¾à¦°à§€(à¦ªà¦žà§à¦šà¦—à§œ),à¦ªà¦žà§à¦šà¦—à§œ', '', 1, 1, 0, 0, '2015-01-08 10:25:30', '0000-00-00 00:00:00', '0000-00-00 00:00:00'),
(949, '54ae4d40-5b68-4558-9a90-0fcca9baf6a0', 'BHAJANPUR (PANCHAGARH),	PANCHAGARH', 'à¦¬à¦¾à¦œà¦¾à¦¨à¦ªà§à¦°(à¦ªà¦žà§à¦šà¦—à§œ),à¦ªà¦žà§à¦šà¦—à§œ', '', 1, 1, 0, 0, '2015-01-08 10:26:24', '0000-00-00 00:00:00', '0000-00-00 00:00:00'),
(950, '54b0c0d2-499c-4241-b861-0daca9baf6a0', 'BODA (PANCHAGARH),	PANCHAGARH', 'à¦¬à§‹à¦¦à¦¾(à¦ªà¦žà§à¦šà¦—à§œ),à¦ªà¦žà§à¦šà¦—à§œ', '', 1, 1, 0, 0, '2015-01-10 07:04:01', '0000-00-00 00:00:00', '0000-00-00 00:00:00'),
(951, '54b0c101-47c8-47e5-bdf5-0daca9baf6a0', 'DEBIGONJ (PANCHAGARH),	PANCHAGARH', 'à¦¦à§à¦¬à§‡à¦¬à¦¿à¦—à¦žà§à¦œ(à¦ªà¦žà§à¦šà¦—à§œ),à¦ªà¦žà§à¦šà¦—à§œ', '', 1, 1, 0, 0, '2015-01-10 07:04:49', '0000-00-00 00:00:00', '0000-00-00 00:00:00'),
(952, '54b0c125-577c-411d-9c93-0daca9baf6a0', 'PANCHAGARH,	PANCHAGARH', 'à¦ªà¦žà§à¦šà¦—à§œ,à¦ªà¦žà§à¦šà¦—à§œ', '', 1, 1, 0, 0, '2015-01-10 07:05:25', '0000-00-00 00:00:00', '0000-00-00 00:00:00'),
(953, '54b0c158-14ec-41b5-860d-0daca9baf6a0', 'TETULIA (PANCHAGARH),	PANCHAGARH', 'à¦¤à§‡à¦¤à§à¦²à¦¿à§Ÿà¦¾(à¦ªà¦žà§à¦šà¦—à§œ),à¦ªà¦žà§à¦šà¦—à§œ', '', 1, 1, 0, 0, '2015-01-10 07:06:16', '0000-00-00 00:00:00', '0000-00-00 00:00:00'),
(954, '54b0c1eb-fbfc-4399-94c0-0daca9baf6a0', 'BAKULBARIA,	PATUAKHALI', 'à¦¬à¦•à§à¦²à¦¬à¦¾à§œà¦¿à§Ÿà¦¾,à¦ªà¦Ÿà§à§Ÿà¦¾à¦–à¦¾à¦²à§€', '', 1, 1, 0, 0, '2015-01-10 07:08:43', '0000-00-00 00:00:00', '0000-00-00 00:00:00'),
(955, '54b0c203-23f0-4853-ad54-0daca9baf6a0', 'BAUPHAL,	PATUAKHALI', 'à¦¬à¦¾à¦‰à¦«à¦²,à¦ªà¦Ÿà§à§Ÿà¦¾à¦–à¦¾à¦²à§€', '', 1, 1, 0, 0, '2015-01-10 07:09:07', '0000-00-00 00:00:00', '0000-00-00 00:00:00'),
(956, '54b0c231-129c-4754-a475-0daca9baf6a0', 'BOGA BANDAR,	PATUAKHALI', 'à¦¬à§‹à¦—à¦¾ à¦¬à¦¾à¦¨à§à¦¦à¦°,à¦ªà¦Ÿà§à§Ÿà¦¾à¦–à¦¾à¦²à§€', '', 1, 1, 0, 0, '2015-01-10 07:09:53', '0000-00-00 00:00:00', '0000-00-00 00:00:00'),
(957, '54b0c24a-5b78-46c2-a914-0daca9baf6a0', 'DASHMINA,	PATUAKHALI', 'à¦¦à¦¶à¦®à¦¿à¦¨à¦¾,à¦ªà¦Ÿà§à§Ÿà¦¾à¦–à¦¾à¦²à§€', '', 1, 1, 0, 0, '2015-01-10 07:10:18', '0000-00-00 00:00:00', '0000-00-00 00:00:00'),
(958, '54b0c266-d08c-470d-aa89-0daca9baf6a0', 'GALACHIPA,	PATUAKHALI', 'à¦—à¦²à¦¾à¦šà¦¿à¦ªà¦¾,à¦ªà¦Ÿà§à§Ÿà¦¾à¦–à¦¾à¦²à§€', '', 1, 1, 0, 0, '2015-01-10 07:10:46', '0000-00-00 00:00:00', '0000-00-00 00:00:00'),
(959, '54b0c3a2-9dbc-4750-8424-0daca9baf6a0', 'KALAPARA BANDAR,	PATUAKHALI', 'à¦•à¦²à¦¾à¦ªà¦¾à§œà¦¾ à¦¬à¦¨à§à¦¦à¦°,à¦ªà¦Ÿà§à§Ÿà¦¾à¦–à¦¾à¦²à§€', '', 1, 1, 0, 0, '2015-01-10 07:16:02', '0000-00-00 00:00:00', '0000-00-00 00:00:00'),
(960, '54b0c3c0-2384-4bf0-ae50-0daca9baf6a0', 'MOHIPUR,	PATUAKHALI', 'à¦®à¦¹à¦¿à¦ªà§à¦°,à¦ªà¦Ÿà§à§Ÿà¦¾à¦–à¦¾à¦²à§€', '', 1, 1, 0, 0, '2015-01-10 07:16:32', '0000-00-00 00:00:00', '0000-00-00 00:00:00'),
(961, '54b0c758-336c-4d14-9b14-0daca9baf6a0', 'NEW TOWN (PATUAKHALI),	PATUAKHALI', 'à¦¨à¦¿à¦‰ à¦Ÿà¦¾à¦‰à¦¨(à¦ªà¦Ÿà§à§Ÿà¦¾à¦–à¦¾à¦²à§€),à¦ªà¦Ÿà§à§Ÿà¦¾à¦–à¦¾à¦²à§€', '', 1, 1, 0, 0, '2015-01-10 07:31:52', '0000-00-00 00:00:00', '0000-00-00 00:00:00'),
(962, '54b0c77f-10fc-46bf-bd06-0daca9baf6a0', 'PATUAKHALI,	PATUAKHALI', 'à¦ªà¦Ÿà§à§Ÿà¦¾à¦–à¦¾à¦²à§€,à¦ªà¦Ÿà§à§Ÿà¦¾à¦–à¦¾à¦²à§€', '', 1, 1, 0, 0, '2015-01-10 07:32:31', '0000-00-00 00:00:00', '0000-00-00 00:00:00'),
(963, '54b0ca96-bc2c-42cf-9df1-0daca9baf6a0', 'SUBIDKHALI	,PATUAKHALI', 'à¦¸à§à¦¬à¦¿à¦¦à¦–à¦¾à¦²à§€,à¦ªà¦Ÿà§à§Ÿà¦¾à¦–à¦¾à¦²à§€', '', 1, 1, 0, 0, '2015-01-10 07:45:42', '0000-00-00 00:00:00', '0000-00-00 00:00:00'),
(964, '54b0cada-0068-4cdb-a7ae-0daca9baf6a0', 'ULANIA BAZAR,	PATUAKHALI', 'à¦‰à¦²à¦¾à¦¨à¦¿à§Ÿà¦¾ à¦¬à¦¾à¦œà¦¾à¦°,à¦ªà¦Ÿà§à§Ÿà¦¾à¦–à¦¾à¦²à§€', '', 1, 1, 0, 0, '2015-01-10 07:46:50', '0000-00-00 00:00:00', '0000-00-00 00:00:00'),
(965, '54b0caf8-5744-4b90-8f16-0daca9baf6a0', 'BHANDARIA,	PIROJPUR', 'à¦¬à¦¨à§à¦¦à¦°à¦¿à§Ÿà¦¾,à¦ªà¦¿à¦°à§‹à¦œà¦ªà§à¦°', '', 1, 1, 0, 0, '2015-01-10 07:47:20', '0000-00-00 00:00:00', '0000-00-00 00:00:00'),
(966, '54b0cb25-b230-421e-93bd-0daca9baf6a0', 'KOWKHALI,	PIROJPUR', 'à¦•à¦¾à¦‰à¦–à¦¾à¦²à§€,à¦ªà¦¿à¦°à§‹à¦œà¦ªà§à¦°', '', 1, 1, 0, 0, '2015-01-10 07:48:05', '0000-00-00 00:00:00', '0000-00-00 00:00:00'),
(967, '54b0cb48-7470-4bca-b1c5-0daca9baf6a0', 'MATHBARIA,	PIROJPUR', 'à¦®à¦ à¦¬à¦¾à§œà¦¿à§Ÿà¦¾,à¦ªà¦¿à¦°à§‹à¦œà¦ªà§à¦°', '', 1, 1, 0, 0, '2015-01-10 07:48:40', '0000-00-00 00:00:00', '0000-00-00 00:00:00'),
(968, '54b0cb66-47e8-4510-bd81-0daca9baf6a0', 'NAZIRPUR,	PIROJPUR', 'à¦¨à¦¾à¦œà¦¿à¦°à¦ªà§à¦°,à¦ªà¦¿à¦°à§‹à¦œà¦ªà§à¦°', '', 1, 1, 0, 0, '2015-01-10 07:49:10', '0000-00-00 00:00:00', '0000-00-00 00:00:00'),
(969, '54b0cbee-4db0-45b5-ac8e-0daca9baf6a0', 'PARERHAT,	PIROJPUR', 'à¦ªà¦°à§€à¦°à¦¹à¦¾à¦Ÿ,à¦ªà¦¿à¦°à§‹à¦œà¦ªà§à¦°', '', 1, 1, 0, 0, '2015-01-10 07:51:26', '0000-00-00 00:00:00', '0000-00-00 00:00:00'),
(970, '54b0cc11-3850-461e-8416-0daca9baf6a0', 'PIROJPUR,	PIROJPUR', 'à¦ªà¦¿à¦°à§‹à¦œà¦ªà§à¦°,à¦ªà¦¿à¦°à§‹à¦œà¦ªà§à¦°', '', 1, 1, 0, 0, '2015-01-10 07:52:01', '0000-00-00 00:00:00', '0000-00-00 00:00:00'),
(971, '54b0cc5d-9c38-42d1-822f-0daca9baf6a0', 'SREERAMKATI,	PIROJPUR', 'à¦¶à§à¦°à§€à¦°à¦¾à¦®à¦•à¦¾à¦¤à¦¿,à¦ªà¦¿à¦°à§‹à¦œà¦ªà§à¦°', '', 1, 1, 0, 0, '2015-01-10 07:53:17', '0000-00-00 00:00:00', '0000-00-00 00:00:00'),
(972, '54b0cc88-ea28-4e2e-b227-0daca9baf6a0', 'SWARUPKATI,	PIROJPUR', 'à¦¸à§à¦¬à¦°à§à¦ªà¦•à¦¾à¦¤à¦¿,à¦ªà¦¿à¦°à§‹à¦œà¦ªà§à¦°', '', 1, 1, 0, 0, '2015-01-10 07:54:00', '0000-00-00 00:00:00', '0000-00-00 00:00:00'),
(973, '54b0cd7b-b888-430a-ba3f-0daca9baf6a0', 'TUSHKHALI,	PIROJPUR', 'à¦¤à§à¦·à¦–à¦¾à¦²à§€,à¦ªà¦¿à¦°à§‹à¦œà¦ªà§à¦°', '', 1, 1, 0, 0, '2015-01-10 07:58:03', '0000-00-00 00:00:00', '0000-00-00 00:00:00'),
(974, '54b0e898-dce0-4de6-9149-0daca9baf6a0', 'ZIANAGAR,	PIROJPUR', 'à¦œà¦¿à§Ÿà¦¾à¦¨à¦—à¦°,à¦ªà¦¿à¦°à§‹à¦œà¦ªà§à¦°', '', 1, 1, 0, 0, '2015-01-10 09:53:44', '0000-00-00 00:00:00', '0000-00-00 00:00:00'),
(975, '54b0f271-b0a8-4bdc-b80b-0daca9baf6a0', 'BAHARPUR,	RAJBARI', 'à¦¬à¦¾à¦¹à¦¾à¦°à¦ªà§à¦°,à¦°à¦¾à¦œà¦¬à¦¾à§œà¦¿', '', 1, 1, 0, 0, '2015-01-10 10:35:45', '0000-00-00 00:00:00', '0000-00-00 00:00:00'),
(976, '54b0f291-fbc0-45ac-adff-0daca9baf6a0', 'BALIAKANDI,	RAJBARI', 'à¦¬à¦¾à¦²à¦¿à§Ÿà¦¾à¦•à¦¾à¦¨à§à¦¦à¦¿,à¦°à¦¾à¦œà¦¬à¦¾à§œà¦¿', '', 1, 1, 0, 0, '2015-01-10 10:36:17', '0000-00-00 00:00:00', '0000-00-00 00:00:00'),
(977, '54b0f2aa-fa8c-4aea-8fb9-0daca9baf6a0', 'BELGACHI,	RAJBARI', 'à¦¬à§‡à¦²à¦—à¦¾à¦›à¦¿,à¦°à¦¾à¦œà¦¬à¦¾à§œà¦¿', '', 1, 1, 0, 0, '2015-01-10 10:36:42', '0000-00-00 00:00:00', '0000-00-00 00:00:00'),
(978, '54b0f2ff-c060-40c3-8b56-0daca9baf6a0', 'GOALUNDO,	RAJBARI', 'à¦—à§‹à§Ÿà¦¾à¦²à§à¦¨à§à¦¦à§,à¦°à¦¾à¦œà¦¬à¦¾à§œà¦¿', '', 1, 1, 0, 0, '2015-01-10 10:38:07', '0000-00-00 00:00:00', '0000-00-00 00:00:00'),
(979, '54b0f8ca-ead4-49cf-a156-0daca9baf6a0', 'GOALUNDO UPOZILLA COMPLEX,	RAJBARI', 'à¦—à§‹à§Ÿà¦¾à¦²à§à¦¨à§à¦¦à§ à¦‰à¦ªà¦œà§‡à¦²à¦¾ à¦•à¦®à¦ªà§à¦²à§‡à¦•à§à¦¸,à¦°à¦¾à¦œà¦¬à¦¾à§œà¦¿', '', 1, 1, 0, 0, '2015-01-10 11:02:50', '0000-00-00 00:00:00', '0000-00-00 00:00:00'),
(980, '54b101b0-5da0-4959-8a27-0daca9baf6a0', 'Kalukhali Br.,	Rajbari', 'à¦•à¦¾à¦²à§à¦–à¦¾à¦²à§€ à¦¬à¦¿à¦†à¦°.,à¦°à¦¾à¦œà¦¬à¦¾à§œà§€', '', 1, 1, 0, 0, '2015-01-10 11:40:48', '0000-00-00 00:00:00', '0000-00-00 00:00:00'),
(981, '54b10234-0ee4-4b39-ace0-0daca9baf6a0', 'KASBA MAJAIL,	RAJBARI', 'à¦•à¦¸à¦¬à¦¾ à¦®à¦¾à¦œà¦¾à¦‡à¦²,à¦°à¦¾à¦œà¦¬à¦¾à§œà§€', '', 1, 1, 0, 0, '2015-01-10 11:43:00', '0000-00-00 00:00:00', '0000-00-00 00:00:00'),
(982, '54b10255-fe84-40e1-bf72-0daca9baf6a0', 'MACHPARA,	RAJBARI', 'à¦®à¦¾à¦›à¦ªà¦¾à§œà¦¾,à¦°à¦¾à¦œà¦¬à¦¾à§œà§€', '', 1, 1, 0, 0, '2015-01-10 11:43:33', '0000-00-00 00:00:00', '0000-00-00 00:00:00'),
(983, '54b10277-bd90-4a3d-8245-0daca9baf6a0', 'PANGSHA,	RAJBARI', 'à¦ªà¦¾à¦‚à¦¶à¦¾,à¦°à¦¾à¦œà¦¬à¦¾à§œà§€', '', 1, 1, 0, 0, '2015-01-10 11:44:07', '0000-00-00 00:00:00', '0000-00-00 00:00:00'),
(984, '54b102ac-c7bc-4765-b4d8-0daca9baf6a0', 'PUNGSHA UPOZILLA COMPLEX,	RAJBARI', 'à¦ªà¦¾à¦‚à¦¶à¦¾ à¦‰à¦ªà¦œà§‡à¦²à¦¾ à¦•à¦®à¦ªà§à¦²à§‡à¦•à§à¦¸,à¦°à¦¾à¦œà¦¬à¦¾à§œà§€', '', 1, 1, 0, 0, '2015-01-10 11:45:00', '0000-00-00 00:00:00', '0000-00-00 00:00:00'),
(985, '54b102cc-7dec-48bd-b128-0daca9baf6a0', 'RAJBARI,	RAJBARI', 'à¦°à¦¾à¦œà¦¬à¦¾à§œà§€,à¦°à¦¾à¦œà¦¬à¦¾à§œà§€', '', 1, 1, 0, 0, '2015-01-10 11:45:32', '0000-00-00 00:00:00', '0000-00-00 00:00:00'),
(986, '54b102ff-3808-443c-bb9d-0daca9baf6a0', 'RAJBARI UPOZILLA COMPLEX,	RAJBARI', 'à¦°à¦¾à¦œà¦¬à¦¾à§œà§€ à¦‰à¦ªà¦œà§‡à¦²à¦¾ à¦•à¦®à¦ªà§à¦²à§‡à¦•à§à¦¸,à¦°à¦¾à¦œà¦¬à¦¾à§œà§€', '', 1, 1, 0, 0, '2015-01-10 11:46:23', '0000-00-00 00:00:00', '0000-00-00 00:00:00'),
(987, '54b10322-2af4-4ebf-a863-0daca9baf6a0', 'BAGHA,	RAJSHAHI', 'à¦¬à¦¾à¦˜à¦¾,à¦°à¦¾à¦œà¦¬à¦¾à§œà§€', '', 1, 1, 0, 0, '2015-01-10 11:46:58', '0000-00-00 00:00:00', '0000-00-00 00:00:00');

-- --------------------------------------------------------

--
-- Table structure for table `bankchequebooks`
--

CREATE TABLE IF NOT EXISTS `bankchequebooks` (
  `id` int(11) NOT NULL AUTO_INCREMENT,
  `bankchequebookuuid` varchar(255) NOT NULL,
  `company_id` int(11) NOT NULL DEFAULT '0',
  `branch_id` int(11) NOT NULL DEFAULT '0',
  `bank_id` int(11) NOT NULL,
  `bankbranch_id` int(11) NOT NULL,
  `bankaccounttype_id` int(11) NOT NULL,
  `bankaccount_id` int(11) NOT NULL,
  `bankchequebookseries` varchar(255) NOT NULL,
  `bankchequebooksequencyfrom` int(255) NOT NULL,
  `bankchequebooksequencyto` int(255) NOT NULL,
  `bankchequebookisactive` tinyint(2) NOT NULL,
  `bankchequebookinsertid` int(11) NOT NULL DEFAULT '0',
  `bankchequebookupdateid` int(11) NOT NULL DEFAULT '0',
  `bankchequebookdeleteid` int(11) NOT NULL DEFAULT '0',
  `bankchequebookinsertdate` datetime NOT NULL DEFAULT '0000-00-00 00:00:00',
  `bankchequebookupdatedate` datetime NOT NULL DEFAULT '0000-00-00 00:00:00',
  `bankchequebookdeletedate` datetime NOT NULL DEFAULT '0000-00-00 00:00:00',
  PRIMARY KEY (`id`)
) ENGINE=InnoDB  DEFAULT CHARSET=utf8 AUTO_INCREMENT=5 ;

--
-- Dumping data for table `bankchequebooks`
--

INSERT INTO `bankchequebooks` (`id`, `bankchequebookuuid`, `company_id`, `branch_id`, `bank_id`, `bankbranch_id`, `bankaccounttype_id`, `bankaccount_id`, `bankchequebookseries`, `bankchequebooksequencyfrom`, `bankchequebooksequencyto`, `bankchequebookisactive`, `bankchequebookinsertid`, `bankchequebookupdateid`, `bankchequebookdeleteid`, `bankchequebookinsertdate`, `bankchequebookupdatedate`, `bankchequebookdeletedate`) VALUES
(1, '54d09c8f-a800-4830-b84f-0a24c0a80067', 3, 5, 19, 3, 2, 1, 'DF', 1, 20, 1, 3, 3, 0, '2015-02-03 11:01:51', '2015-02-03 11:02:04', '0000-00-00 00:00:00'),
(2, '54d1fe81-45b8-493a-bd49-0dacf4f1b0b9', 1, 1, 8, 93, 1, 2, 'RR', 101, 110, 1, 1, 0, 0, '2015-02-04 12:12:01', '0000-00-00 00:00:00', '0000-00-00 00:00:00'),
(3, '54d71d8a-92f8-4598-8609-0810f4f1b0b9', 3, 5, 19, 3, 2, 1, 'DF', 1, 20, 1, 3, 0, 0, '2015-02-08 09:25:46', '0000-00-00 00:00:00', '0000-00-00 00:00:00'),
(4, '54d71f1b-8b28-48c5-96cf-0810f4f1b0b9', 3, 5, 1, 1, 1, 3, 'TT', 1, 20, 1, 3, 0, 0, '2015-02-08 09:32:27', '0000-00-00 00:00:00', '0000-00-00 00:00:00');

-- --------------------------------------------------------

--
-- Table structure for table `banks`
--

CREATE TABLE IF NOT EXISTS `banks` (
  `id` int(11) NOT NULL AUTO_INCREMENT,
  `bankuuid` varchar(255) NOT NULL DEFAULT '0',
  `banktype_id` int(11) NOT NULL DEFAULT '0',
  `bankname` varchar(255) NOT NULL,
  `banknamebn` text NOT NULL,
  `bankisactive` tinyint(2) NOT NULL DEFAULT '0',
  `bankinsertid` int(11) NOT NULL DEFAULT '0',
  `bankupdateid` int(11) NOT NULL DEFAULT '0',
  `bankdeleteid` int(11) NOT NULL DEFAULT '0',
  `bankinsertdate` datetime NOT NULL DEFAULT '0000-00-00 00:00:00',
  `bankupdatedate` datetime NOT NULL DEFAULT '0000-00-00 00:00:00',
  `bankdeletedate` datetime NOT NULL DEFAULT '0000-00-00 00:00:00',
  PRIMARY KEY (`id`)
) ENGINE=InnoDB  DEFAULT CHARSET=utf8 AUTO_INCREMENT=92 ;

--
-- Dumping data for table `banks`
--

INSERT INTO `banks` (`id`, `bankuuid`, `banktype_id`, `bankname`, `banknamebn`, `bankisactive`, `bankinsertid`, `bankupdateid`, `bankdeleteid`, `bankinsertdate`, `bankupdatedate`, `bankdeletedate`) VALUES
(1, '549aa847-0d64-4ddf-bbe3-0c7cf4f1b0b9', 1, 'Sonali Bank', 'à¦¸à§‹à¦¨à¦¾à¦²à§€ à¦¬à§à¦¯à¦¾à¦‚à¦•', 1, 1, 1, 0, '2014-12-24 12:49:27', '2014-12-29 08:04:05', '0000-00-00 00:00:00'),
(2, '549aa860-3d40-439f-b20e-0c7cf4f1b0b9', 1, 'Janata Bank', 'à¦œà¦¨à¦¤à¦¾ à¦¬à§à¦¯à¦¾à¦‚à¦•', 1, 1, 1, 0, '2014-12-24 12:49:52', '2014-12-28 08:01:59', '0000-00-00 00:00:00'),
(3, '549aa876-45fc-47dc-b219-0c7cf4f1b0b9', 1, 'Agrani Bank', 'à¦…à¦—à§à¦°à¦£à§€ à¦¬à§à¦¯à¦¾à¦‚à¦•', 1, 1, 1, 0, '2014-12-24 12:50:14', '2014-12-28 08:01:51', '0000-00-00 00:00:00'),
(4, '549aa894-544c-4906-8324-0c7cf4f1b0b9', 1, 'Rupali Bank Limited', 'à¦°à§‚à¦ªà¦¾à¦²à§€ à¦¬à§à¦¯à¦¾à¦‚à¦• à¦²à¦¿à¦®à¦¿à¦Ÿà§‡à¦¡', 1, 1, 1, 0, '2014-12-24 12:50:44', '2014-12-28 08:02:10', '0000-00-00 00:00:00'),
(5, '54a2718b-d38c-49a2-8115-0610a9baf6a0', 2, 'AB Bank Limited', 'à¦à¦¬à¦¿ à¦¬à§à¦¯à¦¾à¦‚à¦• à¦²à¦¿à¦®à¦¿à¦Ÿà§‡à¦¡', 1, 1, 0, 0, '2014-12-30 10:34:03', '0000-00-00 00:00:00', '0000-00-00 00:00:00'),
(6, '54a271cd-5080-4929-9ab3-0610a9baf6a0', 2, 'Bangladesh Commerce Bank Limited', 'à¦¬à¦¾à¦‚à¦²à¦¾à¦¦à§‡à¦¶ à¦•à¦®à¦¾à¦°à§à¦¸ à¦¬à§à¦¯à¦¾à¦‚à¦• à¦²à¦¿à¦®à¦¿à¦Ÿà§‡à¦¡', 1, 1, 0, 0, '2014-12-30 10:35:09', '0000-00-00 00:00:00', '0000-00-00 00:00:00'),
(7, '54a271f2-0b60-4d27-becc-0610a9baf6a0', 2, 'Bank Asia Limited', 'à¦¬à§à¦¯à¦¾à¦‚à¦• à¦à¦¶à¦¿à§Ÿà¦¾ à¦²à¦¿à¦®à¦¿à¦Ÿà§‡à¦¡', 1, 1, 0, 0, '2014-12-30 10:35:46', '0000-00-00 00:00:00', '0000-00-00 00:00:00'),
(8, '54a27223-4bc0-4cc4-b547-0610a9baf6a0', 2, 'BRAC Bank Limited', 'à¦¬à§à¦°à§à¦¯à¦¾à¦• à¦¬à§à¦¯à¦¾à¦‚à¦• à¦²à¦¿à¦®à¦¿à¦Ÿà§‡à¦¡', 1, 1, 0, 0, '2014-12-30 10:36:35', '0000-00-00 00:00:00', '0000-00-00 00:00:00'),
(9, '54a28005-19ac-4cb9-b7f9-0610a9baf6a0', 2, 'Dhaka Bank Limited.', 'à¦¢à¦¾à¦•à¦¾ à¦¬à§à¦¯à¦¾à¦‚à¦• à¦²à¦¿à¦®à¦¿à¦Ÿà§‡à¦¡', 1, 1, 0, 0, '2014-12-30 11:35:49', '0000-00-00 00:00:00', '0000-00-00 00:00:00'),
(10, '54a28037-5140-4fa6-a141-0610a9baf6a0', 2, 'Dutch Bangla Bank Limited.', 'à¦¡à¦¾à¦š à¦¬à¦¾à¦‚à¦²à¦¾ à¦¬à§à¦¯à¦¾à¦‚à¦• à¦²à¦¿à¦®à¦¿à¦Ÿà§‡à¦¡', 1, 1, 0, 0, '2014-12-30 11:36:39', '0000-00-00 00:00:00', '0000-00-00 00:00:00'),
(11, '54a2806e-0bb4-4306-b109-0610a9baf6a0', 2, 'Eastern Bank Limited.', 'à¦‡à¦¸à§à¦Ÿà¦¾à¦°à§à¦¨ à¦¬à§à¦¯à¦¾à¦‚à¦• à¦²à¦¿à¦®à¦¿à¦Ÿà§‡à¦¡', 1, 1, 0, 0, '2014-12-30 11:37:34', '0000-00-00 00:00:00', '0000-00-00 00:00:00'),
(12, '54a280a2-4248-4b13-9afe-0610a9baf6a0', 2, 'Farmers Bank Limited', 'à¦«à¦¾à¦°à§à¦®à¦¾à¦°à§à¦¸ à¦¬à§à¦¯à¦¾à¦‚à¦• à¦²à¦¿à¦®à¦¿à¦Ÿà§‡à¦¡', 1, 1, 0, 0, '2014-12-30 11:38:26', '0000-00-00 00:00:00', '0000-00-00 00:00:00'),
(13, '54a280cf-83fc-468a-bf0b-0610a9baf6a0', 2, 'IFIC Bank Limited.', 'à¦†à¦‡à¦à¦«à¦†à¦‡à¦¸à¦¿ à¦¬à§à¦¯à¦¾à¦‚à¦• à¦²à¦¿à¦®à¦¿à¦Ÿà§‡à¦¡', 1, 1, 0, 0, '2014-12-30 11:39:11', '0000-00-00 00:00:00', '0000-00-00 00:00:00'),
(14, '54a280ee-3cac-4a8b-b60e-0610a9baf6a0', 2, 'Jamuna Bank Limited', 'à¦¯à¦®à§à¦¨à¦¾ à¦¬à§à¦¯à¦¾à¦‚à¦• à¦²à¦¿à¦®à¦¿à¦Ÿà§‡à¦¡', 1, 1, 0, 0, '2014-12-30 11:39:42', '0000-00-00 00:00:00', '0000-00-00 00:00:00'),
(15, '54a28106-e8e0-4810-8e1f-0610a9baf6a0', 2, 'Meghna Bank Limited', 'à¦®à§‡à¦˜à¦¨à¦¾ à¦¬à§à¦¯à¦¾à¦‚à¦• à¦²à¦¿à¦®à¦¿à¦Ÿà§‡à¦¡', 1, 1, 0, 0, '2014-12-30 11:40:06', '0000-00-00 00:00:00', '0000-00-00 00:00:00'),
(16, '54a28125-7d58-4c82-b9a7-0610a9baf6a0', 2, 'Mercantile Bank Limited', 'à¦®à¦¾à¦°à§à¦•à§‡à¦¨à¦Ÿà¦¾à¦‡à¦² à¦¬à§à¦¯à¦¾à¦‚à¦• à¦²à¦¿à¦®à¦¿à¦Ÿà§‡à¦¡', 1, 1, 0, 0, '2014-12-30 11:40:37', '0000-00-00 00:00:00', '0000-00-00 00:00:00'),
(17, '54a28143-fc94-4638-bd42-0610a9baf6a0', 2, 'Midland Bank Limited', 'à¦®à¦¿à¦¡à¦²à§à¦¯à¦¾à¦¨à§à¦¡ à¦¬à§à¦¯à¦¾à¦‚à¦• à¦²à¦¿à¦®à¦¿à¦Ÿà§‡à¦¡', 1, 1, 0, 0, '2014-12-30 11:41:07', '0000-00-00 00:00:00', '0000-00-00 00:00:00'),
(18, '54a2815b-084c-49aa-b7a5-0610a9baf6a0', 2, 'Modhumoti Bank Limited', 'à¦®à¦§à§à¦®à¦¤à¦¿ à¦¬à§à¦¯à¦¾à¦‚à¦• à¦²à¦¿à¦®à¦¿à¦Ÿà§‡à¦¡', 1, 1, 0, 0, '2014-12-30 11:41:31', '0000-00-00 00:00:00', '0000-00-00 00:00:00'),
(19, '54a2817b-af54-497a-8469-0610a9baf6a0', 2, 'Mutual Trust Bank Limited', 'à¦®à¦¿à¦‰à¦šà§à§Ÿà¦¾à¦² à¦Ÿà§à¦°à¦¾à¦¸à§à¦Ÿ à¦¬à§à¦¯à¦¾à¦‚à¦• à¦²à¦¿à¦®à¦¿à¦Ÿà§‡à¦¡', 1, 1, 0, 0, '2014-12-30 11:42:03', '0000-00-00 00:00:00', '0000-00-00 00:00:00'),
(20, '54a28195-4258-4f8b-a2f2-0610a9baf6a0', 2, 'National Bank Limited', 'à¦¨à§à¦¯à¦¾à¦¶à¦¨à¦¾à¦² à¦¬à§à¦¯à¦¾à¦‚à¦• à¦²à¦¿à¦®à¦¿à¦Ÿà§‡à¦¡', 1, 1, 0, 0, '2014-12-30 11:42:29', '0000-00-00 00:00:00', '0000-00-00 00:00:00'),
(21, '54a281ae-d700-4d61-af8e-0610a9baf6a0', 2, 'NCC Bank Limited', 'à¦à¦¨à¦¸à¦¿à¦¸à¦¿ à¦¬à§à¦¯à¦¾à¦‚à¦• à¦²à¦¿à¦®à¦¿à¦Ÿà§‡à¦¡', 1, 1, 0, 0, '2014-12-30 11:42:54', '0000-00-00 00:00:00', '0000-00-00 00:00:00'),
(22, '54a28219-ffcc-44c6-9acf-0610a9baf6a0', 2, 'NRB Commercial Bank Limited', 'à¦à¦¨à¦†à¦°à¦¬à¦¿ à¦•à¦®à¦¾à¦°à§à¦¶à¦¿à§Ÿà¦¾à¦² à¦¬à§à¦¯à¦¾à¦‚à¦• à¦²à¦¿à¦®à¦¿à¦Ÿà§‡à¦¡', 1, 1, 0, 0, '2014-12-30 11:44:41', '0000-00-00 00:00:00', '0000-00-00 00:00:00'),
(23, '54a2823c-ffe0-46e7-b567-0610a9baf6a0', 2, 'NRB Global Bank Ltd', 'à¦à¦¨à¦†à¦°à¦¬à¦¿ à¦—à§à¦²à§‹à¦¬à¦¾à¦² à¦¬à§à¦¯à¦¾à¦‚à¦• à¦²à¦¿à¦®à¦¿à¦Ÿà§‡à¦¡', 1, 1, 0, 0, '2014-12-30 11:45:16', '0000-00-00 00:00:00', '0000-00-00 00:00:00'),
(24, '54a28259-7d94-40ca-82ee-0610a9baf6a0', 2, 'One Bank Limited', 'à¦“à§Ÿà¦¾à¦¨ à¦¬à§à¦¯à¦¾à¦‚à¦• à¦²à¦¿à¦®à¦¿à¦Ÿà§‡à¦¡', 1, 1, 0, 0, '2014-12-30 11:45:45', '0000-00-00 00:00:00', '0000-00-00 00:00:00'),
(25, '54a28270-2088-496d-9fae-0610a9baf6a0', 2, 'Prime Bank Limited', 'à¦ªà§à¦°à¦¾à¦‡à¦® à¦¬à§à¦¯à¦¾à¦‚à¦• à¦²à¦¿à¦®à¦¿à¦Ÿà§‡à¦¡', 1, 1, 0, 0, '2014-12-30 11:46:08', '0000-00-00 00:00:00', '0000-00-00 00:00:00'),
(26, '54a2828c-a91c-4bcb-a9bd-0610a9baf6a0', 2, 'Pubali Bank Limited', 'à¦ªà§‚à¦¬à¦¾à¦²à§€ à¦¬à§à¦¯à¦¾à¦‚à¦• à¦²à¦¿à¦®à¦¿à¦Ÿà§‡à¦¡', 1, 1, 0, 0, '2014-12-30 11:46:36', '0000-00-00 00:00:00', '0000-00-00 00:00:00'),
(27, '54a282bb-3edc-4796-a94b-0610a9baf6a0', 2, 'South Bangla Agriculture and Commerce Bank Ltd', 'à¦¸à¦¾à¦‰à¦¥ à¦¬à¦¾à¦‚à¦²à¦¾ à¦à¦—à§à¦°à¦¿à¦•à¦¾à¦²à¦šà¦¾à¦° à¦à¦¨à§à¦¡ à¦•à¦®à¦¾à¦°à§à¦¸ à¦¬à§à¦¯à¦¾à¦‚à¦• à¦²à¦¿à¦®à¦¿à¦Ÿà§‡à¦¡', 1, 1, 0, 0, '2014-12-30 11:47:23', '0000-00-00 00:00:00', '0000-00-00 00:00:00'),
(28, '54a282dc-b82c-44f0-bb35-0610a9baf6a0', 2, 'Southeast Bank Limited', 'à¦¸à¦¾à¦‰à¦¥à¦‡à¦¸à§à¦Ÿ à¦¬à§à¦¯à¦¾à¦‚à¦• à¦²à¦¿à¦®à¦¿à¦Ÿà§‡à¦¡', 1, 1, 0, 0, '2014-12-30 11:47:56', '0000-00-00 00:00:00', '0000-00-00 00:00:00'),
(29, '54a282f5-3474-48c0-babc-0610a9baf6a0', 2, 'Standard Bank Limited', 'à¦¸à§à¦Ÿà§à¦¯à¦¾à¦¨à§à¦¡à¦¾à¦°à§à¦¡ à¦¬à§à¦¯à¦¾à¦‚à¦• à¦²à¦¿à¦®à¦¿à¦Ÿà§‡à¦¡', 1, 1, 0, 0, '2014-12-30 11:48:21', '0000-00-00 00:00:00', '0000-00-00 00:00:00'),
(30, '54a28310-0dfc-4fa1-892f-0610a9baf6a0', 2, 'The City Bank Limited', 'à¦¦à§à¦¯ à¦¸à¦¿à¦Ÿà¦¿ à¦¬à§à¦¯à¦¾à¦‚à¦• à¦²à¦¿à¦®à¦¿à¦Ÿà§‡à¦¡', 1, 1, 0, 0, '2014-12-30 11:48:48', '0000-00-00 00:00:00', '0000-00-00 00:00:00'),
(31, '54a2832c-7bac-4940-869a-0610a9baf6a0', 2, 'The Premier Bank Limited', 'à¦¦à§à¦¯ à¦ªà§à¦°à¦¿à¦®à¦¿à§Ÿà¦¾à¦° à¦¬à§à¦¯à¦¾à¦‚à¦• à¦²à¦¿à¦®à¦¿à¦Ÿà§‡à¦¡', 1, 1, 0, 0, '2014-12-30 11:49:16', '0000-00-00 00:00:00', '0000-00-00 00:00:00'),
(32, '54a28347-9d38-4710-b0c7-0610a9baf6a0', 2, 'Trust Bank Limited', 'à¦Ÿà§à¦°à¦¾à¦¸à§à¦Ÿ à¦¬à§à¦¯à¦¾à¦‚à¦• à¦²à¦¿à¦®à¦¿à¦Ÿà§‡à¦¡', 1, 1, 0, 0, '2014-12-30 11:49:43', '0000-00-00 00:00:00', '0000-00-00 00:00:00'),
(33, '54a28369-4f0c-4c1c-96ea-0610a9baf6a0', 2, 'United Commercial Bank Ltd', 'à¦‡à¦‰à¦¨à¦¾à¦‡à¦Ÿà§‡à¦¡ à¦•à¦®à¦¾à¦°à§à¦¶à¦¿à§Ÿà¦¾à¦² à¦¬à§à¦¯à¦¾à¦‚à¦• à¦²à¦¿à¦®à¦¿à¦Ÿà§‡à¦¡', 1, 1, 0, 0, '2014-12-30 11:50:17', '0000-00-00 00:00:00', '0000-00-00 00:00:00'),
(34, '54a28381-2d68-4c2f-ba1e-0610a9baf6a0', 2, 'Uttara Bank Limited', 'à¦‰à¦¤à§à¦¤à¦°à¦¾ à¦¬à§à¦¯à¦¾à¦‚à¦• à¦²à¦¿à¦®à¦¿à¦Ÿà§‡à¦¡', 1, 1, 0, 0, '2014-12-30 11:50:41', '0000-00-00 00:00:00', '0000-00-00 00:00:00'),
(35, '54a283b4-0958-489f-9284-0610a9baf6a0', 3, 'Al-Arafah Islami Bank Limited', 'à¦†à¦²-à¦†à¦°à¦¾à¦«à¦¾à¦¹ à¦‡à¦¸à¦²à¦¾à¦®à§€ à¦¬à§à¦¯à¦¾à¦‚à¦• à¦²à¦¿à¦®à¦¿à¦Ÿà§‡à¦¡', 1, 1, 0, 0, '2014-12-30 11:51:32', '0000-00-00 00:00:00', '0000-00-00 00:00:00'),
(36, '54a283e2-3184-4795-8090-0610a9baf6a0', 3, 'Export Import Bank of Bangladesh Limited', 'à¦à¦•à§à¦¸à¦ªà§‹à¦°à§à¦Ÿ à¦‡à¦®à¦ªà§‹à¦°à§à¦Ÿ à¦¬à§à¦¯à¦¾à¦‚à¦• à¦…à¦¬ à¦¬à¦¾à¦‚à¦²à¦¾à¦¦à§‡à¦¶ à¦²à¦¿à¦®à¦¿à¦Ÿà§‡à¦¡', 1, 1, 0, 0, '2014-12-30 11:52:18', '0000-00-00 00:00:00', '0000-00-00 00:00:00'),
(37, '54a28409-7c24-4ed1-b35c-0610a9baf6a0', 3, 'First Security Islami Bank Limited', 'à¦«à¦¾à¦°à§à¦¸à§à¦Ÿ à¦¸à¦¿à¦•à¦¿à¦‰à¦°à¦¿à¦Ÿà¦¿ à¦‡à¦¸à¦²à¦¾à¦®à§€ à¦¬à§à¦¯à¦¾à¦‚à¦• à¦²à¦¿à¦®à¦¿à¦Ÿà§‡à¦¡', 1, 1, 0, 0, '2014-12-30 11:52:57', '0000-00-00 00:00:00', '0000-00-00 00:00:00'),
(38, '54a28430-69c8-4ad0-8b55-0610a9baf6a0', 3, 'ICB Islamic Bank', 'à¦†à¦‡à¦¸à¦¿à¦¬à¦¿ à¦‡à¦¸à¦²à¦¾à¦®à¦¿à¦• à¦¬à§à¦¯à¦¾à¦‚à¦•', 1, 1, 0, 0, '2014-12-30 11:53:36', '0000-00-00 00:00:00', '0000-00-00 00:00:00'),
(39, '54a28450-30c0-4d7b-a6a9-0610a9baf6a0', 3, 'Islami Bank Bangladesh Limited', 'à¦‡à¦¸à¦²à¦¾à¦®à§€ à¦¬à§à¦¯à¦¾à¦‚à¦• à¦¬à¦¾à¦‚à¦²à¦¾à¦¦à§‡à¦¶ à¦²à¦¿à¦®à¦¿à¦Ÿà§‡à¦¡', 1, 1, 0, 0, '2014-12-30 11:54:08', '0000-00-00 00:00:00', '0000-00-00 00:00:00'),
(40, '54a2846e-9d50-4437-98ca-0610a9baf6a0', 3, 'Shahjalal islami bank Limited', 'à¦¶à¦¾à¦¹à¦œà¦¾à¦²à¦¾à¦² à¦‡à¦¸à¦²à¦¾à¦®à§€ à¦¬à§à¦¯à¦¾à¦‚à¦• à¦²à¦¿à¦®à¦¿à¦Ÿà§‡à¦¡', 1, 1, 0, 0, '2014-12-30 11:54:38', '0000-00-00 00:00:00', '0000-00-00 00:00:00'),
(41, '54a28490-0824-47eb-a075-0610a9baf6a0', 3, 'Social Islami Bank Limited', 'à¦¸à§‹à¦¶à§à¦¯à¦¾à¦² à¦‡à¦¸à¦²à¦¾à¦®à§€ à¦¬à§à¦¯à¦¾à¦‚à¦• à¦²à¦¿à¦®à¦¿à¦Ÿà§‡à¦¡', 1, 1, 0, 0, '2014-12-30 11:55:12', '0000-00-00 00:00:00', '0000-00-00 00:00:00'),
(42, '54a284ab-a3c4-40d7-823c-0610a9baf6a0', 3, 'Union Bank Limited', 'à¦‡à¦‰à¦¨à¦¿à§Ÿà¦¨ à¦¬à§à¦¯à¦¾à¦‚à¦• à¦²à¦¿à¦®à¦¿à¦Ÿà§‡à¦¡', 1, 1, 0, 0, '2014-12-30 11:55:39', '0000-00-00 00:00:00', '0000-00-00 00:00:00'),
(43, '54a284ca-50b4-47ef-80c8-0610a9baf6a0', 4, 'Bank Alfalah', 'à¦¬à§à¦¯à¦¾à¦‚à¦• à¦†à¦²à¦«à¦¾à¦²à¦¾à¦¹à§', 1, 1, 0, 0, '2014-12-30 11:56:10', '0000-00-00 00:00:00', '0000-00-00 00:00:00'),
(44, '54a284e8-f980-4102-9c3e-0610a9baf6a0', 4, 'Citibank NA', 'à¦¸à¦¿à¦Ÿà¦¿ à¦¬à§à¦¯à¦¾à¦‚à¦• à¦à¦¨à¦', 1, 1, 0, 0, '2014-12-30 11:56:40', '0000-00-00 00:00:00', '0000-00-00 00:00:00'),
(45, '54a2850e-c118-4e09-b9cf-0610a9baf6a0', 4, 'Commercial Bank of Ceylon', 'à¦•à¦®à¦¾à¦°à§à¦¶à¦¿à§Ÿà¦¾à¦² à¦¬à§à¦¯à¦¾à¦‚à¦• à¦…à¦¬ à¦¸à¦¿à¦²à¦¨', 1, 1, 0, 0, '2014-12-30 11:57:18', '0000-00-00 00:00:00', '0000-00-00 00:00:00'),
(46, '54a28523-9b60-422a-9787-0610a9baf6a0', 4, 'Habib Bank Limited', 'à¦¹à¦¾à¦¬à¦¿à¦¬ à¦¬à§à¦¯à¦¾à¦‚à¦• à¦²à¦¿à¦®à¦¿à¦Ÿà§‡à¦¡', 1, 1, 0, 0, '2014-12-30 11:57:39', '0000-00-00 00:00:00', '0000-00-00 00:00:00'),
(47, '54a28545-7724-4127-8cb9-0610a9baf6a0', 4, 'HSBC', 'à¦à¦‡à¦šà¦à¦¸à¦¬à¦¿à¦¸à¦¿', 1, 1, 0, 0, '2014-12-30 11:58:13', '0000-00-00 00:00:00', '0000-00-00 00:00:00'),
(48, '54a28564-b568-45da-a38c-0610a9baf6a0', 4, 'National Bank of Pakistan', 'à¦¨à§à¦¯à¦¾à¦¶à¦¨à¦¾à¦² à¦¬à§à¦¯à¦¾à¦‚à¦• à¦…à¦¬ à¦ªà¦¾à¦•à¦¿à¦¸à§à¦¤à¦¾à¦¨', 1, 1, 0, 0, '2014-12-30 11:58:44', '0000-00-00 00:00:00', '0000-00-00 00:00:00'),
(49, '54a2858b-6c90-4400-8c6c-0610a9baf6a0', 4, 'Standard Chartered Bank', 'à¦¸à§à¦Ÿà§à¦¯à¦¾à¦¨à§à¦¡à¦¾à¦°à§à¦¡ à¦šà¦¾à¦°à§à¦Ÿà¦¾à¦°à§à¦¡ à¦¬à§à¦¯à¦¾à¦‚à¦•', 1, 1, 0, 0, '2014-12-30 11:59:23', '0000-00-00 00:00:00', '0000-00-00 00:00:00'),
(50, '54a285b4-fbd4-4fa1-9e89-0610a9baf6a0', 4, 'State Bank of India', 'à¦¸à§à¦Ÿà§‡à¦Ÿ à¦¬à§à¦¯à¦¾à¦‚à¦• à¦…à¦¬ à¦‡à¦¨à§à¦¡à¦¿à§Ÿà¦¾', 1, 1, 0, 0, '2014-12-30 12:00:04', '0000-00-00 00:00:00', '0000-00-00 00:00:00'),
(51, '54a285f3-6fbc-4578-a449-0610a9baf6a0', 4, 'Woori Bank', 'à¦‰à¦°à¦¿ à¦¬à§à¦¯à¦¾à¦‚à¦•', 1, 1, 0, 0, '2014-12-30 12:01:07', '0000-00-00 00:00:00', '0000-00-00 00:00:00'),
(52, '54a28616-afec-4367-873c-0610a9baf6a0', 4, 'ICICI Bank', 'à¦†à¦‡à¦¸à¦¿à¦†à¦‡à¦¸à¦¿à¦†à¦‡ à¦¬à§à¦¯à¦¾à¦‚à¦•', 1, 1, 0, 0, '2014-12-30 12:01:42', '0000-00-00 00:00:00', '0000-00-00 00:00:00'),
(53, '54a28632-9034-473a-8f41-0610a9baf6a0', 5, 'Bangladesh Krishi Bank', 'à¦¬à¦¾à¦‚à¦²à¦¾à¦¦à§‡à¦¶ à¦•à§ƒà¦·à¦¿ à¦¬à§à¦¯à¦¾à¦‚à¦•', 1, 1, 0, 0, '2014-12-30 12:02:10', '0000-00-00 00:00:00', '0000-00-00 00:00:00'),
(54, '54a28655-9854-4fe9-a52f-0610a9baf6a0', 5, 'Rajshahi Krishi Unnayan Bank', 'à¦°à¦¾à¦œà¦¶à¦¾à¦¹à§€ à¦•à§ƒà¦·à¦¿ à¦‰à¦¨à§à¦¨à§Ÿà¦¨ à¦¬à§à¦¯à¦¾à¦‚à¦•', 1, 1, 0, 0, '2014-12-30 12:02:45', '0000-00-00 00:00:00', '0000-00-00 00:00:00'),
(55, '54a2867c-9818-42b1-8fb4-0610a9baf6a0', 5, 'Bangladesh Development Bank Ltd', 'à¦¬à¦¾à¦‚à¦²à¦¾à¦¦à§‡à¦¶ à¦¡à§‡à¦­à§‡à¦²à¦ªà¦®à§‡à¦¨à§à¦Ÿ à¦¬à§à¦¯à¦¾à¦‚à¦• à¦²à¦¿à¦®à¦¿à¦Ÿà§‡à¦¡', 1, 1, 0, 0, '2014-12-30 12:03:24', '0000-00-00 00:00:00', '0000-00-00 00:00:00'),
(56, '54a28696-f994-4953-b375-0610a9baf6a0', 5, 'BASIC Bank Limited', 'à¦¬à§‡à¦¸à¦¿à¦• à¦¬à§à¦¯à¦¾à¦‚à¦• à¦²à¦¿à¦®à¦¿à¦Ÿà§‡à¦¡', 1, 1, 0, 0, '2014-12-30 12:03:50', '0000-00-00 00:00:00', '0000-00-00 00:00:00'),
(57, '54a286ac-9854-4ae6-9c30-0610a9baf6a0', 5, 'Probashi Kallyan Bank', 'à¦ªà§à¦°à¦¬à¦¾à¦¸à§€ à¦•à¦²à§à¦¯à¦¾à¦£ à¦¬à§à¦¯à¦¾à¦‚à¦•', 1, 1, 0, 0, '2014-12-30 12:04:12', '0000-00-00 00:00:00', '0000-00-00 00:00:00'),
(58, '54a286de-29d0-4af1-9a74-0610a9baf6a0', 5, 'The Dhaka Mercantile co-operative Bank Ltd', 'à¦¦à§à¦¯ à¦¢à¦¾à¦•à¦¾ à¦®à¦¾à¦°à§à¦•à§‡à¦¨à¦Ÿà¦¾à¦‡à¦² à¦•à§‹-à¦“à¦ªà¦¾à¦°à§‡à¦Ÿà¦¿à¦­ à¦¬à§à¦¯à¦¾à¦‚à¦• à¦²à¦¿à¦®à¦¿à¦Ÿà§‡à¦¡', 1, 1, 0, 0, '2014-12-30 12:05:02', '0000-00-00 00:00:00', '0000-00-00 00:00:00'),
(59, '54a28726-29b0-41ba-a639-0610a9baf6a0', 6, 'Investment Corporation of Bangladesh (ICB)', 'à¦‡à¦¨à¦­à§‡à¦¸à§à¦Ÿà¦®à§‡à¦¨à§à¦Ÿ à¦•à¦°à§à¦ªà§‹à¦°à§‡à¦¶à¦¨ à¦…à¦¬ à¦¬à¦¾à¦‚à¦²à¦¾à¦¦à§‡à¦¶(à¦†à¦‡à¦¸à¦¿à¦¬à¦¿)', 1, 1, 0, 0, '2014-12-30 12:06:14', '0000-00-00 00:00:00', '0000-00-00 00:00:00'),
(60, '54a28756-0c6c-4a47-9af6-0610a9baf6a0', 6, 'Uttara Finance and Investments Limited', 'à¦‰à¦¤à§à¦¤à¦°à¦¾ à¦«à¦¿à¦¨à§à¦¯à¦¾à¦¨à§à¦¸ à¦à¦¨à§à¦¡ à¦‡à¦¨à¦­à§‡à¦¸à§à¦Ÿà¦®à§‡à¦¨à§à¦Ÿà¦¸  à¦²à¦¿à¦®à¦¿à¦Ÿà§‡à¦¡', 1, 1, 0, 0, '2014-12-30 12:07:02', '0000-00-00 00:00:00', '0000-00-00 00:00:00'),
(61, '54a28785-8dbc-4843-a743-0610a9baf6a0', 6, 'United Leasing Company Limited (ULCL)', 'à¦‡à¦‰à¦¨à¦¾à¦‡à¦Ÿà§‡à¦¡ à¦²à¦¿à¦œà¦¿à¦‚ à¦•à§‹à¦®à§à¦ªà¦¾à¦¨à§€ à¦²à¦¿à¦®à¦¿à¦Ÿà§‡à¦¡(à¦‡à¦‰à¦à¦²à¦¸à¦¿à¦à¦²)', 1, 1, 0, 0, '2014-12-30 12:07:49', '0000-00-00 00:00:00', '0000-00-00 00:00:00'),
(62, '54a287a2-b8e0-4c04-890f-0610a9baf6a0', 6, 'Union Capital Limited', 'à¦‡à¦‰à¦¨à¦¿à§Ÿà¦¨ à¦•à§à¦¯à¦¾à¦ªà¦¿à¦Ÿà¦¾à¦² à¦²à¦¿à¦®à¦¿à¦Ÿà§‡à¦¡', 1, 1, 0, 0, '2014-12-30 12:08:18', '0000-00-00 00:00:00', '0000-00-00 00:00:00'),
(63, '54a287d8-2ce0-4f15-bc93-0610a9baf6a0', 6, 'The UAE-Bangladesh Investment Co. Ltd', 'à¦¦à§à¦¯ à¦‡à¦‰à¦à¦‡-à¦¬à¦¾à¦‚à¦²à¦¾à¦¦à§‡à¦¶ à¦‡à¦¨à¦­à§‡à¦¸à§à¦Ÿà¦®à§‡à¦¨à§à¦Ÿ à¦•à§‹:à¦²à¦¿à¦®à¦¿à¦Ÿà§‡à¦¡', 1, 1, 0, 0, '2014-12-30 12:09:12', '0000-00-00 00:00:00', '0000-00-00 00:00:00'),
(64, '54a2883d-bbe8-4aa7-a5dd-0610a9baf6a0', 6, 'Saudi-Bangladesh Industrial & Agricultural Investment Company Limited (SABINCO)', 'à¦¸à§Œà¦¦à¦¿-à¦¬à¦¾à¦‚à¦²à¦¾à¦¦à§‡à¦¶  à¦‡à¦¨à§à¦¡à¦¾à¦¸à§à¦Ÿà§à¦°à¦¿à§Ÿà¦¾à¦² à¦à¦¨à§à¦¡ à¦à¦—à§à¦°à¦¿à¦•à¦¾à¦²à¦šà¦¾à¦°à¦¾à¦² à¦‡à¦¨à¦­à§‡à¦¸à§à¦Ÿà¦®à§‡à¦¨à§à¦Ÿ à¦•à§‹à¦®à§à¦ªà¦¾à¦¨à§€ à¦²à¦¿à¦®à¦¿à¦Ÿà§‡à¦¡(à¦à¦¸à¦à¦¬à¦¿à¦†à¦‡à¦à¦¨à¦¸à¦¿à¦“)', 1, 1, 0, 0, '2014-12-30 12:10:53', '0000-00-00 00:00:00', '0000-00-00 00:00:00'),
(65, '54a28864-b4e4-40b8-af8e-0610a9baf6a0', 6, 'Reliance Finance Limited', 'à¦°à¦¿à¦²à¦¾à¦‡à§Ÿà§‡à¦¨à§à¦¸ à¦«à¦¿à¦¨à§à¦¯à¦¾à¦¨à§à¦¸ à¦²à¦¿à¦®à¦¿à¦Ÿà§‡à¦¡', 1, 1, 0, 0, '2014-12-30 12:11:32', '0000-00-00 00:00:00', '0000-00-00 00:00:00'),
(66, '54a2888c-f5d8-4a1d-bf2f-0610a9baf6a0', 6, 'Prime Finance & Investment Ltd', 'à¦ªà§à¦°à¦¾à¦‡à¦® à¦«à¦¿à¦¨à§à¦¯à¦¾à¦¨à§à¦¸ à¦à¦¨à§à¦¡ à¦‡à¦¨à¦­à§‡à¦¸à§à¦Ÿà¦®à§‡à¦¨à§à¦Ÿ à¦²à¦¿:', 1, 1, 0, 0, '2014-12-30 12:12:12', '0000-00-00 00:00:00', '0000-00-00 00:00:00'),
(67, '54a288ae-1248-41ad-812d-0610a9baf6a0', 6, 'Premier Leasing & Finance Limited', 'à¦ªà§à¦°à¦¿à¦®à¦¿à§Ÿà¦¾à¦° à¦²à¦¿à¦œà¦¿à¦‚ à¦à¦¨à§à¦¡ à¦«à¦¿à¦¨à§à¦¯à¦¾à¦¨à§à¦¸ à¦²à¦¿à¦®à¦¿à¦Ÿà§‡à¦¡', 1, 1, 0, 0, '2014-12-30 12:12:46', '0000-00-00 00:00:00', '0000-00-00 00:00:00'),
(68, '54a288d6-2070-436e-ac90-0610a9baf6a0', 6, 'Phoenix Finance and Investments Limited', 'à¦«à§‹à¦¨à¦¿à¦•à§à¦¸ à¦«à¦¿à¦¨à§à¦¯à¦¾à¦¨à§à¦¸ à¦à¦¨à§à¦¡ à¦‡à¦¨à¦­à§‡à¦¸à§à¦Ÿà¦®à§‡à¦¨à§à¦Ÿ à¦²à¦¿à¦®à¦¿à¦Ÿà§‡à¦¡', 1, 1, 0, 0, '2014-12-30 12:13:26', '0000-00-00 00:00:00', '0000-00-00 00:00:00'),
(69, '54a2890f-2b74-49af-9cec-0610a9baf6a0', 6, 'People''s Leasing and Financial Services Ltd', 'à¦ªà¦¿à¦ªà¦²à¦¸ à¦²à¦¿à¦œà¦¿à¦‚ à¦à¦¨à§à¦¡ à¦«à¦¿à¦¨à§à¦¯à¦¾à¦¨à§à¦¸à¦¿à§Ÿà¦¾à¦² à¦¸à¦¾à¦°à§à¦­à¦¿à¦¸à§‡à¦¸ à¦²à¦¿à¦®à¦¿à¦Ÿà§‡à¦¡', 1, 1, 0, 0, '2014-12-30 12:14:23', '0000-00-00 00:00:00', '0000-00-00 00:00:00'),
(70, '54a2893c-cc80-4d02-a1ed-0610a9baf6a0', 6, 'National Housing Finance and Investments Limited', 'à¦¨à§à¦¯à¦¾à¦¶à¦¨à¦¾à¦² à¦¹à¦¾à¦‰à¦œà¦¿à¦‚ à¦«à¦¿à¦¨à§à¦¯à¦¾à¦¨à§à¦¸ à¦à¦¨à§à¦¡ à¦‡à¦¨à¦­à§‡à¦¸à§à¦Ÿà¦®à§‡à¦¨à§à¦Ÿà¦¸ à¦²à¦¿à¦®à¦¿à¦Ÿà§‡à¦¡', 1, 1, 0, 0, '2014-12-30 12:15:08', '0000-00-00 00:00:00', '0000-00-00 00:00:00'),
(71, '54a28959-fbc0-449f-a8e8-0610a9baf6a0', 6, 'National Finance Ltd', 'à¦¨à§à¦¯à¦¾à¦¶à¦¨à¦¾à¦² à¦«à¦¿à¦¨à§à¦¯à¦¾à¦¨à§à¦¸ à¦²à¦¿à¦®à¦¿à¦Ÿà§‡à¦¡', 1, 1, 0, 0, '2014-12-30 12:15:37', '0000-00-00 00:00:00', '0000-00-00 00:00:00'),
(72, '54a28983-4e7c-445d-9676-0610a9baf6a0', 6, 'MIDAS Financing Ltd. (MFL)', 'à¦®à¦¿à¦¡à¦¾à¦¸ à¦«à¦¿à¦¨à§à¦¯à¦¾à¦¨à§à¦¸à¦¿à¦‚ à¦²à¦¿à¦®à¦¿à¦Ÿà§‡à¦¡(à¦à¦®à¦à¦«à¦à¦²)', 1, 1, 0, 0, '2014-12-30 12:16:19', '0000-00-00 00:00:00', '0000-00-00 00:00:00'),
(73, '54a289a5-aa2c-458e-8244-0610a9baf6a0', 6, 'LankaBangla Finance Ltd.', 'à¦²à¦‚à¦•à¦¾ à¦¬à¦¾à¦‚à¦²à¦¾ à¦«à¦¿à¦¨à§à¦¯à¦¾à¦¨à§à¦¸ à¦²à¦¿à¦®à¦¿à¦Ÿà§‡à¦¡', 1, 1, 0, 0, '2014-12-30 12:16:53', '0000-00-00 00:00:00', '0000-00-00 00:00:00'),
(74, '54a289cf-ddd8-4289-ae6d-0610a9baf6a0', 6, 'Islamic Finance and Investment Limited', 'à¦‡à¦¸à¦²à¦¾à¦®à¦¿à¦• à¦«à¦¿à¦¨à§à¦¯à¦¾à¦¨à§à¦¸ à¦à¦¨à§à¦¡ à¦‡à¦¨à¦­à§‡à¦¸à§à¦Ÿà¦®à§‡à¦¨à§à¦Ÿ à¦²à¦¿à¦®à¦¿à¦Ÿà§‡à¦¡', 1, 1, 0, 0, '2014-12-30 12:17:35', '0000-00-00 00:00:00', '0000-00-00 00:00:00'),
(75, '54a28a13-06f4-4e48-963b-0610a9baf6a0', 6, 'International Leasing and Financial Services Limited', 'à¦‡à¦¨à§à¦¡à¦¾à¦¸à§à¦Ÿà§à¦°à¦¿à§Ÿà¦¾à¦² à¦²à¦¿à¦œà¦¿à¦‚ à¦à¦¨à§à¦¡ à¦«à¦¿à¦¨à§à¦¯à¦¾à¦¨à§à¦¸à¦¿à§Ÿà¦¾à¦² à¦¸à¦¾à¦°à§à¦­à¦¿à¦¸à§‡à¦¸ à¦²à¦¿à¦®à¦¿à¦Ÿà§‡à¦¡', 1, 1, 0, 0, '2014-12-30 12:18:43', '0000-00-00 00:00:00', '0000-00-00 00:00:00'),
(76, '54a28a97-34dc-49d2-b65a-0610a9baf6a0', 6, 'Infrastructure Development Company Limited (IDCOL)', 'à¦‡à¦¨à¦«à§à¦°à§à¦¯à¦¾à¦¸à§à¦Ÿà§à¦°à¦¾à¦•à¦šà¦¾à¦° à¦¡à§‡à¦­à§‡à¦²à¦ªà¦®à§‡à¦¨à§à¦Ÿ à¦•à§‹à¦®à§à¦ªà¦¾à¦¨à§€ à¦²à¦¿à¦®à¦¿à¦Ÿà§‡à¦¡(à¦†à¦‡à¦¡à¦¿à¦¸à¦¿à¦“à¦à¦²)', 1, 1, 0, 0, '2014-12-30 12:20:55', '0000-00-00 00:00:00', '0000-00-00 00:00:00'),
(77, '54a28cf8-4d10-4a79-9a83-0610a9baf6a0', 6, 'Industrial Promotion and Development Company of Bangladesh Limited (IPDC)', 'à¦‡à¦¨à§à¦¡à¦¾à¦¸à§à¦Ÿà§à¦°à¦¿à§Ÿà¦¾à¦² à¦ªà§à¦°à§‹à¦®à§‹à¦¶à¦¨ à¦à¦¨à§à¦¡ à¦¡à§‡à¦­à§‡à¦²à¦ªà¦®à§‡à¦¨à§à¦Ÿ à¦•à§‹à¦®à§à¦ªà¦¾à¦¨à§€ à¦…à¦¬ à¦¬à¦¾à¦‚à¦²à¦¾à¦¦à§‡à¦¶ à¦²à¦¿à¦®à¦¿à¦Ÿà§‡à¦¡(à¦†à¦‡à¦ªà¦¿à¦¡à¦¿à¦¸à¦¿)', 1, 1, 0, 0, '2014-12-30 12:31:04', '0000-00-00 00:00:00', '0000-00-00 00:00:00'),
(78, '54a28d66-9930-4bc5-845c-0610a9baf6a0', 6, 'Industrial and Infrastructure Development Finance Company (IIDFC) Limited', 'à¦‡à¦¨à§à¦¡à¦¾à¦¸à§à¦Ÿà§à¦°à¦¿à§Ÿà¦¾à¦² à¦à¦¨à§à¦¡ à¦‡à¦¨à¦«à§à¦°à§à¦¯à¦¾à¦¸à§à¦Ÿà§à¦°à¦¾à¦•à¦šà¦¾à¦° à¦¡à§‡à¦­à§‡à¦²à¦ªà¦®à§‡à¦¨à§à¦Ÿ à¦«à¦¿à¦¨à§à¦¯à¦¾à¦¨à§à¦¸ à¦•à§‹à¦®à§à¦ªà¦¾à¦¨à§€ (à¦†à¦‡à¦†à¦‡à¦¡à¦¿à¦à¦«à¦¸à¦¿) à¦²à¦¿à¦®à¦¿à¦Ÿà§‡à¦¡', 1, 1, 0, 0, '2014-12-30 12:32:54', '0000-00-00 00:00:00', '0000-00-00 00:00:00'),
(79, '54a28d87-d040-4899-b7d8-0610a9baf6a0', 6, 'IDLC Finance Limited', 'à¦†à¦‡à¦¡à¦¿à¦à¦²à¦¸à¦¿ à¦«à¦¿à¦¨à§à¦¯à¦¾à¦¨à§à¦¸ à¦²à¦¿à¦®à¦¿à¦Ÿà§‡à¦¡', 1, 1, 0, 0, '2014-12-30 12:33:27', '0000-00-00 00:00:00', '0000-00-00 00:00:00'),
(80, '54a28da5-cd38-47e6-b881-0610a9baf6a0', 6, 'Hajj Finance Company Limited', 'à¦¹à¦œà§à¦¬ à¦«à¦¿à¦¨à§à¦¯à¦¾à¦¨à§à¦¸ à¦•à§‹à¦®à§à¦ªà¦¾à¦¨à§€ à¦²à¦¿à¦®à¦¿à¦Ÿà§‡à¦¡', 1, 1, 0, 0, '2014-12-30 12:33:57', '0000-00-00 00:00:00', '0000-00-00 00:00:00'),
(81, '54a28ded-a05c-439d-b1a8-0610a9baf6a0', 6, 'GSP Finance Company (Bangladesh) Limited (GSPB)', 'à¦œà¦¿à¦à¦¸à¦ªà¦¿ à¦«à¦¿à¦¨à§à¦¯à¦¾à¦¨à§à¦¸ à¦•à§‹à¦®à§à¦ªà¦¾à¦¨à§€ (à¦¬à¦¾à¦‚à¦²à¦¾à¦¦à§‡à¦¶) à¦²à¦¿à¦®à¦¿à¦Ÿà§‡à¦¡(à¦œà¦¿à¦à¦¸à¦ªà¦¿à¦¬à¦¿)', 1, 1, 0, 0, '2014-12-30 12:35:09', '0000-00-00 00:00:00', '0000-00-00 00:00:00'),
(82, '54a28e1a-2eb8-4228-9c53-0610a9baf6a0', 6, 'First Lease Finance & Investment Ltd.', 'à¦«à¦¾à¦°à§à¦¸à§à¦Ÿ à¦²à¦¿à¦œ à¦«à¦¿à¦¨à§à¦¯à¦¾à¦¨à§à¦¸ à¦à¦¨à§à¦¡ à¦‡à¦¨à¦­à§‡à¦¸à§à¦Ÿà¦®à§‡à¦¨à§à¦Ÿ à¦²à¦¿à¦®à¦¿à¦Ÿà§‡à¦¡', 1, 1, 0, 0, '2014-12-30 12:35:54', '0000-00-00 00:00:00', '0000-00-00 00:00:00'),
(83, '54a28e46-953c-469c-bcc6-0610a9baf6a0', 6, 'FAS Finance & Investment Limited', 'à¦à¦«à¦à¦à¦¸ à¦«à¦¿à¦¨à§à¦¯à¦¾à¦¨à§à¦¸ à¦à¦¨à§à¦¡ à¦‡à¦¨à¦­à§‡à¦¸à§à¦Ÿà¦®à§‡à¦¨à§à¦Ÿ à¦²à¦¿à¦®à¦¿à¦Ÿà§‡à¦¡', 1, 1, 0, 0, '2014-12-30 12:36:38', '0000-00-00 00:00:00', '0000-00-00 00:00:00'),
(84, '54a28e85-fe7c-474d-b022-0610a9baf6a0', 6, 'Fareast Finance & Investment Limited', 'à¦«à¦¾à¦°à¦‡à¦¸à§à¦Ÿ à¦«à¦¿à¦¨à§à¦¯à¦¾à¦¨à§à¦¸ à¦à¦¨à§à¦¡ à¦‡à¦¨à¦­à§‡à¦¸à§à¦Ÿà¦®à§‡à¦¨à§à¦Ÿ à¦²à¦¿à¦®à¦¿à¦Ÿà§‡à¦¡', 1, 1, 0, 0, '2014-12-30 12:37:41', '0000-00-00 00:00:00', '0000-00-00 00:00:00'),
(85, '54a29131-898c-4bfe-a9a7-0610a9baf6a0', 6, 'Delta Brac Housing Finance Corporation Ltd. (DBH)', 'à¦¡à§‡à¦²à§à¦Ÿà¦¾ à¦¬à§à¦°à§à¦¯à¦¾à¦• à¦¹à¦¾à¦‰à¦œà¦¿à¦‚ à¦«à¦¿à¦¨à§à¦¯à¦¾à¦¨à§à¦¸ à¦•à¦°à§à¦ªà§‹à¦°à§‡à¦¶à¦¨ à¦²à¦¿à¦®à¦¿à¦Ÿà§‡à¦¡ (à¦¡à¦¿à¦¬à¦¿à¦à¦‡à¦š)', 1, 1, 0, 0, '2014-12-30 12:49:05', '0000-00-00 00:00:00', '0000-00-00 00:00:00'),
(86, '54a29164-f7f4-40ec-8966-0610a9baf6a0', 6, 'Bay Leasing & Investment Limited', 'à¦¬à§‡ à¦²à¦¿à¦œà¦¿à¦‚ à¦à¦¨à§à¦¡ à¦‡à¦¨à¦­à§‡à¦¸à§à¦Ÿà¦®à§‡à¦¨à§à¦Ÿ à¦²à¦¿à¦®à¦¿à¦Ÿà§‡à¦¡', 1, 1, 0, 0, '2014-12-30 12:49:56', '0000-00-00 00:00:00', '0000-00-00 00:00:00'),
(87, '54a2919f-273c-4b65-a653-0610a9baf6a0', 6, 'Bangladesh Industrial Finance Company Limited (BIFC)', 'à¦¬à¦¾à¦‚à¦²à¦¾à¦¦à§‡à¦¶ à¦‡à¦¨à§à¦¡à¦¾à¦¸à§à¦Ÿà§à¦°à¦¿à§Ÿà¦¾à¦² à¦«à¦¿à¦¨à§à¦¯à¦¾à¦¨à§à¦¸ à¦•à§‹à¦®à§à¦ªà¦¾à¦¨à§€ à¦²à¦¿à¦®à¦¿à¦Ÿà§‡à¦¡ (à¦¬à¦¿à¦†à¦‡à¦à¦«à¦¸à¦¿)', 1, 1, 0, 0, '2014-12-30 12:50:55', '0000-00-00 00:00:00', '0000-00-00 00:00:00'),
(88, '54a291d8-1cb8-4d2f-b40f-0610a9baf6a0', 6, 'Bangladesh Finance & Investment Co. Ltd.', 'à¦¬à¦¾à¦‚à¦²à¦¾à¦¦à§‡à¦¶ à¦«à¦¿à¦¨à§à¦¯à¦¾à¦¨à§à¦¸ à¦à¦¨à§à¦¡ à¦‡à¦¨à¦­à§‡à¦¸à§à¦Ÿà¦®à§‡à¦¨à§à¦Ÿ à¦•à§‹: à¦²à¦¿à¦®à¦¿à¦Ÿà§‡à¦¡', 1, 1, 0, 0, '2014-12-30 12:51:52', '0000-00-00 00:00:00', '0000-00-00 00:00:00'),
(89, '54a29203-476c-4292-8824-0610a9baf6a0', 6, 'Agrani SME Finance Co. Ltd.', 'à¦…à¦—à§à¦°à¦£à§€ à¦à¦¸à¦à¦®à¦‡ à¦«à¦¿à¦¨à§à¦¯à¦¾à¦¨à§à¦¸ à¦•à§‹: à¦²à¦¿à¦®à¦¿à¦Ÿà§‡à¦¡', 1, 1, 0, 0, '2014-12-30 12:52:35', '0000-00-00 00:00:00', '0000-00-00 00:00:00'),
(90, '54a2926b-c124-4c43-815f-0610a9baf6a0', 6, 'CAPM Venture Capital and Finance Ltd.', 'à¦¸à¦¿à¦à¦ªà¦¿à¦à¦® à¦­à§‡à¦¨à¦šà¦¾à¦° à¦•à§à¦¯à¦¾à¦ªà¦¿à¦Ÿà¦¾à¦² à¦à¦¨à§à¦¡ à¦«à¦¿à¦¨à§à¦¯à¦¾à¦¨à§à¦¸ à¦²à¦¿à¦®à¦¿à¦Ÿà§‡à¦¡', 1, 1, 0, 0, '2014-12-30 12:54:19', '0000-00-00 00:00:00', '0000-00-00 00:00:00'),
(91, '54a29295-5348-4b4c-8eb7-0610c0a80107', 6, 'Meridian Finance and Investment Ltd.', 'à¦®à§‡à¦°à¦¿à¦¡à¦¿à§Ÿà¦¾à¦¨ à¦«à¦¿à¦¨à§à¦¯à¦¾à¦¨à§à¦¸ à¦à¦¨à§à¦¡ à¦‡à¦¨à¦­à§‡à¦¸à§à¦Ÿà¦®à§‡à¦¨à§à¦Ÿ à¦²à¦¿à¦®à¦¿à¦Ÿà§‡à¦¡', 1, 1, 0, 0, '2014-12-30 12:55:01', '0000-00-00 00:00:00', '0000-00-00 00:00:00');

-- --------------------------------------------------------

--
-- Table structure for table `banktransactions`
--

CREATE TABLE IF NOT EXISTS `banktransactions` (
  `id` int(11) NOT NULL AUTO_INCREMENT,
  `banktransactionuuid` varchar(255) DEFAULT NULL,
  `bank_id` int(11) NOT NULL DEFAULT '0',
  `bankbranch_id` int(11) NOT NULL DEFAULT '0',
  `bankaccounttype_id` int(11) NOT NULL DEFAULT '0',
  `bankaccount_id` int(11) NOT NULL DEFAULT '0',
  `banktransactiontype_id` int(11) NOT NULL DEFAULT '0',
  `transactiontype_id` int(11) NOT NULL DEFAULT '0',
  `transaction_id` int(11) NOT NULL DEFAULT '0',
  `coa_id` int(11) NOT NULL DEFAULT '0',
  `company_id` int(11) NOT NULL DEFAULT '0',
  `branch_id` int(11) NOT NULL DEFAULT '0',
  `user_id` int(11) NOT NULL DEFAULT '0',
  `client_id` int(11) NOT NULL DEFAULT '0',
  `salesman_id` int(11) NOT NULL DEFAULT '0',
  `bankchequebook_id` int(11) NOT NULL DEFAULT '0',
  `banktransactionchequebookseries` varchar(255) DEFAULT NULL,
  `banktransactionchequesequencynumber` int(11) NOT NULL DEFAULT '0',
  `transactiondate` datetime DEFAULT '0000-00-00 00:00:00',
  `transactionamount` double NOT NULL DEFAULT '0',
  `banktransactionothernote` text NOT NULL,
  `banktransactionisactive` tinyint(1) NOT NULL DEFAULT '0',
  `banktransactioninsertid` int(11) DEFAULT '0',
  `banktransactionupdateid` int(11) DEFAULT '0',
  `banktransactiondeleteid` int(11) DEFAULT '0',
  `banktransactioninsertdate` datetime DEFAULT '0000-00-00 00:00:00',
  `banktransactionupdatedate` datetime DEFAULT '0000-00-00 00:00:00',
  `banktransactiondeletedate` datetime DEFAULT '0000-00-00 00:00:00',
  PRIMARY KEY (`id`)
) ENGINE=InnoDB  DEFAULT CHARSET=utf8 AUTO_INCREMENT=76 ;

--
-- Dumping data for table `banktransactions`
--

INSERT INTO `banktransactions` (`id`, `banktransactionuuid`, `bank_id`, `bankbranch_id`, `bankaccounttype_id`, `bankaccount_id`, `banktransactiontype_id`, `transactiontype_id`, `transaction_id`, `coa_id`, `company_id`, `branch_id`, `user_id`, `client_id`, `salesman_id`, `bankchequebook_id`, `banktransactionchequebookseries`, `banktransactionchequesequencynumber`, `transactiondate`, `transactionamount`, `banktransactionothernote`, `banktransactionisactive`, `banktransactioninsertid`, `banktransactionupdateid`, `banktransactiondeleteid`, `banktransactioninsertdate`, `banktransactionupdatedate`, `banktransactiondeletedate`) VALUES
(1, '54d09c8f-f0b8-427e-8b9a-0a24c0a80067', 19, 3, 2, 1, 2, 2, 0, 1, 3, 5, 3, 0, 0, 1, 'DF ', 1, '2015-02-03 04:02:08', 10000, '', 1, 0, 3, 0, '0000-00-00 00:00:00', '2015-02-03 11:17:13', '0000-00-00 00:00:00'),
(2, '54d09c8f-4a64-4216-a970-0a24c0a80067', 8, 3, 2, 1, 0, 8, 16, 1, 1, 1, 18, 0, 15, 1, 'DF', 2, '2015-02-05 05:02:48', -4900, '0', 1, 0, 1, 0, '0000-00-00 00:00:00', '2015-02-05 12:48:04', '0000-00-00 00:00:00'),
(3, '54d09c8f-6eac-4c85-860b-0a24c0a80067', 19, 3, 2, 1, 0, 8, 5, 1, 1, 1, 17, 0, 15, 1, 'DF', 3, '2015-02-07 11:02:53', -90, '0', 1, 0, 1, 0, '0000-00-00 00:00:00', '2015-02-07 06:33:21', '0000-00-00 00:00:00'),
(4, '54d09c8f-26fc-4598-830d-0a24c0a80067', 19, 3, 2, 1, 0, 8, 7, 1, 1, 1, 17, 0, 15, 1, 'DF', 4, '2015-02-07 12:02:02', -900, '0', 1, 0, 1, 0, '0000-00-00 00:00:00', '2015-02-07 08:03:16', '0000-00-00 00:00:00'),
(5, '54d09c90-408c-4802-b0ae-0a24c0a80067', 19, 3, 2, 1, 0, 8, 8, 1, 1, 1, 17, 0, 15, 1, 'DF', 5, '2015-02-07 02:02:31', -800, '0', 1, 0, 1, 0, '0000-00-00 00:00:00', '2015-02-07 09:56:19', '0000-00-00 00:00:00'),
(6, '54d09c90-9bf4-4c49-b3b2-0a24c0a80067', 19, 3, 2, 1, 0, 0, 0, 0, 3, 5, 0, 0, 0, 1, 'DF', 6, '0000-00-00 00:00:00', 0, '', 0, 0, 0, 0, '0000-00-00 00:00:00', '0000-00-00 00:00:00', '0000-00-00 00:00:00'),
(7, '54d09c90-7dfc-4d4d-9ac0-0a24c0a80067', 19, 3, 2, 1, 0, 0, 0, 0, 3, 5, 0, 0, 0, 1, 'DF', 7, '0000-00-00 00:00:00', 0, '', 0, 0, 0, 0, '0000-00-00 00:00:00', '0000-00-00 00:00:00', '0000-00-00 00:00:00'),
(8, '54d09c90-6b88-440e-b631-0a24c0a80067', 19, 3, 2, 1, 0, 0, 0, 0, 3, 5, 0, 0, 0, 1, 'DF', 8, '0000-00-00 00:00:00', 0, '', 0, 0, 0, 0, '0000-00-00 00:00:00', '0000-00-00 00:00:00', '0000-00-00 00:00:00'),
(9, '54d09c90-c6f0-4116-ad8c-0a24c0a80067', 19, 3, 2, 1, 0, 0, 0, 0, 3, 5, 0, 0, 0, 1, 'DF', 9, '0000-00-00 00:00:00', 0, '', 0, 0, 0, 0, '0000-00-00 00:00:00', '0000-00-00 00:00:00', '0000-00-00 00:00:00'),
(10, '54d09c90-7f7c-4a98-830d-0a24c0a80067', 19, 3, 2, 1, 0, 0, 0, 0, 3, 5, 0, 0, 0, 1, 'DF', 10, '0000-00-00 00:00:00', 0, '', 0, 0, 0, 0, '0000-00-00 00:00:00', '0000-00-00 00:00:00', '0000-00-00 00:00:00'),
(11, '54d09c90-9684-4611-bc43-0a24c0a80067', 19, 3, 2, 1, 0, 0, 0, 0, 3, 5, 0, 0, 0, 1, 'DF', 11, '0000-00-00 00:00:00', 0, '', 0, 0, 0, 0, '0000-00-00 00:00:00', '0000-00-00 00:00:00', '0000-00-00 00:00:00'),
(12, '54d09c90-788c-4568-9cf4-0a24c0a80067', 19, 3, 2, 1, 0, 0, 0, 0, 3, 5, 0, 0, 0, 1, 'DF', 12, '0000-00-00 00:00:00', 0, '', 0, 0, 0, 0, '0000-00-00 00:00:00', '0000-00-00 00:00:00', '0000-00-00 00:00:00'),
(13, '54d09c90-6618-44ca-a6ce-0a24c0a80067', 19, 3, 2, 1, 0, 0, 0, 0, 3, 5, 0, 0, 0, 1, 'DF', 13, '0000-00-00 00:00:00', 0, '', 0, 0, 0, 0, '0000-00-00 00:00:00', '0000-00-00 00:00:00', '0000-00-00 00:00:00'),
(14, '54d09c90-c180-46b4-878f-0a24c0a80067', 19, 3, 2, 1, 0, 0, 0, 0, 3, 5, 0, 0, 0, 1, 'DF', 14, '0000-00-00 00:00:00', 0, '', 0, 0, 0, 0, '0000-00-00 00:00:00', '0000-00-00 00:00:00', '0000-00-00 00:00:00'),
(15, '54d09c90-a388-4b09-9cc9-0a24c0a80067', 19, 3, 2, 1, 0, 0, 0, 0, 3, 5, 0, 0, 0, 1, 'DF', 15, '0000-00-00 00:00:00', 0, '', 0, 0, 0, 0, '0000-00-00 00:00:00', '0000-00-00 00:00:00', '0000-00-00 00:00:00'),
(16, '54d09c90-d510-4823-a72f-0a24c0a80067', 19, 3, 2, 1, 0, 0, 0, 0, 3, 5, 0, 0, 0, 1, 'DF', 16, '0000-00-00 00:00:00', 0, '', 0, 0, 0, 0, '0000-00-00 00:00:00', '0000-00-00 00:00:00', '0000-00-00 00:00:00'),
(17, '54d09c90-0540-44ca-92f0-0a24c0a80067', 19, 3, 2, 1, 0, 0, 0, 0, 3, 5, 0, 0, 0, 1, 'DF', 17, '0000-00-00 00:00:00', 0, '', 0, 0, 0, 0, '0000-00-00 00:00:00', '0000-00-00 00:00:00', '0000-00-00 00:00:00'),
(18, '54d09c90-0bf4-4c13-b2eb-0a24c0a80067', 19, 3, 2, 1, 0, 0, 0, 0, 3, 5, 0, 0, 0, 1, 'DF', 18, '0000-00-00 00:00:00', 0, '', 0, 0, 0, 0, '0000-00-00 00:00:00', '0000-00-00 00:00:00', '0000-00-00 00:00:00'),
(19, '54d09c90-f980-4255-a995-0a24c0a80067', 19, 3, 2, 1, 0, 0, 0, 0, 3, 5, 0, 0, 0, 1, 'DF', 19, '0000-00-00 00:00:00', 0, '', 0, 0, 0, 0, '0000-00-00 00:00:00', '0000-00-00 00:00:00', '0000-00-00 00:00:00'),
(20, '54d09c90-db88-43f2-adb9-0a24c0a80067', 19, 3, 2, 1, 0, 0, 0, 0, 3, 5, 0, 0, 0, 1, 'DF', 20, '0000-00-00 00:00:00', 0, '', 0, 0, 0, 0, '0000-00-00 00:00:00', '0000-00-00 00:00:00', '0000-00-00 00:00:00'),
(21, '54d1fe81-55f8-4b3c-a017-0dacf4f1b0b9', 8, 93, 1, 2, 0, 8, 19, 1, 1, 1, 19, 0, 15, 2, 'RR', 101, '2015-02-10 01:02:55', -400, '0', 1, 0, 1, 0, '0000-00-00 00:00:00', '2015-02-10 08:06:54', '0000-00-00 00:00:00'),
(22, '54d1fe81-c4f0-4ad7-b813-0dacf4f1b0b9', 8, 93, 1, 2, 2, 2, 0, 1, 1, 1, 0, 0, 0, 2, 'RR ', 102, '2015-02-11 05:02:20', 10000, 'test 10-02-2015', 1, 0, 1, 0, '0000-00-00 00:00:00', '2015-02-11 12:11:08', '0000-00-00 00:00:00'),
(23, '54d1fe81-dbf8-4e2f-909f-0dacf4f1b0b9', 8, 93, 1, 2, 0, 8, 21, 1, 1, 1, 17, 0, 22, 2, 'RR', 103, '2015-02-15 11:02:36', -1188, '0', 1, 0, 1, 0, '0000-00-00 00:00:00', '2015-02-15 06:29:30', '0000-00-00 00:00:00'),
(24, '54d1fe82-dd00-408c-a96c-0dacf4f1b0b9', 8, 93, 1, 2, 3, 3, 0, 1, 1, 1, 13, 0, 0, 2, 'RR ', 104, '2015-02-23 05:02:37', -5000, '', 1, 0, 1, 0, '0000-00-00 00:00:00', '2015-02-23 12:26:26', '0000-00-00 00:00:00'),
(25, '54d1fe82-ac94-4d73-b367-0dacf4f1b0b9', 8, 93, 1, 2, 0, 0, 0, 0, 1, 1, 0, 0, 0, 2, 'RR', 105, '0000-00-00 00:00:00', 0, '', 0, 0, 0, 0, '0000-00-00 00:00:00', '0000-00-00 00:00:00', '0000-00-00 00:00:00'),
(26, '54d1fe82-7c8c-4aa6-82a7-0dacf4f1b0b9', 8, 93, 1, 2, 0, 0, 0, 0, 1, 1, 0, 0, 0, 2, 'RR', 106, '0000-00-00 00:00:00', 0, '', 0, 0, 0, 0, '0000-00-00 00:00:00', '0000-00-00 00:00:00', '0000-00-00 00:00:00'),
(27, '54d1fe82-a788-45ea-b322-0dacf4f1b0b9', 8, 93, 1, 2, 0, 0, 0, 0, 1, 1, 0, 0, 0, 2, 'RR', 107, '0000-00-00 00:00:00', 0, '', 0, 0, 0, 0, '0000-00-00 00:00:00', '0000-00-00 00:00:00', '0000-00-00 00:00:00'),
(28, '54d1fe82-add8-4573-b35e-0dacf4f1b0b9', 8, 93, 1, 2, 0, 0, 0, 0, 1, 1, 0, 0, 0, 2, 'RR', 108, '0000-00-00 00:00:00', 0, '', 0, 0, 0, 0, '0000-00-00 00:00:00', '0000-00-00 00:00:00', '0000-00-00 00:00:00'),
(29, '54d1fe82-64a8-4457-9172-0dacf4f1b0b9', 8, 93, 1, 2, 0, 0, 0, 0, 1, 1, 0, 0, 0, 2, 'RR', 109, '0000-00-00 00:00:00', 0, '', 0, 0, 0, 0, '0000-00-00 00:00:00', '0000-00-00 00:00:00', '0000-00-00 00:00:00'),
(30, '54d1fe82-d8d4-4d2a-a285-0dacf4f1b0b9', 8, 93, 1, 2, 0, 0, 0, 0, 1, 1, 0, 0, 0, 2, 'RR', 110, '0000-00-00 00:00:00', 0, '', 0, 0, 0, 0, '0000-00-00 00:00:00', '0000-00-00 00:00:00', '0000-00-00 00:00:00'),
(31, '54d71d8a-269c-48b8-be2d-0810f4f1b0b9', 19, 3, 2, 1, 0, 0, 0, 0, 3, 5, 0, 0, 0, 3, 'DF', 1, '0000-00-00 00:00:00', 0, '', 0, 0, 0, 0, '0000-00-00 00:00:00', '0000-00-00 00:00:00', '0000-00-00 00:00:00'),
(32, '54d71d8a-dbb0-437b-9ad2-0810f4f1b0b9', 19, 3, 2, 1, 0, 0, 0, 0, 3, 5, 0, 0, 0, 3, 'DF', 2, '0000-00-00 00:00:00', 0, '', 0, 0, 0, 0, '0000-00-00 00:00:00', '0000-00-00 00:00:00', '0000-00-00 00:00:00'),
(33, '54d71d8a-5d1c-457a-87c0-0810f4f1b0b9', 19, 3, 2, 1, 0, 0, 0, 0, 3, 5, 0, 0, 0, 3, 'DF', 3, '0000-00-00 00:00:00', 0, '', 0, 0, 0, 0, '0000-00-00 00:00:00', '0000-00-00 00:00:00', '0000-00-00 00:00:00'),
(34, '54d71d8a-212c-4145-802e-0810f4f1b0b9', 19, 3, 2, 1, 0, 0, 0, 0, 3, 5, 0, 0, 0, 3, 'DF', 4, '0000-00-00 00:00:00', 0, '', 0, 0, 0, 0, '0000-00-00 00:00:00', '0000-00-00 00:00:00', '0000-00-00 00:00:00'),
(35, '54d71d8a-277c-4caf-a6a7-0810f4f1b0b9', 19, 3, 2, 1, 0, 0, 0, 0, 3, 5, 0, 0, 0, 3, 'DF', 5, '0000-00-00 00:00:00', 0, '', 0, 0, 0, 0, '0000-00-00 00:00:00', '0000-00-00 00:00:00', '0000-00-00 00:00:00'),
(36, '54d71d8b-3408-40b6-8b35-0810f4f1b0b9', 19, 3, 2, 1, 0, 0, 0, 0, 3, 5, 0, 0, 0, 3, 'DF', 6, '0000-00-00 00:00:00', 0, '', 0, 0, 0, 0, '0000-00-00 00:00:00', '0000-00-00 00:00:00', '0000-00-00 00:00:00'),
(37, '54d71d8b-9624-49d0-9f26-0810f4f1b0b9', 19, 3, 2, 1, 0, 0, 0, 0, 3, 5, 0, 0, 0, 3, 'DF', 7, '0000-00-00 00:00:00', 0, '', 0, 0, 0, 0, '0000-00-00 00:00:00', '0000-00-00 00:00:00', '0000-00-00 00:00:00'),
(38, '54d71d8b-2e98-451e-a73e-0810f4f1b0b9', 19, 3, 2, 1, 0, 0, 0, 0, 3, 5, 0, 0, 0, 3, 'DF', 8, '0000-00-00 00:00:00', 0, '', 0, 0, 0, 0, '0000-00-00 00:00:00', '0000-00-00 00:00:00', '0000-00-00 00:00:00'),
(39, '54d71d8b-3d58-4971-88ee-0810f4f1b0b9', 19, 3, 2, 1, 0, 0, 0, 0, 3, 5, 0, 0, 0, 3, 'DF', 9, '0000-00-00 00:00:00', 0, '', 0, 0, 0, 0, '0000-00-00 00:00:00', '0000-00-00 00:00:00', '0000-00-00 00:00:00'),
(40, '54d71d8b-5424-4454-a1a5-0810f4f1b0b9', 19, 3, 2, 1, 0, 0, 0, 0, 3, 5, 0, 0, 0, 3, 'DF', 10, '0000-00-00 00:00:00', 0, '', 0, 0, 0, 0, '0000-00-00 00:00:00', '0000-00-00 00:00:00', '0000-00-00 00:00:00'),
(41, '54d71d8b-ecfc-4380-9c6c-0810f4f1b0b9', 19, 3, 2, 1, 0, 0, 0, 0, 3, 5, 0, 0, 0, 3, 'DF', 11, '0000-00-00 00:00:00', 0, '', 0, 0, 0, 0, '0000-00-00 00:00:00', '0000-00-00 00:00:00', '0000-00-00 00:00:00'),
(42, '54d71d8b-67dc-4f0b-8e91-0810f4f1b0b9', 19, 3, 2, 1, 0, 0, 0, 0, 3, 5, 0, 0, 0, 3, 'DF', 12, '0000-00-00 00:00:00', 0, '', 0, 0, 0, 0, '0000-00-00 00:00:00', '0000-00-00 00:00:00', '0000-00-00 00:00:00'),
(43, '54d71d8b-5034-4ddb-bed3-0810f4f1b0b9', 19, 3, 2, 1, 0, 0, 0, 0, 3, 5, 0, 0, 0, 3, 'DF', 13, '0000-00-00 00:00:00', 0, '', 0, 0, 0, 0, '0000-00-00 00:00:00', '0000-00-00 00:00:00', '0000-00-00 00:00:00'),
(44, '54d71d8c-52bc-4b6e-bd39-0810f4f1b0b9', 19, 3, 2, 1, 0, 0, 0, 0, 3, 5, 0, 0, 0, 3, 'DF', 14, '0000-00-00 00:00:00', 0, '', 0, 0, 0, 0, '0000-00-00 00:00:00', '0000-00-00 00:00:00', '0000-00-00 00:00:00'),
(45, '54d71d8c-d764-461f-bd48-0810f4f1b0b9', 19, 3, 2, 1, 0, 0, 0, 0, 3, 5, 0, 0, 0, 3, 'DF', 15, '0000-00-00 00:00:00', 0, '', 0, 0, 0, 0, '0000-00-00 00:00:00', '0000-00-00 00:00:00', '0000-00-00 00:00:00'),
(46, '54d71d8c-ddb4-452b-a692-0810f4f1b0b9', 19, 3, 2, 1, 0, 0, 0, 0, 3, 5, 0, 0, 0, 3, 'DF', 16, '0000-00-00 00:00:00', 0, '', 0, 0, 0, 0, '0000-00-00 00:00:00', '0000-00-00 00:00:00', '0000-00-00 00:00:00'),
(47, '54d71d8c-5244-423e-b77e-0810f4f1b0b9', 19, 3, 2, 1, 0, 0, 0, 0, 3, 5, 0, 0, 0, 3, 'DF', 17, '0000-00-00 00:00:00', 0, '', 0, 0, 0, 0, '0000-00-00 00:00:00', '0000-00-00 00:00:00', '0000-00-00 00:00:00'),
(48, '54d71d8c-08b0-493d-b154-0810f4f1b0b9', 19, 3, 2, 1, 0, 0, 0, 0, 3, 5, 0, 0, 0, 3, 'DF', 18, '0000-00-00 00:00:00', 0, '', 0, 0, 0, 0, '0000-00-00 00:00:00', '0000-00-00 00:00:00', '0000-00-00 00:00:00'),
(49, '54d71d8c-b3fc-4854-88d7-0810f4f1b0b9', 19, 3, 2, 1, 0, 0, 0, 0, 3, 5, 0, 0, 0, 3, 'DF', 19, '0000-00-00 00:00:00', 0, '', 0, 0, 0, 0, '0000-00-00 00:00:00', '0000-00-00 00:00:00', '0000-00-00 00:00:00'),
(50, '54d71d8c-ba4c-4281-9644-0810f4f1b0b9', 19, 3, 2, 1, 0, 0, 0, 0, 3, 5, 0, 0, 0, 3, 'DF', 20, '0000-00-00 00:00:00', 0, '', 0, 0, 0, 0, '0000-00-00 00:00:00', '0000-00-00 00:00:00', '0000-00-00 00:00:00'),
(51, '54d71f1b-b468-4a18-b7b1-0810f4f1b0b9', 1, 1, 1, 3, 0, 0, 0, 0, 3, 5, 0, 0, 0, 4, 'TT', 1, '0000-00-00 00:00:00', 0, '', 0, 0, 0, 0, '0000-00-00 00:00:00', '0000-00-00 00:00:00', '0000-00-00 00:00:00'),
(52, '54d71f1b-e2dc-41a8-a708-0810f4f1b0b9', 1, 1, 1, 3, 0, 0, 0, 0, 3, 5, 0, 0, 0, 4, 'TT', 2, '0000-00-00 00:00:00', 0, '', 0, 0, 0, 0, '0000-00-00 00:00:00', '0000-00-00 00:00:00', '0000-00-00 00:00:00'),
(53, '54d71f1b-5708-46cf-bed7-0810f4f1b0b9', 1, 1, 1, 3, 0, 0, 0, 0, 3, 5, 0, 0, 0, 4, 'TT', 3, '0000-00-00 00:00:00', 0, '', 0, 0, 0, 0, '0000-00-00 00:00:00', '0000-00-00 00:00:00', '0000-00-00 00:00:00'),
(54, '54d71f1b-b270-406d-8b0d-0810f4f1b0b9', 1, 1, 1, 3, 0, 0, 0, 0, 3, 5, 0, 0, 0, 4, 'TT', 4, '0000-00-00 00:00:00', 0, '', 0, 0, 0, 0, '0000-00-00 00:00:00', '0000-00-00 00:00:00', '0000-00-00 00:00:00'),
(55, '54d71f1b-08a4-4dba-98d5-0810f4f1b0b9', 1, 1, 1, 3, 0, 0, 0, 0, 3, 5, 0, 0, 0, 4, 'TT', 5, '0000-00-00 00:00:00', 0, '', 0, 0, 0, 0, '0000-00-00 00:00:00', '0000-00-00 00:00:00', '0000-00-00 00:00:00'),
(56, '54d71f1b-5198-42e6-b6d8-0810f4f1b0b9', 1, 1, 1, 3, 0, 0, 0, 0, 3, 5, 0, 0, 0, 4, 'TT', 6, '0000-00-00 00:00:00', 0, '', 0, 0, 0, 0, '0000-00-00 00:00:00', '0000-00-00 00:00:00', '0000-00-00 00:00:00'),
(57, '54d71f1b-ad00-4db1-ade2-0810f4f1b0b9', 1, 1, 1, 3, 0, 0, 0, 0, 3, 5, 0, 0, 0, 4, 'TT', 7, '0000-00-00 00:00:00', 0, '', 0, 0, 0, 0, '0000-00-00 00:00:00', '0000-00-00 00:00:00', '0000-00-00 00:00:00'),
(58, '54d71f1b-8f08-4bc7-b1bf-0810f4f1b0b9', 1, 1, 1, 3, 0, 0, 0, 0, 3, 5, 0, 0, 0, 4, 'TT', 8, '0000-00-00 00:00:00', 0, '', 0, 0, 0, 0, '0000-00-00 00:00:00', '0000-00-00 00:00:00', '0000-00-00 00:00:00'),
(59, '54d71f1b-27e0-486c-8884-0810f4f1b0b9', 1, 1, 1, 3, 0, 0, 0, 0, 3, 5, 0, 0, 0, 4, 'TT', 9, '0000-00-00 00:00:00', 0, '', 0, 0, 0, 0, '0000-00-00 00:00:00', '0000-00-00 00:00:00', '0000-00-00 00:00:00'),
(60, '54d71f1b-4c28-4a80-b18a-0810f4f1b0b9', 1, 1, 1, 3, 0, 0, 0, 0, 3, 5, 0, 0, 0, 4, 'TT', 10, '0000-00-00 00:00:00', 0, '', 0, 0, 0, 0, '0000-00-00 00:00:00', '0000-00-00 00:00:00', '0000-00-00 00:00:00'),
(61, '54d71f1b-a790-4671-8650-0810f4f1b0b9', 1, 1, 1, 3, 0, 0, 0, 0, 3, 5, 0, 0, 0, 4, 'TT', 11, '0000-00-00 00:00:00', 0, '', 0, 0, 0, 0, '0000-00-00 00:00:00', '0000-00-00 00:00:00', '0000-00-00 00:00:00'),
(62, '54d71f1b-8998-469c-bbb4-0810f4f1b0b9', 1, 1, 1, 3, 0, 0, 0, 0, 3, 5, 0, 0, 0, 4, 'TT', 12, '0000-00-00 00:00:00', 0, '', 0, 0, 0, 0, '0000-00-00 00:00:00', '0000-00-00 00:00:00', '0000-00-00 00:00:00'),
(63, '54d71f1b-e500-4567-911b-0810f4f1b0b9', 1, 1, 1, 3, 0, 0, 0, 0, 3, 5, 0, 0, 0, 4, 'TT', 13, '0000-00-00 00:00:00', 0, '', 0, 0, 0, 0, '0000-00-00 00:00:00', '0000-00-00 00:00:00', '0000-00-00 00:00:00'),
(64, '54d71f1c-5f68-4674-abb8-0810f4f1b0b9', 1, 1, 1, 3, 0, 0, 0, 0, 3, 5, 0, 0, 0, 4, 'TT', 14, '0000-00-00 00:00:00', 0, '', 0, 0, 0, 0, '0000-00-00 00:00:00', '0000-00-00 00:00:00', '0000-00-00 00:00:00'),
(65, '54d71f1c-ad2c-404b-831f-0810f4f1b0b9', 1, 1, 1, 3, 0, 0, 0, 0, 3, 5, 0, 0, 0, 4, 'TT', 15, '0000-00-00 00:00:00', 0, '', 0, 0, 0, 0, '0000-00-00 00:00:00', '0000-00-00 00:00:00', '0000-00-00 00:00:00'),
(66, '54d71f1c-b59c-4305-9871-0810f4f1b0b9', 1, 1, 1, 3, 0, 0, 0, 0, 3, 5, 0, 0, 0, 4, 'TT', 16, '0000-00-00 00:00:00', 0, '', 0, 0, 0, 0, '0000-00-00 00:00:00', '0000-00-00 00:00:00', '0000-00-00 00:00:00'),
(67, '54d71f1c-edd8-42c6-b1af-0810f4f1b0b9', 1, 1, 1, 3, 0, 0, 0, 0, 3, 5, 0, 0, 0, 4, 'TT', 17, '0000-00-00 00:00:00', 0, '', 0, 0, 0, 0, '0000-00-00 00:00:00', '0000-00-00 00:00:00', '0000-00-00 00:00:00'),
(68, '54d71f1c-3c00-4438-bad7-0810f4f1b0b9', 1, 1, 1, 3, 0, 0, 0, 0, 3, 5, 0, 0, 0, 4, 'TT', 18, '0000-00-00 00:00:00', 0, '', 0, 0, 0, 0, '0000-00-00 00:00:00', '0000-00-00 00:00:00', '0000-00-00 00:00:00'),
(69, '54d71f1c-8a28-4cc1-810d-0810f4f1b0b9', 1, 1, 1, 3, 0, 0, 0, 0, 3, 5, 0, 0, 0, 4, 'TT', 19, '0000-00-00 00:00:00', 0, '', 0, 0, 0, 0, '0000-00-00 00:00:00', '0000-00-00 00:00:00', '0000-00-00 00:00:00'),
(70, '54d71f1c-7970-421f-9c05-0810f4f1b0b9', 1, 1, 1, 3, 0, 0, 0, 0, 3, 5, 0, 0, 0, 4, 'TT', 20, '0000-00-00 00:00:00', 0, '', 0, 0, 0, 0, '0000-00-00 00:00:00', '0000-00-00 00:00:00', '0000-00-00 00:00:00'),
(71, '54e19034-f628-4250-bace-0cfcf4f1b0b9', 19, 3, 2, 1, 2, 2, 0, 1, 1, 1, 0, 0, 0, 0, '0', 0, '2015-02-16 12:02:53', 100000, 'only for test', 1, 1, 0, 0, '2015-02-16 07:37:40', '0000-00-00 00:00:00', '0000-00-00 00:00:00'),
(72, '54e9b942-e468-4371-be83-0d74f4f1b0b9', 19, 3, 2, 1, 2, 2, 0, 1, 1, 1, 16, 0, 15, 0, '0', 0, '2014-02-01 05:02:17', 100000, '', 1, 1, 0, 0, '2015-02-22 12:10:58', '0000-00-00 00:00:00', '0000-00-00 00:00:00'),
(73, '54ead90d-0f18-4c81-b05a-0f24f4f1b0b9', 8, 93, 1, 2, 0, 7, 27, 1, 1, 1, 24, 0, 25, 0, 'ttest', 12356, '2015-02-23 01:02:48', 5000, '0', 1, 1, 0, 0, '2015-02-23 08:38:53', '0000-00-00 00:00:00', '0000-00-00 00:00:00'),
(74, '54eafb35-15e0-4867-8d32-0f24f4f1b0b9', 19, 3, 2, 1, 2, 2, 0, 1, 3, 5, 24, 0, 22, 0, '0', 0, '2015-02-23 04:02:42', 15000, '', 1, 3, 0, 0, '2015-02-23 11:04:37', '0000-00-00 00:00:00', '0000-00-00 00:00:00'),
(75, '54eafb86-31d0-4b55-9e0b-0f24f4f1b0b9', 19, 3, 2, 1, 2, 2, 0, 1, 3, 5, 3, 0, 0, 0, 'CC', 12356, '2015-02-23 04:02:23', 20000, '', 1, 3, 0, 0, '2015-02-23 11:05:58', '0000-00-00 00:00:00', '0000-00-00 00:00:00');

-- --------------------------------------------------------

--
-- Table structure for table `banktypes`
--

CREATE TABLE IF NOT EXISTS `banktypes` (
  `id` int(11) NOT NULL AUTO_INCREMENT,
  `banktypeuuid` varchar(255) DEFAULT NULL,
  `bankcategory_id` int(11) DEFAULT '0',
  `banktypename` varchar(255) DEFAULT NULL,
  `banktypenamebn` text,
  `banktypeisactive` tinyint(1) DEFAULT NULL,
  `banktypeinsertid` int(11) DEFAULT '0',
  `banktypeupdateid` int(11) DEFAULT '0',
  `banktypedeleteid` int(11) DEFAULT '0',
  `banktypeinsertdate` datetime DEFAULT '0000-00-00 00:00:00',
  `banktypeupdatedate` datetime DEFAULT '0000-00-00 00:00:00',
  `banktypedeletedate` datetime DEFAULT '0000-00-00 00:00:00',
  PRIMARY KEY (`id`)
) ENGINE=InnoDB  DEFAULT CHARSET=utf8 AUTO_INCREMENT=8 ;

--
-- Dumping data for table `banktypes`
--

INSERT INTO `banktypes` (`id`, `banktypeuuid`, `bankcategory_id`, `banktypename`, `banktypenamebn`, `banktypeisactive`, `banktypeinsertid`, `banktypeupdateid`, `banktypedeleteid`, `banktypeinsertdate`, `banktypeupdatedate`, `banktypedeletedate`) VALUES
(1, NULL, 0, 'State-owned commercial banks', 'à¦°à¦¾à¦·à§à¦Ÿà§à¦°à§€à¦¯à¦¼ à¦®à¦¾à¦²à¦¿à¦•à¦¾à¦¨à¦¾à¦§à§€à¦¨ à¦¬à¦¾à¦£à¦¿à¦œà§à¦¯à¦¿à¦• à¦¬à§à¦¯à¦¾à¦‚à¦•', NULL, 1, 0, 0, '0000-00-00 00:00:00', '0000-00-00 00:00:00', '0000-00-00 00:00:00'),
(2, NULL, 0, 'Private commercial banks', 'à¦¬à§‡à¦¸à¦°à¦•à¦¾à¦°à¦¿ à¦¬à¦¾à¦£à¦¿à¦œà§à¦¯à¦¿à¦• à¦¬à§à¦¯à¦¾à¦‚à¦•', NULL, 1, 0, 0, '0000-00-00 00:00:00', '0000-00-00 00:00:00', '0000-00-00 00:00:00'),
(3, NULL, 0, 'Islamic Commercial Banks', ' à¦‡à¦¸à¦²à¦¾à¦®à¦¿à¦• à¦¬à¦¾à¦£à¦¿à¦œà§à¦¯à¦¿à¦• à¦¬à§à¦¯à¦¾à¦‚à¦•', NULL, 1, 0, 0, '0000-00-00 00:00:00', '0000-00-00 00:00:00', '0000-00-00 00:00:00'),
(4, NULL, 0, 'Foreign commercial banks', 'à¦¬à¦¿à¦¦à§‡à¦¶à§€ à¦¬à¦¾à¦£à¦¿à¦œà§à¦¯à¦¿à¦• à¦¬à§à¦¯à¦¾à¦‚à¦•', NULL, 1, 0, 0, '0000-00-00 00:00:00', '0000-00-00 00:00:00', '0000-00-00 00:00:00'),
(5, NULL, 0, 'Specialized banks', ' à¦¬à¦¿à¦¶à§‡à¦·à¦¾à¦¯à¦¼à¦¿à¦¤ à¦¬à§à¦¯à¦¾à¦‚à¦•', NULL, 1, 0, 0, '0000-00-00 00:00:00', '0000-00-00 00:00:00', '0000-00-00 00:00:00'),
(6, NULL, 0, 'Non-banking financial institutions', '', NULL, 1, 0, 0, '0000-00-00 00:00:00', '0000-00-00 00:00:00', '0000-00-00 00:00:00'),
(7, NULL, 0, 'Non-Scheduled Banks', ' à¦¨à¦¨-à¦¤à¦«à¦¸à¦¿à¦²à¦¿ à¦¬à§à¦¯à¦¾à¦‚à¦•', NULL, 0, 0, 0, '0000-00-00 00:00:00', '0000-00-00 00:00:00', '0000-00-00 00:00:00');

-- --------------------------------------------------------

--
-- Table structure for table `branchemails`
--

CREATE TABLE IF NOT EXISTS `branchemails` (
  `id` int(11) NOT NULL AUTO_INCREMENT,
  `branch_id` int(11) NOT NULL,
  `company_id` int(11) NOT NULL,
  `branchemailaddress` varchar(255) NOT NULL,
  PRIMARY KEY (`id`)
) ENGINE=InnoDB  DEFAULT CHARSET=utf8 AUTO_INCREMENT=15 ;

--
-- Dumping data for table `branchemails`
--

INSERT INTO `branchemails` (`id`, `branch_id`, `company_id`, `branchemailaddress`) VALUES
(6, 9, 3, 'office@gmail.com'),
(8, 10, 3, 'office2@gmail.com'),
(11, 11, 3, 'badda@gmail.com'),
(12, 11, 3, 'badda@ymail.com'),
(14, 12, 3, 'vatara@gmail.com');

-- --------------------------------------------------------

--
-- Table structure for table `branches`
--

CREATE TABLE IF NOT EXISTS `branches` (
  `id` int(11) NOT NULL AUTO_INCREMENT,
  `branchuuid` int(11) NOT NULL,
  `company_id` int(11) NOT NULL,
  `branchname` varchar(255) NOT NULL,
  `branchnamebn` text NOT NULL,
  `branchcode` varchar(255) NOT NULL,
  `branchpresentaddress` varchar(255) NOT NULL,
  `branchpermanentaddress` varchar(255) NOT NULL,
  `branchinsertid` int(11) NOT NULL,
  `branchupdateid` int(11) NOT NULL,
  `branchdeleteid` int(11) NOT NULL,
  `branchinsertdate` datetime NOT NULL DEFAULT '0000-00-00 00:00:00',
  `branchupdatedate` datetime NOT NULL DEFAULT '0000-00-00 00:00:00',
  `branchdeletedate` datetime NOT NULL DEFAULT '0000-00-00 00:00:00',
  `branchisactive` tinyint(2) NOT NULL DEFAULT '0',
  PRIMARY KEY (`id`)
) ENGINE=InnoDB  DEFAULT CHARSET=utf8 AUTO_INCREMENT=13 ;

--
-- Dumping data for table `branches`
--

INSERT INTO `branches` (`id`, `branchuuid`, `company_id`, `branchname`, `branchnamebn`, `branchcode`, `branchpresentaddress`, `branchpermanentaddress`, `branchinsertid`, `branchupdateid`, `branchdeleteid`, `branchinsertdate`, `branchupdatedate`, `branchdeletedate`, `branchisactive`) VALUES
(1, 549, 1, 'innotech', '', '01', '', '', 0, 1, 0, '2014-12-24 12:05:37', '2014-12-28 07:59:21', '0000-00-00 00:00:00', 1),
(2, 549, 2, 'Banglabazar', 'à¦¬à¦¾à¦‚à¦²à¦¾à¦¬à¦¾à¦œà¦¾à¦°', '03', '', '', 0, 1, 0, '2014-12-24 12:33:10', '2015-02-16 10:22:10', '0000-00-00 00:00:00', 1),
(3, 549, 2, 'Head Office', 'Head Office', '01', '', '', 0, 1, 0, '2014-12-24 12:33:26', '2015-02-16 08:27:01', '0000-00-00 00:00:00', 1),
(4, 549, 2, 'Keraniganj', 'à¦•à§‡à¦°à¦¾à¦¨à§€à¦—à¦žà§à¦œ', '02', '', '', 0, 1, 1, '2014-12-24 12:34:09', '2015-02-16 10:22:36', '2015-01-07 08:20:10', 1),
(5, 549, 3, 'Cox''s Bazar', 'à¦•à¦•à§à¦¸à¦¬à¦¾à¦œà¦¾à¦°', '02', '', '', 0, 1, 0, '2014-12-24 12:34:45', '2014-12-28 06:50:42', '0000-00-00 00:00:00', 1),
(6, 54, 0, 'test', 'terst', '123', '', '', 0, 1, 0, '2015-02-08 07:30:46', '2015-02-16 12:02:30', '0000-00-00 00:00:00', 1),
(7, 54, 3, 'test', 'test', '12', '', '', 0, 0, 0, '2015-02-08 07:36:14', '0000-00-00 00:00:00', '0000-00-00 00:00:00', 1),
(8, 54, 4, 'Shantinagar', 'à¦¶à¦¾à¦¨à§à¦¤à¦¿à¦¨à¦—à¦°', 'C-01', '', '', 0, 1, 0, '2015-02-10 10:31:32', '2015-02-16 12:17:29', '0000-00-00 00:00:00', 1),
(9, 2147483647, 3, 'Office', 'Office', '03', 'Dhaka-1215', 'Dhaka-1215', 0, 3, 0, '2015-02-18 07:59:59', '2015-02-18 10:04:35', '0000-00-00 00:00:00', 1),
(10, 2147483647, 3, 'Office', 'Office', '04', 'Dhaka-1215', 'Dhaka-1215', 3, 3, 0, '2015-02-18 10:10:37', '2015-02-18 10:22:26', '0000-00-00 00:00:00', 1),
(11, 2147483647, 3, 'Badda', 'Badda', '05', 'Dhaka-1212', 'Dhaka-1212', 3, 3, 0, '2015-02-18 10:25:40', '2015-02-18 10:28:41', '0000-00-00 00:00:00', 1),
(12, 2147483647, 3, 'Vatara', 'à¦­à¦¾à¦Ÿà¦¾à¦°à¦¾', '06', 'Dhaka-1215', 'Dhaka-1215', 3, 3, 0, '2015-02-18 10:30:45', '2015-02-18 10:33:34', '0000-00-00 00:00:00', 1);

-- --------------------------------------------------------

--
-- Table structure for table `branchphones`
--

CREATE TABLE IF NOT EXISTS `branchphones` (
  `id` int(11) NOT NULL AUTO_INCREMENT,
  `branch_id` int(11) NOT NULL,
  `company_id` int(11) NOT NULL,
  `branchphoneno` varchar(255) NOT NULL,
  PRIMARY KEY (`id`)
) ENGINE=InnoDB  DEFAULT CHARSET=utf8 AUTO_INCREMENT=15 ;

--
-- Dumping data for table `branchphones`
--

INSERT INTO `branchphones` (`id`, `branch_id`, `company_id`, `branchphoneno`) VALUES
(6, 9, 3, '9585644'),
(8, 10, 3, '012458'),
(11, 11, 3, '0124578'),
(12, 11, 3, '852144'),
(14, 12, 3, '021545');

-- --------------------------------------------------------

--
-- Table structure for table `cashtransactions`
--

CREATE TABLE IF NOT EXISTS `cashtransactions` (
  `id` int(11) NOT NULL AUTO_INCREMENT,
  `cashtransactionuuid` varchar(255) NOT NULL DEFAULT '0',
  `cashtransactiontype_id` int(11) NOT NULL,
  `transaction_id` int(11) NOT NULL DEFAULT '0',
  `transactiontype_id` int(11) NOT NULL DEFAULT '0',
  `transactionamount` double NOT NULL DEFAULT '0',
  `transactiondate` datetime NOT NULL DEFAULT '0000-00-00 00:00:00',
  `company_id` int(11) NOT NULL DEFAULT '0',
  `branch_id` int(11) NOT NULL DEFAULT '0',
  `coa_id` int(11) NOT NULL DEFAULT '0',
  `user_id` int(11) NOT NULL,
  `salesman_id` int(11) NOT NULL,
  `product_id` int(11) NOT NULL,
  `cashtransactionothernote` text NOT NULL,
  `cashtransactionisactive` tinyint(1) NOT NULL DEFAULT '0',
  `cashtransactioninsertid` int(11) NOT NULL DEFAULT '0',
  `cashtransactionupdateid` int(11) NOT NULL DEFAULT '0',
  `cashtransactiondeleteid` int(11) NOT NULL DEFAULT '0',
  `cashtransactioninsertdate` datetime NOT NULL DEFAULT '0000-00-00 00:00:00',
  `cashtransactionupdatedate` datetime NOT NULL DEFAULT '0000-00-00 00:00:00',
  `cashtransactiondeletedate` datetime NOT NULL DEFAULT '0000-00-00 00:00:00',
  PRIMARY KEY (`id`)
) ENGINE=InnoDB  DEFAULT CHARSET=utf8 AUTO_INCREMENT=43 ;

--
-- Dumping data for table `cashtransactions`
--

INSERT INTO `cashtransactions` (`id`, `cashtransactionuuid`, `cashtransactiontype_id`, `transaction_id`, `transactiontype_id`, `transactionamount`, `transactiondate`, `company_id`, `branch_id`, `coa_id`, `user_id`, `salesman_id`, `product_id`, `cashtransactionothernote`, `cashtransactionisactive`, `cashtransactioninsertid`, `cashtransactionupdateid`, `cashtransactiondeleteid`, `cashtransactioninsertdate`, `cashtransactionupdatedate`, `cashtransactiondeletedate`) VALUES
(1, '54d84ea1-eda4-4489-8141-0f28c0a80069', 0, 13, 8, 400, '2015-02-09 07:07:28', 1, 1, 2, 17, 0, 0, '', 0, 1, 0, 0, '2015-02-09 07:07:29', '0000-00-00 00:00:00', '0000-00-00 00:00:00'),
(2, '54d88711-6274-497f-be13-0f28c0a80069', 0, 14, 8, 900, '2015-02-09 11:08:16', 1, 1, 2, 19, 0, 0, '', 0, 1, 0, 0, '2015-02-09 11:08:17', '0000-00-00 00:00:00', '0000-00-00 00:00:00'),
(3, '54d8918d-ea78-4251-879c-0f28c0a80069', 0, 16, 8, 200, '2015-02-09 11:53:00', 1, 1, 2, 18, 0, 0, '', 0, 1, 0, 0, '2015-02-09 11:53:01', '0000-00-00 00:00:00', '0000-00-00 00:00:00'),
(4, '54d9914d-36f0-483d-a5d4-0950c0a80067', 0, 17, 8, 900, '2015-02-10 06:04:12', 1, 1, 2, 18, 0, 0, '', 0, 1, 0, 0, '2015-02-10 06:04:13', '0000-00-00 00:00:00', '0000-00-00 00:00:00'),
(5, '54d99856-0860-429a-a5e5-0950f4f1b0b9', 0, 18, 8, 54000, '2015-02-10 06:34:14', 1, 1, 2, 18, 0, 0, '', 0, 1, 0, 0, '2015-02-10 06:34:14', '0000-00-00 00:00:00', '0000-00-00 00:00:00'),
(6, '54db42f0-569c-4afc-ae46-0a2cc0a80069', 0, 20, 8, 400, '2015-02-11 12:54:24', 1, 1, 2, 18, 0, 0, '', 0, 1, 0, 0, '2015-02-11 12:54:24', '0000-00-00 00:00:00', '0000-00-00 00:00:00'),
(7, '54e03a10-6380-4d25-af43-08bcc0a80067', 0, 22, 8, 2260, '2015-02-15 07:17:51', 1, 1, 2, 18, 0, 0, '', 0, 1, 0, 0, '2015-02-15 07:17:52', '0000-00-00 00:00:00', '0000-00-00 00:00:00'),
(8, '54e1bd2c-de04-4121-85a9-0cfcf4f1b0b9', 0, 0, 0, 100000, '2015-02-16 01:02:47', 1, 1, 1, 16, 0, 0, '', 1, 16, 0, 0, '2015-02-16 10:49:32', '0000-00-00 00:00:00', '0000-00-00 00:00:00'),
(9, '54e1bd9f-b538-4d0a-a0dc-0cfcf4f1b0b9', 5, 0, 0, 100000, '2015-02-16 03:02:58', 1, 1, 1, 16, 0, 0, '', 1, 16, 0, 0, '2015-02-16 10:51:27', '0000-00-00 00:00:00', '0000-00-00 00:00:00'),
(10, '54e1bde4-7b9c-4e7a-b328-0cfcf4f1b0b9', 5, 0, 5, 100000, '2015-02-16 03:02:58', 1, 1, 1, 16, 0, 0, '', 1, 16, 0, 0, '2015-02-16 10:52:36', '0000-00-00 00:00:00', '0000-00-00 00:00:00'),
(11, '54e1be20-71a8-4e5a-ad1a-0cfcf4f1b0b9', 5, 0, 0, 100000, '2015-02-16 03:02:58', 1, 1, 1, 16, 0, 0, '', 1, 16, 0, 0, '2015-02-16 10:53:36', '0000-00-00 00:00:00', '0000-00-00 00:00:00'),
(12, '54e1be6e-0c44-47af-a29a-0cfcf4f1b0b9', 5, 0, 5, 100000, '2015-02-16 03:02:58', 1, 1, 1, 16, 0, 0, '', 1, 16, 0, 0, '2015-02-16 10:54:54', '0000-00-00 00:00:00', '0000-00-00 00:00:00'),
(13, '54e1beef-2314-4b6d-8606-0cfcf4f1b0b9', 5, 0, 5, 100000, '2015-02-16 03:02:58', 1, 1, 1, 16, 0, 0, '', 1, 16, 0, 0, '2015-02-16 10:57:03', '0000-00-00 00:00:00', '0000-00-00 00:00:00'),
(14, '54e1c0a9-e134-4df8-9076-0cfcf4f1b0b9', 5, 0, 5, 200000, '2015-02-16 03:02:58', 1, 1, 1, 16, 0, 0, '', 1, 16, 16, 0, '2015-02-16 11:04:25', '0000-00-00 00:00:00', '0000-00-00 00:00:00'),
(15, '54e31d0b-5c9c-4852-bc7f-0e60f4f1b0b9', 0, 23, 7, 0, '2015-02-17 04:02:17', 1, 1, 2, 16, 0, 0, '', 0, 1, 0, 0, '2015-02-17 11:50:51', '0000-00-00 00:00:00', '0000-00-00 00:00:00'),
(16, '54e31ddc-4c9c-4506-81ce-0e60f4f1b0b9', 0, 24, 7, 0, '2015-02-17 04:02:33', 1, 1, 2, 24, 0, 0, '', 0, 1, 0, 0, '2015-02-17 11:54:20', '0000-00-00 00:00:00', '0000-00-00 00:00:00'),
(17, '54e47d1e-c638-4701-b10d-016cc0a80068', 0, 25, 8, 6000, '2015-02-18 12:53:02', 1, 1, 2, 17, 0, 0, '', 0, 1, 0, 0, '2015-02-18 12:53:02', '0000-00-00 00:00:00', '0000-00-00 00:00:00'),
(18, '54e47d7f-727c-49f1-be03-016cc0a80068', 0, 26, 8, 2000, '2015-02-18 12:54:39', 1, 1, 2, 17, 0, 0, '', 0, 1, 0, 0, '2015-02-18 12:54:39', '0000-00-00 00:00:00', '0000-00-00 00:00:00'),
(19, '54eadd6f-a1d8-4cbb-8ba1-0f24f4f1b0b9', 0, 28, 7, 2500, '2015-02-23 01:02:31', 1, 1, 2, 24, 0, 0, '', 0, 1, 0, 0, '2015-02-23 08:57:35', '0000-00-00 00:00:00', '0000-00-00 00:00:00'),
(20, '54eade0d-ea08-4da0-88d8-0f24f4f1b0b9', 0, 29, 7, 0, '2015-02-23 01:02:34', 1, 1, 2, 24, 0, 0, '', 0, 1, 0, 0, '2015-02-23 09:00:13', '0000-00-00 00:00:00', '0000-00-00 00:00:00'),
(21, '54eadeaf-7714-4b85-9a83-0f24f4f1b0b9', 0, 30, 7, 0, '2015-02-23 01:02:34', 1, 1, 2, 24, 0, 0, '', 0, 1, 0, 0, '2015-02-23 09:02:55', '0000-00-00 00:00:00', '0000-00-00 00:00:00'),
(22, '54eadf02-14a8-4548-8ff1-0f24f4f1b0b9', 0, 31, 7, 0, '2015-02-23 01:02:34', 1, 1, 2, 24, 0, 0, '', 0, 1, 0, 0, '2015-02-23 09:04:18', '0000-00-00 00:00:00', '0000-00-00 00:00:00'),
(23, '54eadf18-74a0-4a45-a5ef-0f24f4f1b0b9', 0, 32, 7, 0, '2015-02-23 01:02:34', 1, 1, 2, 24, 0, 0, '', 0, 1, 0, 0, '2015-02-23 09:04:40', '0000-00-00 00:00:00', '0000-00-00 00:00:00'),
(24, '54eadf53-6418-4a91-aedd-0f24f4f1b0b9', 0, 33, 7, 0, '2015-02-23 01:02:34', 1, 1, 2, 24, 0, 0, '', 0, 1, 0, 0, '2015-02-23 09:05:39', '0000-00-00 00:00:00', '0000-00-00 00:00:00'),
(25, '54ed69c7-5aa0-4ce4-977b-0afcf4f1b0b9', 4, 0, 4, 100000, '2015-02-25 12:02:46', 1, 1, 1, 24, 0, 0, '', 1, 24, 0, 0, '2015-02-25 07:20:55', '0000-00-00 00:00:00', '0000-00-00 00:00:00'),
(26, '54ed6a74-3e00-48ce-9c09-0afcf4f1b0b9', 5, 0, 5, 10000, '2015-02-25 12:02:28', 1, 1, 1, 24, 0, 0, '', 1, 24, 0, 0, '2015-02-25 07:23:48', '0000-00-00 00:00:00', '0000-00-00 00:00:00'),
(27, '54ed946a-3edc-4330-a6c2-0564f4f1b0b9', 0, 34, 8, 0, '2015-02-25 10:22:49', 1, 1, 2, 18, 0, 0, '', 0, 1, 0, 0, '2015-02-25 10:22:50', '0000-00-00 00:00:00', '0000-00-00 00:00:00'),
(28, '54ed9934-e848-4b31-8575-0564f4f1b0b9', 0, 35, 7, 0, '2015-02-25 03:02:39', 1, 1, 2, 24, 0, 0, '', 0, 1, 0, 0, '2015-02-25 10:43:16', '0000-00-00 00:00:00', '0000-00-00 00:00:00'),
(29, '54ed99dd-7df0-4b8e-9321-0564f4f1b0b9', 0, 36, 8, 250000, '2015-02-25 10:46:04', 1, 1, 2, 17, 0, 0, '', 0, 1, 0, 0, '2015-02-25 10:46:05', '0000-00-00 00:00:00', '0000-00-00 00:00:00'),
(30, '54ed9a24-ff10-448f-b5c4-0564f4f1b0b9', 0, 37, 8, 250000, '2015-02-25 10:47:16', 1, 1, 2, 17, 0, 0, '', 0, 1, 0, 0, '2015-02-25 10:47:16', '0000-00-00 00:00:00', '0000-00-00 00:00:00'),
(31, '54ed9ad5-7378-484b-8293-0564f4f1b0b9', 0, 38, 8, 0, '2015-02-25 10:50:12', 1, 1, 2, 18, 0, 0, '', 0, 1, 0, 0, '2015-02-25 10:50:13', '0000-00-00 00:00:00', '0000-00-00 00:00:00'),
(32, '54f03e7d-79b0-4b37-8e5b-0564f4f1b0b9', 0, 39, 7, 0, '2015-02-27 03:02:00', 1, 1, 2, 16, 0, 0, '', 0, 1, 0, 0, '2015-02-27 10:53:01', '0000-00-00 00:00:00', '0000-00-00 00:00:00'),
(33, '54f03f9d-cde8-4eab-a305-0564f4f1b0b9', 0, 40, 7, 0, '2015-02-27 03:02:55', 1, 1, 2, 16, 0, 0, '', 0, 1, 0, 0, '2015-02-27 10:57:49', '0000-00-00 00:00:00', '0000-00-00 00:00:00'),
(34, '54f0409d-da08-4417-b424-0564f4f1b0b9', 0, 41, 7, 20000, '2015-02-27 04:02:33', 1, 1, 2, 16, 0, 0, '', 0, 1, 0, 0, '2015-02-27 11:02:05', '0000-00-00 00:00:00', '0000-00-00 00:00:00'),
(35, '54f0414c-fa68-4cdc-a8d4-0564f4f1b0b9', 0, 42, 7, 0, '2015-02-27 04:02:57', 1, 1, 2, 24, 0, 0, '', 0, 1, 0, 0, '2015-02-27 11:05:00', '0000-00-00 00:00:00', '0000-00-00 00:00:00'),
(36, '54f041f1-3bd0-42ea-9718-0564f4f1b0b9', 0, 43, 7, 0, '2015-02-27 04:02:56', 1, 1, 2, 16, 0, 0, '', 0, 1, 0, 0, '2015-02-27 11:07:45', '0000-00-00 00:00:00', '0000-00-00 00:00:00'),
(37, '54f042f0-a3a8-432e-a39c-0564f4f1b0b9', 0, 44, 7, 250000, '2015-02-27 04:02:47', 1, 1, 2, 16, 0, 0, '', 0, 1, 0, 0, '2015-02-27 11:12:00', '0000-00-00 00:00:00', '0000-00-00 00:00:00'),
(38, '54f0445d-d720-42d1-86c1-0564f4f1b0b9', 0, 45, 7, 0, '2015-02-27 04:02:44', 1, 1, 2, 24, 0, 0, '', 0, 1, 0, 0, '2015-02-27 11:18:05', '0000-00-00 00:00:00', '0000-00-00 00:00:00'),
(39, '54f0464e-8128-4992-b3d6-0564f4f1b0b9', 0, 46, 7, 0, '2015-02-27 04:02:36', 1, 1, 2, 24, 0, 0, '', 0, 1, 0, 0, '2015-02-27 11:26:22', '0000-00-00 00:00:00', '0000-00-00 00:00:00'),
(40, '54f19859-ce38-4d65-90ac-0564f4f1b0b9', 0, 47, 7, 0, '2015-02-28 04:02:58', 1, 1, 2, 24, 0, 0, '', 0, 1, 0, 0, '2015-02-28 11:28:41', '0000-00-00 00:00:00', '0000-00-00 00:00:00'),
(41, '54f19a21-7938-4c50-986d-0564f4f1b0b9', 0, 48, 7, 0, '2015-02-28 04:02:40', 1, 1, 2, 16, 0, 0, '', 0, 1, 0, 0, '2015-02-28 11:36:17', '0000-00-00 00:00:00', '0000-00-00 00:00:00'),
(42, '54f19ab5-7224-463d-940c-0564f4f1b0b9', 0, 49, 8, 0, '2015-02-28 11:38:45', 1, 1, 2, 17, 0, 0, '', 0, 1, 0, 0, '2015-02-28 11:38:45', '0000-00-00 00:00:00', '0000-00-00 00:00:00');

-- --------------------------------------------------------

--
-- Table structure for table `coagroups`
--

CREATE TABLE IF NOT EXISTS `coagroups` (
  `id` int(11) NOT NULL AUTO_INCREMENT,
  `coagroupuuid` varchar(255) NOT NULL,
  `coatype_id` int(11) NOT NULL,
  `coagroupname` text NOT NULL,
  `coagroupnamebn` text NOT NULL,
  `coagroupisactive` tinyint(2) NOT NULL DEFAULT '0',
  `coagroupinsertid` int(11) NOT NULL,
  `coagroupupdateid` int(11) NOT NULL,
  `coagroupdeleteid` int(11) NOT NULL,
  `coagroupinsertdate` datetime NOT NULL DEFAULT '0000-00-00 00:00:00',
  `coagroupupdatedate` datetime NOT NULL DEFAULT '0000-00-00 00:00:00',
  `coagroupdeletedate` datetime NOT NULL DEFAULT '0000-00-00 00:00:00',
  PRIMARY KEY (`id`)
) ENGINE=InnoDB  DEFAULT CHARSET=utf8 AUTO_INCREMENT=13 ;

--
-- Dumping data for table `coagroups`
--

INSERT INTO `coagroups` (`id`, `coagroupuuid`, `coatype_id`, `coagroupname`, `coagroupnamebn`, `coagroupisactive`, `coagroupinsertid`, `coagroupupdateid`, `coagroupdeleteid`, `coagroupinsertdate`, `coagroupupdatedate`, `coagroupdeletedate`) VALUES
(1, '549a5073-1cd0-4f7e-b294-0c7cf4f1b0b9', 1, 'Current Assets', 'à¦¬à¦°à§à¦¤à¦®à¦¾à¦¨ à¦¸à¦®à§à¦ªà¦¦à§‡à¦° à¦®à§‚à¦²à§à¦¯', 1, 1, 0, 0, '2014-12-24 06:34:43', '0000-00-00 00:00:00', '0000-00-00 00:00:00'),
(2, '549a50a2-1e48-4e54-b22e-0c7cf4f1b0b9', 1, 'Inventory Assets', 'à¦ªà¦°à¦¿à¦¸à¦‚à¦–à§à¦¯à¦¾ à¦¸à¦®à§à¦ªà¦¦', 1, 1, 0, 0, '2014-12-24 06:35:30', '0000-00-00 00:00:00', '0000-00-00 00:00:00'),
(3, '549a50e1-21b8-49d5-bd9b-0c7cf4f1b0b9', 1, 'Capital Assets', 'à¦®à§‚à¦²à¦§à¦¨à§€ à¦¸à¦®à§à¦ªà¦¦', 1, 1, 0, 0, '2014-12-24 06:36:33', '0000-00-00 00:00:00', '0000-00-00 00:00:00'),
(4, '549a5112-764c-4783-9dbc-0c7cf4f1b0b9', 2, 'Current Liabilities', 'à¦¬à¦°à§à¦¤à¦®à¦¾à¦¨ à¦¦à¦¾à¦¯à¦¼', 1, 1, 0, 0, '2014-12-24 06:37:22', '0000-00-00 00:00:00', '0000-00-00 00:00:00'),
(5, '549a513e-4820-4f5d-a544-0c7cf4f1b0b9', 2, 'Long Term Liabilities', 'à¦¦à§€à¦°à§à¦˜à¦®à§‡à¦¯à¦¼à¦¾à¦¦à§€ à¦¦à¦¾à¦¯à¦¼', 1, 1, 0, 0, '2014-12-24 06:38:06', '0000-00-00 00:00:00', '0000-00-00 00:00:00'),
(6, '549a515f-5384-42aa-91f4-0c7cf4f1b0b9', 2, 'Share Capital', 'à¦¶à§‡à¦¯à¦¼à¦¾à¦° à¦®à§‚à¦²à¦§à¦¨', 1, 1, 0, 0, '2014-12-24 06:38:39', '0000-00-00 00:00:00', '0000-00-00 00:00:00'),
(7, '549a5185-8d88-46cf-8c37-0c7cf4f1b0b9', 2, 'Retained Earnings', 'à¦•à§à¦·à¦®à¦¤à¦¾à¦§à§€à¦¨ à¦‰à¦ªà¦¾à¦°à§à¦œà¦¨', 1, 1, 0, 0, '2014-12-24 06:39:17', '0000-00-00 00:00:00', '0000-00-00 00:00:00'),
(8, '549a51b2-d550-4e5b-a97e-0c7cf4f1b0b9', 4, 'Sales Revenue', 'à¦¬à¦¿à¦•à§à¦°à¦¯à¦¼ à¦°à¦¾à¦œà¦¸à§à¦¬', 1, 1, 0, 0, '2014-12-24 06:40:02', '0000-00-00 00:00:00', '0000-00-00 00:00:00'),
(9, '549a5200-b200-47e1-bd97-0c7cf4f1b0b9', 4, 'Other Revenue', 'à¦…à¦¨à§à¦¯à¦¾à¦¨à§à¦¯ à¦¸à¦•à¦² à¦°à¦¾à¦œà¦¸à§à¦¬', 1, 1, 0, 0, '2014-12-24 06:41:20', '0000-00-00 00:00:00', '0000-00-00 00:00:00'),
(10, '549a522d-0014-4002-8f83-0c7cf4f1b0b9', 6, 'Cost of Goods Sold', 'à¦ªà¦£à§à¦¯ à¦¸à¦¾à¦®à¦—à§à¦°à§€à¦° à¦¬à¦¿à¦•à§à¦°à¦¿à¦¯à¦¼ à¦–à¦°à¦š', 1, 1, 0, 0, '2014-12-24 06:42:05', '0000-00-00 00:00:00', '0000-00-00 00:00:00'),
(11, '549a5252-978c-452f-b90b-0c7cf4f1b0b9', 6, 'Payroll Expenses', 'à¦¬à§‡à¦¤à¦¨à§‡à¦° à¦–à¦°à¦š', 1, 1, 0, 0, '2014-12-24 06:42:42', '0000-00-00 00:00:00', '0000-00-00 00:00:00'),
(12, '549a527e-d03c-41e5-a21b-0c7cf4f1b0b9', 6, 'General & Administrative expenses', 'à¦¸à¦¾à¦§à¦¾à¦°à¦£ à¦“ à¦ªà§à¦°à¦¶à¦¾à¦¸à¦¨à¦¿à¦• à¦¬à§à¦¯à¦¯à¦¼', 1, 1, 0, 0, '2014-12-24 06:43:26', '0000-00-00 00:00:00', '0000-00-00 00:00:00');

-- --------------------------------------------------------

--
-- Table structure for table `coas`
--

CREATE TABLE IF NOT EXISTS `coas` (
  `id` int(11) NOT NULL AUTO_INCREMENT,
  `coauuid` varchar(255) DEFAULT NULL,
  `company_id` int(11) DEFAULT NULL,
  `branch_id` int(11) DEFAULT NULL,
  `coatype_id` int(11) DEFAULT NULL,
  `coagroup_id` int(11) DEFAULT NULL,
  `coacode` int(11) NOT NULL DEFAULT '0',
  `coaname` text,
  `coanamebn` text,
  `coaisactive` tinyint(2) DEFAULT '0',
  `coainsertid` int(11) DEFAULT NULL,
  `coaupdateid` int(11) DEFAULT NULL,
  `coadeleteid` int(11) DEFAULT NULL,
  `coainsertdate` datetime DEFAULT '0000-00-00 00:00:00',
  `coaupdatedate` datetime DEFAULT '0000-00-00 00:00:00',
  `coadeletedate` datetime DEFAULT '0000-00-00 00:00:00',
  PRIMARY KEY (`id`)
) ENGINE=InnoDB  DEFAULT CHARSET=utf8 AUTO_INCREMENT=11 ;

--
-- Dumping data for table `coas`
--

INSERT INTO `coas` (`id`, `coauuid`, `company_id`, `branch_id`, `coatype_id`, `coagroup_id`, `coacode`, `coaname`, `coanamebn`, `coaisactive`, `coainsertid`, `coaupdateid`, `coadeleteid`, `coainsertdate`, `coaupdatedate`, `coadeletedate`) VALUES
(1, '54ace3d3-52fc-4c27-8f4e-01d8f4f1b0b9', 1, NULL, 1, 1, 1060, 'Checking Account', 'à¦šà§‡à¦• à¦¹à¦¿à¦¸à¦¾à¦¬', 1, 1, NULL, NULL, '2015-01-07 08:44:19', '0000-00-00 00:00:00', '0000-00-00 00:00:00'),
(2, '54b7a672-34bc-44cd-a043-139cf4f1b0b9', 1, NULL, 1, 1, 1001, 'Petty Cash', 'à¦¬à¦¿à¦¬à¦¿à¦§ à¦¬à§à¦¯à¦¾à¦ªà¦¾à¦°à§‡ à¦ªà§à¦°à¦¾à¦ªà§à¦¤ à¦¬à¦¾ à¦ªà§à¦°à¦¦à§‡à§Ÿ à¦¸à¦¾à¦®à¦¾à¦¨à§à¦¯ à¦Ÿà¦¾à¦•à¦¾à¦•à§œà¦¿', 1, 1, NULL, NULL, '2015-01-15 12:37:22', '0000-00-00 00:00:00', '0000-00-00 00:00:00'),
(3, '54bcb56d-2af8-4260-8ae5-08d4f4f1b0b9', 1, NULL, 1, 1, 1200, 'Accounts Receivables', 'à¦¹à¦¿à¦¸à¦¾à¦¬ à¦¥à§‡à¦•à§‡ à¦¸à¦®à§à¦­à¦¾à¦¬à§à¦¯ à¦†à¦¯à¦¼', 1, 1, 1, 1, '2015-01-19 08:42:37', '2015-01-19 08:45:38', '2015-01-19 08:43:11'),
(4, '54bcb6b5-7ae0-4944-9a4b-08d4f4f1b0b9', 1, NULL, 1, 2, 1550, 'Goods Received Clearing account', 'à¦ªà¦£à§à¦¯à§‡à¦° à¦ªà§à¦°à¦¾à¦ªà§à¦¤à¦ƒ à¦¨à¦¿à¦•à¦¾à¦¶ à¦¹à¦¿à¦¸à¦¾à¦¬', 1, 1, NULL, NULL, '2015-01-19 08:48:05', '0000-00-00 00:00:00', '0000-00-00 00:00:00'),
(5, '54bcb712-f740-48f9-9082-08d4f4f1b0b9', 1, NULL, 2, 4, 2100, 'Accounts Payable', 'à¦¹à¦¿à¦¸à¦¾à¦¬à§‡à¦° à¦ªà¦°à¦¿à¦¶à§‹à¦§à¦¯à§‹à¦—à§à¦¯ à¦…à¦‚à¦¶', 1, 1, NULL, NULL, '2015-01-19 08:49:38', '0000-00-00 00:00:00', '0000-00-00 00:00:00'),
(6, '54bcb7ae-9ae0-4bc8-be71-08d4f4f1b0b9', 1, NULL, 4, 8, 4010, 'Sales', 'à¦¬à¦¿à¦•à§à¦°à¦¯à¦¼à§‹à¦¤à§à¦¤à¦°', 1, 1, NULL, NULL, '2015-01-19 08:52:14', '0000-00-00 00:00:00', '0000-00-00 00:00:00'),
(7, '54bdde65-c728-4bc3-b4b4-0b9cf4f1b0b9', 1, NULL, 6, 10, 5010, 'Cost of Goods Sold - Retail', 'à¦ªà¦£à§à¦¯ à¦¸à¦¾à¦®à¦—à§à¦°à§€à¦° à¦¬à¦¿à¦•à§à¦°à¦¿à¦¯à¦¼ à¦–à¦°à¦š - à¦–à§à¦šà¦°à¦¾', 1, 1, NULL, NULL, '2015-01-20 05:49:41', '0000-00-00 00:00:00', '0000-00-00 00:00:00'),
(8, '54c0cd9b-c84c-4575-812f-0f4cf4f1b0b9', 1, NULL, 1, 2, 1510, 'Inventory', 'à¦¤à¦¾à¦²à¦¿à¦•à¦¾à¦­à§à¦•à§à¦¤ à¦œà¦¿à¦¨à¦¿à¦¸à¦ªà¦¤à§à¦° 	', 1, 1, NULL, NULL, '2015-01-22 11:14:51', '0000-00-00 00:00:00', '0000-00-00 00:00:00'),
(9, '54c4a97c-eec4-472b-981d-05acf4f1b0b9', 1, NULL, 6, 10, 5050, 'Purchases of materials', 'à¦‰à¦ªà¦•à¦°à¦£ à¦•à§à¦°à¦¯à¦¼', 1, 1, NULL, NULL, '2015-01-25 09:29:48', '0000-00-00 00:00:00', '0000-00-00 00:00:00'),
(10, '54f57ca9-6f18-4357-b950-0c88f4f1b0b9', 3, NULL, 1, 1, 546456, 'test', 'test', 1, 3, NULL, NULL, '2015-03-03 10:19:37', '0000-00-00 00:00:00', '0000-00-00 00:00:00');

-- --------------------------------------------------------

--
-- Table structure for table `coatypes`
--

CREATE TABLE IF NOT EXISTS `coatypes` (
  `id` int(11) NOT NULL AUTO_INCREMENT,
  `coatypeuuid` varchar(255) NOT NULL,
  `coatypename` text NOT NULL,
  `coatypenamebn` text NOT NULL,
  `coatypeisactive` tinyint(2) NOT NULL DEFAULT '0',
  `coatypeinsertid` int(11) NOT NULL DEFAULT '0',
  `coatypeupdateid` int(11) NOT NULL DEFAULT '0',
  `coatypedeleteid` int(11) NOT NULL DEFAULT '0',
  `coatypeinsertdate` datetime NOT NULL DEFAULT '0000-00-00 00:00:00',
  `coatypeupdatedate` datetime NOT NULL DEFAULT '0000-00-00 00:00:00',
  `coatypedeletedate` datetime NOT NULL DEFAULT '0000-00-00 00:00:00',
  PRIMARY KEY (`id`)
) ENGINE=InnoDB  DEFAULT CHARSET=utf8 AUTO_INCREMENT=7 ;

--
-- Dumping data for table `coatypes`
--

INSERT INTO `coatypes` (`id`, `coatypeuuid`, `coatypename`, `coatypenamebn`, `coatypeisactive`, `coatypeinsertid`, `coatypeupdateid`, `coatypedeleteid`, `coatypeinsertdate`, `coatypeupdatedate`, `coatypedeletedate`) VALUES
(1, '549a4eec-45ac-4506-b3aa-0c7cf4f1b0b9', 'Assets', 'à¦¸à¦®à§à¦ªà¦¦', 1, 1, 1, 1, '2014-12-24 06:28:12', '2015-01-05 05:56:26', '2015-01-05 05:38:39'),
(2, '549a4f17-d3e4-4db3-a33d-0c7cf4f1b0b9', 'Liabilities', 'à¦¦à¦¾à¦¯à¦¼', 1, 1, 0, 0, '2014-12-24 06:28:55', '0000-00-00 00:00:00', '0000-00-00 00:00:00'),
(3, '549a4f3a-ca30-4d48-b64e-0c7cf4f1b0b9', 'Equity', 'à¦¤à¦¹à¦¬à¦¿à¦²', 2, 1, 1, 1, '2014-12-24 06:29:30', '2014-12-24 06:59:48', '2015-01-05 05:26:09'),
(4, '549a4f57-cafc-4416-a215-0c7cf4f1b0b9', 'Income', 'à¦†à¦¯à¦¼', 1, 1, 1, 1, '2014-12-24 06:29:59', '2015-01-05 05:56:54', '2015-01-05 05:53:35'),
(5, '549a4fdb-8ef8-4340-84d3-0c7cf4f1b0b9', 'Cost of Goods Sold', 'à¦ªà¦£à§à¦¯ à¦¸à¦¾à¦®à¦—à§à¦°à§€à¦° à¦¬à¦¿à¦•à§à¦°à¦¿à¦¯à¦¼ à¦–à¦°à¦š', 2, 1, 1, 1, '2014-12-24 06:32:11', '2014-12-24 06:59:32', '2015-01-05 05:25:52'),
(6, '549a4ffb-4e4c-4abb-93f8-0c7cf4f1b0b9', 'Expense', 'à¦¬à§à¦¯à¦¯à¦¼', 1, 1, 1, 1, '2014-12-24 06:32:43', '2015-01-05 05:57:01', '2015-01-05 05:39:08');

-- --------------------------------------------------------

--
-- Table structure for table `companies`
--

CREATE TABLE IF NOT EXISTS `companies` (
  `id` int(11) NOT NULL AUTO_INCREMENT,
  `companyuuid` varchar(255) NOT NULL,
  `companyname` varchar(50) NOT NULL,
  `companynamebn` varchar(255) NOT NULL,
  `companylogo` varchar(100) NOT NULL,
  `companystartdate` datetime NOT NULL,
  `companyinsertid` int(11) NOT NULL,
  `companyupdateid` int(11) NOT NULL,
  `companydeleteid` int(11) NOT NULL,
  `companyinsertdate` datetime NOT NULL DEFAULT '0000-00-00 00:00:00',
  `companyupdatedate` datetime NOT NULL DEFAULT '0000-00-00 00:00:00',
  `companydeletedate` datetime NOT NULL DEFAULT '0000-00-00 00:00:00',
  `companyisactive` tinyint(2) NOT NULL DEFAULT '0',
  `companypresentaddress` text NOT NULL,
  `companypermanentaddress` text NOT NULL,
  PRIMARY KEY (`id`)
) ENGINE=InnoDB  DEFAULT CHARSET=utf8 AUTO_INCREMENT=16 ;

--
-- Dumping data for table `companies`
--

INSERT INTO `companies` (`id`, `companyuuid`, `companyname`, `companynamebn`, `companylogo`, `companystartdate`, `companyinsertid`, `companyupdateid`, `companydeleteid`, `companyinsertdate`, `companyupdatedate`, `companydeletedate`, `companyisactive`, `companypresentaddress`, `companypermanentaddress`) VALUES
(1, '549a9de1-1e80-4ea3-918d-0c7cf4f1b0b9', 'Innotech', 'Innotech', '54e1d55f-9204-45d8-b6fe-0cfcc0a80065.jpg', '0000-00-00 00:00:00', 1, 1, 0, '2014-12-24 12:05:05', '2015-02-17 10:55:29', '0000-00-00 00:00:00', 1, 'Shantinagar, Dhaka', 'Shantinagar, Dhaka'),
(2, '549aa3f0-c570-41ac-9e24-0c7cf4f1b0b9', 'Hassan Book Depot', 'à¦¹à¦¾à¦¸à¦¾à¦¨ à¦¬à§à¦• à¦¡à¦¿à¦ªà§‹', '54e18f9b-9e3c-4d06-bb8f-0cfcc0a80065.jpg', '0000-00-00 00:00:00', 1, 1, 0, '2014-12-24 12:30:56', '2015-02-16 07:35:06', '0000-00-00 00:00:00', 1, 'Dhaka', 'Dhaka'),
(3, '549aa3fd-dbb0-4373-8354-0c7cf4f1b0b9', 'Nipa Flour Mills', 'à¦¨à¦¿à¦ªà¦¾ à¦†à¦Ÿà¦¾ à¦“ à¦®à¦¯à¦¼à¦¦à¦¾à¦° à¦®à¦¿à¦²à¦¸', '54868ef8-b524-456b-bf96-0978c0a80108.jpg', '0000-00-00 00:00:00', 1, 3, 0, '2014-12-24 12:31:09', '2015-02-17 11:10:01', '0000-00-00 00:00:00', 1, 'Dhaka-1212', 'Dhaka-1212'),
(4, '54d83a2b-3b64-4c00-99f0-0f28f4f1b0b9', 'SNT', 'SNT', '54d83a2b-5db4-476f-a63e-0f28f4f1b0b9.jpg', '0000-00-00 00:00:00', 1, 0, 0, '2015-02-09 05:40:11', '0000-00-00 00:00:00', '0000-00-00 00:00:00', 1, 'SNT', 'SNT'),
(7, '54e1c97e-0dc0-426b-9077-0cfcc0a80065', 'Hassan Book Depot-1', 'à¦¹à¦¾à¦¸à¦¾à¦¨ à¦¬à§à¦• à¦¡à¦¿à¦ªà§‹-à§§', '', '0000-00-00 00:00:00', 1, 0, 0, '2015-02-16 11:42:06', '0000-00-00 00:00:00', '0000-00-00 00:00:00', 1, 'Dhaka', 'Dhaka'),
(8, '54e1c99c-fea0-4754-9632-0cfcc0a80065', 'Hassan Book Depot-2', 'à¦¹à¦¾à¦¸à¦¾à¦¨ à¦¬à§à¦• à¦¡à¦¿à¦ªà§‹-à§¨', '', '0000-00-00 00:00:00', 1, 0, 0, '2015-02-16 11:42:36', '0000-00-00 00:00:00', '0000-00-00 00:00:00', 1, 'Dhaka', 'Dhaka'),
(9, '54e1c9b8-4870-48eb-84a0-0cfcc0a80065', 'Hassan Book Depot-3', 'à¦¹à¦¾à¦¸à¦¾à¦¨ à¦¬à§à¦• à¦¡à¦¿à¦ªà§‹-à§©', '', '0000-00-00 00:00:00', 1, 0, 0, '2015-02-16 11:43:04', '0000-00-00 00:00:00', '0000-00-00 00:00:00', 1, 'Dhaka', 'Dhaka'),
(10, '54e1cb34-e0ec-4295-afad-0cfcc0a80065', 'SNT', 'à¦¬à¦¾à¦‚à¦²à¦¾', '', '0000-00-00 00:00:00', 1, 1, 0, '2015-02-16 11:49:24', '2015-02-16 11:51:15', '0000-00-00 00:00:00', 1, 'Dhaka-1212', 'Dhaka-1212'),
(11, '54e2de3f-cfc8-4d8b-9320-0e60c0a80069', 'Dhaka Limited', 'à¦¢à¦¾à¦•à¦¾ à¦²à¦¿à¦®à¦¿à¦Ÿà§‡à¦¡', '54e2de3f-66e4-47f2-8b13-0e60c0a80069.jpg', '0000-00-00 00:00:00', 3, 1, 0, '2015-02-17 07:22:55', '2015-02-17 09:56:31', '0000-00-00 00:00:00', 1, 'Dhaka-1215', 'Dhaka-1212'),
(13, '54e30754-1b14-421a-8daa-0e60c0a80064', 'Dhaka Trading', 'à¦¢à¦¾à¦•à¦¾ à¦¤à§à¦°à¦¾à¦¦à¦¿à¦‚ ', '54e30754-996c-44b8-973a-0e60c0a80064.jpg', '0000-00-00 00:00:00', 1, 0, 0, '2015-02-17 10:18:12', '0000-00-00 00:00:00', '0000-00-00 00:00:00', 1, 'Dhaka', 'Dhaka'),
(14, '54e30b1b-bb84-4a0e-a798-0e60c0a80064', 'Dhaka test', 'à¦¢à¦¾à¦•à¦¾ à¦¤à§‡à¦¸à§à¦¤', '54e30b1b-9a14-4ce2-9e6c-0e60c0a80064.jpg', '0000-00-00 00:00:00', 1, 0, 0, '2015-02-17 10:34:19', '0000-00-00 00:00:00', '0000-00-00 00:00:00', 0, 'Dhaka-1215', 'Dhaka-1215'),
(15, '54e31002-6f0c-4653-9a9c-0e60c0a80064', 'Khulna Ltd', 'à¦–à§à¦²à¦¨à¦¾', '54e31002-f8e8-4fd7-b3b9-0e60c0a80064.jpg', '0000-00-00 00:00:00', 1, 1, 0, '2015-02-17 10:55:14', '2015-02-17 10:56:51', '0000-00-00 00:00:00', 1, 'Khulna.', 'Khulna. ');

-- --------------------------------------------------------

--
-- Table structure for table `companyemailnarations`
--

CREATE TABLE IF NOT EXISTS `companyemailnarations` (
  `id` int(5) NOT NULL AUTO_INCREMENT,
  `companyemail_id` int(5) NOT NULL,
  `companies_id` int(11) NOT NULL,
  `companybeforeemailaddress` varchar(50) NOT NULL,
  `companyafteremailaddress` varchar(50) NOT NULL,
  `naration` text NOT NULL,
  `createddate` datetime NOT NULL,
  PRIMARY KEY (`id`)
) ENGINE=InnoDB DEFAULT CHARSET=utf8 AUTO_INCREMENT=1 ;

-- --------------------------------------------------------

--
-- Table structure for table `companyemails`
--

CREATE TABLE IF NOT EXISTS `companyemails` (
  `id` int(5) NOT NULL AUTO_INCREMENT,
  `company_id` int(11) NOT NULL,
  `companyemailaddress` varchar(100) NOT NULL,
  PRIMARY KEY (`id`)
) ENGINE=InnoDB  DEFAULT CHARSET=utf8 AUTO_INCREMENT=51 ;

--
-- Dumping data for table `companyemails`
--

INSERT INTO `companyemails` (`id`, `company_id`, `companyemailaddress`) VALUES
(5, 2, ''),
(6, 2, ''),
(7, 2, ''),
(9, 10, ''),
(22, 11, 'dhaka@gmail.com'),
(23, 11, 'dhaka@yahoo.com'),
(41, 14, 'dhaka_test@gmail.com'),
(45, 1, 'test@yahoo.com'),
(46, 15, 'khulna@gmail.com'),
(47, 15, 'khulna@ymail.com'),
(48, 15, 'khulna@yahoo.com'),
(49, 3, 'nipa@gmail.com'),
(50, 3, 'dhaka@sntbd.com');

-- --------------------------------------------------------

--
-- Table structure for table `companynarations`
--

CREATE TABLE IF NOT EXISTS `companynarations` (
  `id` int(5) NOT NULL AUTO_INCREMENT,
  `companies_id` int(11) NOT NULL,
  `companybeforename` varchar(50) NOT NULL,
  `companybeforenamebn` varchar(50) NOT NULL,
  `companyaftername` varchar(50) NOT NULL,
  `companyafternamebn` varchar(50) NOT NULL,
  `companynaration` text NOT NULL,
  `companycreateddate` text NOT NULL,
  PRIMARY KEY (`id`)
) ENGINE=InnoDB DEFAULT CHARSET=utf8 AUTO_INCREMENT=1 ;

-- --------------------------------------------------------

--
-- Table structure for table `companyphonenarations`
--

CREATE TABLE IF NOT EXISTS `companyphonenarations` (
  `id` int(5) NOT NULL AUTO_INCREMENT,
  `companyphone_id` int(5) NOT NULL,
  `companies_id` int(11) NOT NULL,
  `companybeforephoneno` varchar(50) NOT NULL,
  `companyafterphoeno` varchar(50) NOT NULL,
  `naration` text NOT NULL,
  `createddte` datetime NOT NULL,
  PRIMARY KEY (`id`)
) ENGINE=InnoDB DEFAULT CHARSET=utf8 AUTO_INCREMENT=1 ;

-- --------------------------------------------------------

--
-- Table structure for table `companyphones`
--

CREATE TABLE IF NOT EXISTS `companyphones` (
  `id` int(5) NOT NULL AUTO_INCREMENT,
  `company_id` int(11) NOT NULL,
  `companyphoneno` varchar(50) NOT NULL,
  PRIMARY KEY (`id`)
) ENGINE=InnoDB  DEFAULT CHARSET=utf8 AUTO_INCREMENT=46 ;

--
-- Dumping data for table `companyphones`
--

INSERT INTO `companyphones` (`id`, `company_id`, `companyphoneno`) VALUES
(5, 2, ''),
(7, 10, ''),
(20, 11, '0123456'),
(21, 11, '9890021'),
(36, 14, '8888888'),
(40, 1, 'test@yahoo.com'),
(41, 15, '01245788'),
(42, 15, '55555'),
(43, 15, '777777'),
(44, 3, '01245478'),
(45, 3, '5555');

-- --------------------------------------------------------

--
-- Table structure for table `departments`
--

CREATE TABLE IF NOT EXISTS `departments` (
  `id` int(11) NOT NULL AUTO_INCREMENT,
  `departmentuuid` char(36) NOT NULL,
  `departmentname` varchar(255) NOT NULL,
  `departmentnamebn` varchar(255) NOT NULL,
  `group_id` int(11) NOT NULL DEFAULT '0',
  `company_id` int(11) NOT NULL DEFAULT '0',
  `departmentisactive` tinyint(3) NOT NULL DEFAULT '0',
  `departmentinsertid` int(11) DEFAULT '0',
  `departmentupdateid` int(11) DEFAULT '0',
  `departmentdeleteid` int(11) DEFAULT '0',
  `departmentinsertdate` datetime DEFAULT '0000-00-00 00:00:00',
  `departmentupdatedate` datetime DEFAULT '0000-00-00 00:00:00',
  `departmentdeletedate` datetime DEFAULT '0000-00-00 00:00:00',
  PRIMARY KEY (`id`)
) ENGINE=InnoDB  DEFAULT CHARSET=utf8 AUTO_INCREMENT=4 ;

--
-- Dumping data for table `departments`
--

INSERT INTO `departments` (`id`, `departmentuuid`, `departmentname`, `departmentnamebn`, `group_id`, `company_id`, `departmentisactive`, `departmentinsertid`, `departmentupdateid`, `departmentdeleteid`, `departmentinsertdate`, `departmentupdatedate`, `departmentdeletedate`) VALUES
(1, '550e6653-b958-4f58-92ae-4cfc67153a0f', 'Writing Department', 'à¦²à§‡à¦–à¦¾ à¦¬à¦¿à¦­à¦¾à¦—', 10, 2, 1, 2, 1, 0, '2015-03-22 06:50:59', '2015-03-23 15:06:59', '0000-00-00 00:00:00'),
(2, '550e66d0-3f38-4413-b537-47ac67153a0f', 'Production Department', 'à¦‰à§Žà¦ªà¦¾à¦¦à¦¨ à¦¬à¦¿à¦­à¦¾à¦—', 10, 2, 1, 2, 1, 0, '2015-03-22 06:53:04', '2015-03-23 15:06:41', '0000-00-00 00:00:00'),
(3, '55113531-04fc-4013-af0b-0864f4f1b0b9', '', '', 0, 0, 0, 1, 0, 0, '2015-03-24 15:58:09', '0000-00-00 00:00:00', '0000-00-00 00:00:00');

-- --------------------------------------------------------

--
-- Table structure for table `designations`
--

CREATE TABLE IF NOT EXISTS `designations` (
  `id` int(11) NOT NULL AUTO_INCREMENT,
  `designationuuid` char(36) NOT NULL,
  `designationname` varchar(255) NOT NULL,
  `designationnamebn` varchar(255) NOT NULL,
  `designationisparent` tinyint(1) NOT NULL DEFAULT '0',
  `designationparentid` int(11) NOT NULL DEFAULT '0',
  `group_id` int(11) NOT NULL DEFAULT '0',
  `company_id` int(11) NOT NULL DEFAULT '0',
  `designationisactive` tinyint(3) NOT NULL DEFAULT '0',
  `designationinsertid` int(11) DEFAULT '0',
  `designationupdateid` int(11) DEFAULT '0',
  `designationdeleteid` int(11) DEFAULT '0',
  `designationinsertdate` datetime DEFAULT '0000-00-00 00:00:00',
  `designationupdatedate` datetime DEFAULT '0000-00-00 00:00:00',
  `designationdeletedate` datetime DEFAULT '0000-00-00 00:00:00',
  PRIMARY KEY (`id`)
) ENGINE=InnoDB  DEFAULT CHARSET=utf8 AUTO_INCREMENT=3 ;

--
-- Dumping data for table `designations`
--

INSERT INTO `designations` (`id`, `designationuuid`, `designationname`, `designationnamebn`, `designationisparent`, `designationparentid`, `group_id`, `company_id`, `designationisactive`, `designationinsertid`, `designationupdateid`, `designationdeleteid`, `designationinsertdate`, `designationupdatedate`, `designationdeletedate`) VALUES
(1, '55095eab-b4ec-4fa0-98ec-f57067153a0f', 'Senior Teacher', 'à¦¸à¦¿à¦¨à¦¿à¦¯à¦¼à¦° à¦¶à¦¿à¦•à§à¦·à¦•', 0, 0, 10, 2, 1, 2, 1, 0, '2015-03-18 11:16:59', '2015-03-23 15:08:22', '0000-00-00 00:00:00'),
(2, '55095ec0-0a40-48be-819d-f57067153a0f', 'Junior Teacher', 'à¦œà§à¦¨à¦¿à§Ÿà¦° à¦¶à¦¿à¦•à§à¦·à¦•', 0, 0, 10, 2, 1, 2, 1, 0, '2015-03-18 11:17:20', '2015-03-23 15:07:39', '0000-00-00 00:00:00');

-- --------------------------------------------------------

--
-- Table structure for table `gltransactions`
--

CREATE TABLE IF NOT EXISTS `gltransactions` (
  `id` int(11) NOT NULL AUTO_INCREMENT,
  `gltransactionuuid` varchar(255) NOT NULL DEFAULT '0',
  `transaction_id` int(11) NOT NULL DEFAULT '0',
  `transactiontype_id` int(11) NOT NULL DEFAULT '0',
  `transactionamount` double NOT NULL DEFAULT '0',
  `transactiondate` datetime NOT NULL DEFAULT '0000-00-00 00:00:00',
  `company_id` int(11) NOT NULL DEFAULT '0',
  `branch_id` int(11) NOT NULL DEFAULT '0',
  `coa_id` int(11) NOT NULL DEFAULT '0',
  `user_id` int(11) NOT NULL,
  `product_id` int(11) NOT NULL,
  `gltransactionisactive` tinyint(1) NOT NULL DEFAULT '0',
  `gltransactionstep` int(11) NOT NULL,
  `gltransactioninsertid` int(11) NOT NULL DEFAULT '0',
  `gltransactionupdateid` int(11) NOT NULL DEFAULT '0',
  `gltransactiondeleteid` int(11) NOT NULL DEFAULT '0',
  `gltransactioninsertdate` datetime NOT NULL DEFAULT '0000-00-00 00:00:00',
  `gltransactionupdatedate` datetime NOT NULL DEFAULT '0000-00-00 00:00:00',
  `gltransactiondeletedate` datetime NOT NULL DEFAULT '0000-00-00 00:00:00',
  PRIMARY KEY (`id`)
) ENGINE=InnoDB  DEFAULT CHARSET=utf8 AUTO_INCREMENT=189 ;

--
-- Dumping data for table `gltransactions`
--

INSERT INTO `gltransactions` (`id`, `gltransactionuuid`, `transaction_id`, `transactiontype_id`, `transactionamount`, `transactiondate`, `company_id`, `branch_id`, `coa_id`, `user_id`, `product_id`, `gltransactionisactive`, `gltransactionstep`, `gltransactioninsertid`, `gltransactionupdateid`, `gltransactiondeleteid`, `gltransactioninsertdate`, `gltransactionupdatedate`, `gltransactiondeletedate`) VALUES
(1, '54d0a029-9d64-4582-bd31-0a24c0a80067', 1, 2, 10000, '2015-02-03 04:02:08', 3, 5, 1, 3, 0, 1, 0, 3, 0, 0, '2015-02-03 11:17:13', '0000-00-00 00:00:00', '0000-00-00 00:00:00'),
(2, '54d0a029-ceb0-4df6-aab5-0a24c0a80067', 1, 2, -10000, '2015-02-03 04:02:08', 3, 5, 5, 3, 0, 1, 0, 3, 0, 0, '2015-02-03 11:17:13', '0000-00-00 00:00:00', '0000-00-00 00:00:00'),
(3, '54d3360b-e07c-4ff6-b302-0c5cf4f1b0b9', 1, 8, 475000, '2015-02-05 10:21:15', 1, 1, 8, 19, 2, 1, 0, 1, 0, 0, '2015-02-05 10:21:15', '0000-00-00 00:00:00', '0000-00-00 00:00:00'),
(4, '54d345d5-2088-4cb9-a05c-0c5cf4f1b0b9', 2, 8, 24500, '2015-02-05 11:28:37', 1, 1, 9, 18, 0, 1, 0, 1, 0, 0, '2015-02-05 11:28:37', '0000-00-00 00:00:00', '0000-00-00 00:00:00'),
(5, '54d345d5-d1e8-44a3-b281-0c5cf4f1b0b9', 2, 8, 12250, '2015-02-05 11:28:37', 1, 1, 1, 18, 0, 1, 0, 1, 0, 0, '2015-02-05 11:28:37', '0000-00-00 00:00:00', '0000-00-00 00:00:00'),
(6, '54d345d6-6b28-4a90-99fe-0c5cf4f1b0b9', 2, 8, -12250, '2015-02-05 11:28:37', 1, 1, 5, 18, 0, 1, 0, 1, 1, 0, '2015-02-05 11:28:38', '2015-02-05 11:28:38', '0000-00-00 00:00:00'),
(7, '54d345d6-42f0-4619-8125-0c5cf4f1b0b9', 2, 8, 24500, '2015-02-05 11:28:38', 1, 1, 8, 18, 2, 1, 0, 1, 0, 0, '2015-02-05 11:28:38', '0000-00-00 00:00:00', '0000-00-00 00:00:00'),
(8, '54d35866-6284-4502-8ec4-0c5cf4f1b0b9', 3, 8, 4900, '2015-02-05 12:47:49', 1, 1, 9, 18, 0, 1, 0, 1, 0, 0, '2015-02-05 12:47:50', '0000-00-00 00:00:00', '0000-00-00 00:00:00'),
(9, '54d35866-759c-4cde-aecb-0c5cf4f1b0b9', 3, 8, 4900, '2015-02-05 12:47:49', 1, 1, 1, 18, 0, 1, 0, 1, 0, 0, '2015-02-05 12:47:50', '0000-00-00 00:00:00', '0000-00-00 00:00:00'),
(10, '54d35866-c4e0-41d9-bac6-0c5cf4f1b0b9', 3, 8, -4900, '2015-02-05 12:47:50', 1, 1, 5, 18, 0, 1, 0, 1, 1, 0, '2015-02-05 12:47:50', '2015-02-05 12:47:50', '0000-00-00 00:00:00'),
(11, '54d35874-8464-4185-99b2-0c5cf4f1b0b9', 4, 8, 4900, '2015-02-05 12:48:04', 1, 1, 9, 18, 0, 1, 0, 1, 0, 0, '2015-02-05 12:48:04', '0000-00-00 00:00:00', '0000-00-00 00:00:00'),
(12, '54d35874-35c4-4699-b7e0-0c5cf4f1b0b9', 4, 8, 4900, '2015-02-05 12:48:04', 1, 1, 1, 18, 0, 1, 0, 1, 0, 0, '2015-02-05 12:48:04', '0000-00-00 00:00:00', '0000-00-00 00:00:00'),
(13, '54d35875-9884-4b4b-9d00-0c5cf4f1b0b9', 4, 8, -4900, '2015-02-05 12:48:05', 1, 1, 5, 18, 0, 1, 0, 1, 1, 0, '2015-02-05 12:48:05', '2015-02-05 12:48:05', '0000-00-00 00:00:00'),
(14, '54d35875-a018-48bb-804c-0c5cf4f1b0b9', 4, 8, 4900, '2015-02-05 12:48:05', 1, 1, 8, 18, 2, 1, 0, 1, 0, 0, '2015-02-05 12:48:05', '0000-00-00 00:00:00', '0000-00-00 00:00:00'),
(15, '54d5a3a1-6a20-4836-80a3-0c58c0a80065', 5, 8, 98.01, '2015-02-07 06:33:21', 1, 1, 9, 17, 0, 1, 0, 1, 0, 0, '2015-02-07 06:33:21', '0000-00-00 00:00:00', '0000-00-00 00:00:00'),
(16, '54d5a3a1-3524-471b-ac60-0c58c0a80065', 5, 8, 90, '2015-02-07 06:33:21', 1, 1, 1, 17, 0, 1, 0, 1, 0, 0, '2015-02-07 06:33:21', '0000-00-00 00:00:00', '0000-00-00 00:00:00'),
(17, '54d5a3a2-11a8-4cd0-a8a7-0c58c0a80065', 5, 8, -90, '2015-02-07 06:33:21', 1, 1, 5, 17, 0, 1, 0, 1, 1, 0, '2015-02-07 06:33:22', '2015-02-07 06:33:22', '0000-00-00 00:00:00'),
(18, '54d5a3a2-86b4-4beb-bd46-0c58c0a80065', 5, 8, 99, '2015-02-07 06:33:22', 1, 1, 8, 17, 2, 1, 0, 1, 0, 0, '2015-02-07 06:33:22', '0000-00-00 00:00:00', '0000-00-00 00:00:00'),
(19, '54d5b857-0074-451c-b5d1-0c58c0a80065', 6, 8, 950, '2015-02-07 08:01:43', 1, 1, 9, 17, 0, 1, 0, 1, 0, 0, '2015-02-07 08:01:43', '0000-00-00 00:00:00', '0000-00-00 00:00:00'),
(20, '54d5b858-6af0-4ad4-af2a-0c58c0a80065', 6, 8, 900, '2015-02-07 08:01:43', 1, 1, 1, 17, 0, 1, 0, 1, 0, 0, '2015-02-07 08:01:44', '0000-00-00 00:00:00', '0000-00-00 00:00:00'),
(21, '54d5b858-a28c-4931-90e6-0c58c0a80065', 6, 8, -900, '2015-02-07 08:01:44', 1, 1, 5, 17, 0, 1, 0, 1, 1, 0, '2015-02-07 08:01:44', '2015-02-07 08:01:45', '0000-00-00 00:00:00'),
(22, '54d5b8b4-b8c0-440b-848b-0c58c0a80065', 7, 8, 902.5, '2015-02-07 08:03:16', 1, 1, 9, 17, 0, 1, 0, 1, 0, 0, '2015-02-07 08:03:16', '0000-00-00 00:00:00', '0000-00-00 00:00:00'),
(23, '54d5b8b4-2af4-4a56-82db-0c58c0a80065', 7, 8, 900, '2015-02-07 08:03:16', 1, 1, 1, 17, 0, 1, 0, 1, 0, 0, '2015-02-07 08:03:16', '0000-00-00 00:00:00', '0000-00-00 00:00:00'),
(24, '54d5b8b4-a570-4867-b539-0c58c0a80065', 7, 8, -900, '2015-02-07 08:03:16', 1, 1, 5, 17, 0, 1, 0, 1, 1, 0, '2015-02-07 08:03:16', '2015-02-07 08:03:16', '0000-00-00 00:00:00'),
(25, '54d5b8b5-64dc-4ec7-ac8e-0c58c0a80065', 7, 8, 950, '2015-02-07 08:03:17', 1, 1, 8, 17, 2, 1, 0, 1, 0, 0, '2015-02-07 08:03:17', '0000-00-00 00:00:00', '0000-00-00 00:00:00'),
(26, '54d5d333-d0a0-4c63-86ec-0c58c0a80065', 8, 8, 812.25, '2015-02-07 09:56:19', 1, 1, 9, 17, 0, 1, 0, 1, 0, 0, '2015-02-07 09:56:19', '0000-00-00 00:00:00', '0000-00-00 00:00:00'),
(27, '54d5d334-f0e4-49b9-b9ef-0c58c0a80065', 8, 8, 800, '2015-02-07 09:56:19', 1, 1, 1, 17, 0, 1, 0, 1, 0, 0, '2015-02-07 09:56:20', '0000-00-00 00:00:00', '0000-00-00 00:00:00'),
(28, '54d5d334-fd84-48d1-b0b3-0c58c0a80065', 8, 8, -800, '2015-02-07 09:56:20', 1, 1, 5, 17, 0, 1, 0, 1, 1, 0, '2015-02-07 09:56:20', '2015-02-07 09:56:20', '0000-00-00 00:00:00'),
(29, '54d5d334-1cc0-46db-8839-0c58c0a80065', 8, 8, 855, '2015-02-07 09:56:20', 1, 1, 8, 17, 2, 1, 0, 1, 0, 0, '2015-02-07 09:56:20', '0000-00-00 00:00:00', '0000-00-00 00:00:00'),
(30, '54d84a71-2e9c-4006-b8e6-0f28c0a80069', 9, 8, 475, '2015-02-09 06:49:37', 1, 1, 9, 17, 0, 1, 0, 1, 0, 0, '2015-02-09 06:49:37', '0000-00-00 00:00:00', '0000-00-00 00:00:00'),
(31, '54d84bff-eeb8-485a-ba22-0f28c0a80069', 10, 8, 475, '2015-02-09 06:56:14', 1, 1, 9, 17, 0, 1, 0, 1, 0, 0, '2015-02-09 06:56:15', '0000-00-00 00:00:00', '0000-00-00 00:00:00'),
(32, '54d84d9f-a6b0-41e4-b4fe-0f28c0a80069', 11, 8, 500, '2015-02-09 07:03:10', 1, 1, 9, 17, 0, 1, 0, 1, 0, 0, '2015-02-09 07:03:11', '0000-00-00 00:00:00', '0000-00-00 00:00:00'),
(33, '54d84e36-d330-4f93-9a47-0f28c0a80069', 12, 8, 500, '2015-02-09 07:05:42', 1, 1, 9, 17, 0, 1, 0, 1, 0, 0, '2015-02-09 07:05:42', '0000-00-00 00:00:00', '0000-00-00 00:00:00'),
(34, '54d84ea1-aa20-4401-950a-0f28c0a80069', 13, 8, -500, '2015-02-09 07:07:28', 1, 1, 9, 17, 0, 1, 0, 1, 0, 0, '2015-02-09 07:07:29', '0000-00-00 00:00:00', '0000-00-00 00:00:00'),
(35, '54d84ea2-d0a4-44c1-9376-0f28c0a80069', 13, 8, 400, '2015-02-09 07:07:28', 1, 1, 2, 17, 0, 1, 0, 1, 0, 0, '2015-02-09 07:07:30', '0000-00-00 00:00:00', '0000-00-00 00:00:00'),
(36, '54d84ea3-0c48-4aef-9a5d-0f28c0a80069', 13, 8, -400, '2015-02-09 07:07:31', 1, 1, 5, 17, 0, 1, 0, 1, 1, 0, '2015-02-09 07:07:31', '2015-02-09 07:07:31', '0000-00-00 00:00:00'),
(37, '54d84ea4-7b58-4b77-bf39-0f28c0a80069', 13, 8, 500, '2015-02-09 07:07:31', 1, 1, 8, 17, 2, 1, 0, 1, 0, 0, '2015-02-09 07:07:32', '0000-00-00 00:00:00', '0000-00-00 00:00:00'),
(38, '54d88711-9dc0-4e0a-8381-0f28c0a80069', 14, 8, -980.1, '2015-02-09 11:08:16', 1, 1, 9, 19, 0, 1, 0, 1, 0, 0, '2015-02-09 11:08:17', '0000-00-00 00:00:00', '0000-00-00 00:00:00'),
(39, '54d88711-cae0-4b05-85c6-0f28c0a80069', 14, 8, 900, '2015-02-09 11:08:16', 1, 1, 2, 19, 0, 1, 0, 1, 0, 0, '2015-02-09 11:08:17', '0000-00-00 00:00:00', '0000-00-00 00:00:00'),
(40, '54d88712-5cf4-4b41-bcfa-0f28c0a80069', 14, 8, -900, '2015-02-09 11:08:18', 1, 1, 5, 19, 0, 1, 0, 1, 1, 0, '2015-02-09 11:08:18', '2015-02-09 11:08:18', '0000-00-00 00:00:00'),
(41, '54d88713-b618-466d-9f21-0f28c0a80069', 14, 8, 990, '2015-02-09 11:08:18', 1, 1, 8, 19, 2, 1, 0, 1, 0, 0, '2015-02-09 11:08:19', '0000-00-00 00:00:00', '0000-00-00 00:00:00'),
(42, '54d88e15-b6c0-4e47-9f16-0f28f4f1b0b9', 15, 7, 989.01, '2015-02-09 03:02:47', 1, 1, 6, 16, 0, 1, 0, 1, 1, 0, '2015-02-09 11:38:13', '2015-02-09 11:38:13', '0000-00-00 00:00:00'),
(43, '54d8918c-5cbc-4e5f-9b5e-0f28c0a80069', 16, 8, -235.125, '2015-02-09 11:53:00', 1, 1, 9, 18, 0, 1, 0, 1, 0, 0, '2015-02-09 11:53:00', '0000-00-00 00:00:00', '0000-00-00 00:00:00'),
(44, '54d8918d-a798-4a5b-b0fe-0f28c0a80069', 16, 8, 200, '2015-02-09 11:53:00', 1, 1, 2, 18, 0, 1, 0, 1, 0, 0, '2015-02-09 11:53:01', '0000-00-00 00:00:00', '0000-00-00 00:00:00'),
(45, '54d8918d-1004-479b-808b-0f28c0a80069', 16, 8, -200, '2015-02-09 11:53:01', 1, 1, 5, 18, 0, 1, 0, 1, 1, 0, '2015-02-09 11:53:01', '2015-02-09 11:53:01', '0000-00-00 00:00:00'),
(46, '54d8918d-7300-4bfb-91bc-0f28c0a80069', 16, 8, 237.5, '2015-02-09 11:53:01', 1, 1, 8, 18, 2, 1, 0, 1, 0, 0, '2015-02-09 11:53:01', '0000-00-00 00:00:00', '0000-00-00 00:00:00'),
(47, '54d9914d-9e18-4f4c-b469-0950c0a80067', 17, 8, -950, '2015-02-10 06:04:12', 1, 1, 9, 18, 0, 1, 0, 1, 0, 0, '2015-02-10 06:04:13', '0000-00-00 00:00:00', '0000-00-00 00:00:00'),
(48, '54d9914d-8698-43cc-97ef-0950c0a80067', 17, 8, 900, '2015-02-10 06:04:12', 1, 1, 2, 18, 0, 1, 0, 1, 0, 0, '2015-02-10 06:04:13', '0000-00-00 00:00:00', '0000-00-00 00:00:00'),
(49, '54d9914d-5c7c-42cc-9b73-0950c0a80067', 17, 8, -900, '2015-02-10 06:04:13', 1, 1, 5, 18, 0, 1, 0, 1, 1, 0, '2015-02-10 06:04:13', '2015-02-10 06:04:13', '0000-00-00 00:00:00'),
(50, '54d9914d-0258-411f-8f9c-0950c0a80067', 17, 8, 950, '2015-02-10 06:04:13', 1, 1, 8, 18, 2, 1, 0, 1, 0, 0, '2015-02-10 06:04:13', '0000-00-00 00:00:00', '0000-00-00 00:00:00'),
(51, '54d99856-4b40-4d9d-8ddb-0950f4f1b0b9', 18, 8, -54000, '2015-02-10 06:34:14', 1, 1, 9, 18, 0, 1, 0, 1, 0, 0, '2015-02-10 06:34:14', '0000-00-00 00:00:00', '0000-00-00 00:00:00'),
(52, '54d99856-f0b8-43c5-a0b7-0950f4f1b0b9', 18, 8, 54000, '2015-02-10 06:34:14', 1, 1, 2, 18, 0, 1, 0, 1, 0, 0, '2015-02-10 06:34:14', '0000-00-00 00:00:00', '0000-00-00 00:00:00'),
(53, '54d99857-6c64-4f23-8534-0950f4f1b0b9', 18, 8, -54000, '2015-02-10 06:34:15', 1, 1, 5, 18, 0, 1, 0, 1, 1, 0, '2015-02-10 06:34:15', '2015-02-10 06:34:15', '0000-00-00 00:00:00'),
(54, '54d99857-91f0-4bad-817a-0950f4f1b0b9', 18, 8, 54000, '2015-02-10 06:34:15', 1, 1, 8, 18, 2, 1, 0, 1, 0, 0, '2015-02-10 06:34:15', '0000-00-00 00:00:00', '0000-00-00 00:00:00'),
(55, '54d9ae0d-cd78-46e2-ad45-0950c0a80067', 19, 8, -490, '2015-02-10 08:06:53', 1, 1, 9, 19, 0, 1, 0, 1, 0, 0, '2015-02-10 08:06:53', '0000-00-00 00:00:00', '0000-00-00 00:00:00'),
(56, '54d9ae0e-cb34-466d-976c-0950c0a80067', 19, 8, 400, '2015-02-10 08:06:53', 1, 1, 1, 19, 0, 1, 0, 1, 0, 0, '2015-02-10 08:06:54', '0000-00-00 00:00:00', '0000-00-00 00:00:00'),
(57, '54d9ae0f-354c-4557-a813-0950c0a80067', 19, 8, -400, '2015-02-10 08:06:55', 1, 1, 5, 19, 0, 1, 0, 1, 1, 0, '2015-02-10 08:06:55', '2015-02-10 08:06:55', '0000-00-00 00:00:00'),
(58, '54d9ae0f-0624-4a44-8429-0950c0a80067', 19, 8, 490, '2015-02-10 08:06:55', 1, 1, 8, 19, 2, 1, 0, 1, 0, 0, '2015-02-10 08:06:55', '0000-00-00 00:00:00', '0000-00-00 00:00:00'),
(59, '54db38cc-df6c-4809-b59f-0a2cc0a80069', 22, 2, 10000, '2015-02-11 05:02:20', 1, 1, 1, 0, 0, 1, 0, 1, 0, 0, '2015-02-11 12:11:08', '0000-00-00 00:00:00', '0000-00-00 00:00:00'),
(60, '54db38cc-3564-467b-ac7b-0a2cc0a80069', 22, 2, -10000, '2015-02-11 05:02:20', 1, 1, 5, 0, 0, 1, 0, 1, 0, 0, '2015-02-11 12:11:08', '0000-00-00 00:00:00', '0000-00-00 00:00:00'),
(61, '54db42f0-0da8-4f4b-aa7f-0a2cc0a80069', 20, 8, -400, '2015-02-11 12:54:24', 1, 1, 9, 18, 0, 1, 0, 1, 0, 0, '2015-02-11 12:54:24', '0000-00-00 00:00:00', '0000-00-00 00:00:00'),
(62, '54db42f0-0838-4a4e-9341-0a2cc0a80069', 20, 8, 400, '2015-02-11 12:54:24', 1, 1, 2, 18, 0, 1, 0, 1, 0, 0, '2015-02-11 12:54:24', '0000-00-00 00:00:00', '0000-00-00 00:00:00'),
(63, '54db42f0-3334-4de0-abd7-0a2cc0a80069', 20, 8, -400, '2015-02-11 12:54:24', 1, 1, 5, 18, 0, 1, 0, 1, 1, 0, '2015-02-11 12:54:24', '2015-02-11 12:54:24', '0000-00-00 00:00:00'),
(64, '54db42f0-a1f0-4478-904e-0a2cc0a80069', 20, 8, 100, '2015-02-11 12:54:24', 1, 1, 8, 18, 2, 1, 0, 1, 0, 0, '2015-02-11 12:54:24', '0000-00-00 00:00:00', '0000-00-00 00:00:00'),
(65, '54e02eba-1a08-4c8a-81ac-08bcc0a80067', 21, 8, -1188, '2015-02-15 06:29:30', 1, 1, 9, 17, 0, 1, 0, 1, 0, 0, '2015-02-15 06:29:30', '0000-00-00 00:00:00', '0000-00-00 00:00:00'),
(66, '54e02ebb-fc3c-4442-ace2-08bcc0a80067', 21, 8, 1188, '2015-02-15 06:29:30', 1, 1, 1, 17, 0, 1, 0, 1, 0, 0, '2015-02-15 06:29:31', '0000-00-00 00:00:00', '0000-00-00 00:00:00'),
(67, '54e02ebb-6130-48e6-96b7-08bcc0a80067', 21, 8, -1188, '2015-02-15 06:29:31', 1, 1, 5, 17, 0, 1, 0, 1, 1, 0, '2015-02-15 06:29:31', '2015-02-15 06:29:31', '0000-00-00 00:00:00'),
(68, '54e02ebb-dbd4-4b95-a2bd-08bcc0a80067', 21, 8, 1188, '2015-02-15 06:29:31', 1, 1, 8, 17, 2, 1, 0, 1, 0, 0, '2015-02-15 06:29:31', '0000-00-00 00:00:00', '0000-00-00 00:00:00'),
(69, '54e03a0f-c4d0-486f-b778-08bcc0a80067', 22, 8, -2560, '2015-02-15 07:17:51', 1, 1, 9, 18, 0, 1, 0, 1, 0, 0, '2015-02-15 07:17:51', '0000-00-00 00:00:00', '0000-00-00 00:00:00'),
(70, '54e03a10-2e44-49a2-bf6a-08bcc0a80067', 22, 8, 2260, '2015-02-15 07:17:51', 1, 1, 2, 18, 0, 1, 0, 1, 0, 0, '2015-02-15 07:17:52', '0000-00-00 00:00:00', '0000-00-00 00:00:00'),
(71, '54e03a10-2a90-4648-b69e-08bcc0a80067', 22, 8, -2260, '2015-02-15 07:17:52', 1, 1, 5, 18, 0, 1, 0, 1, 1, 0, '2015-02-15 07:17:52', '2015-02-15 07:17:52', '0000-00-00 00:00:00'),
(72, '54e03a10-bbd8-4591-957f-08bcc0a80067', 22, 8, 2560, '2015-02-15 07:17:52', 1, 1, 8, 18, 2, 1, 0, 1, 0, 0, '2015-02-15 07:17:52', '0000-00-00 00:00:00', '0000-00-00 00:00:00'),
(73, '54e19034-2aec-421b-aad0-0cfcf4f1b0b9', 71, 2, 100000, '2015-02-16 12:02:53', 1, 1, 1, 0, 0, 1, 0, 1, 0, 0, '2015-02-16 07:37:40', '0000-00-00 00:00:00', '0000-00-00 00:00:00'),
(74, '54e19035-dd54-4555-944d-0cfcf4f1b0b9', 71, 2, -100000, '2015-02-16 12:02:53', 1, 1, 5, 0, 0, 1, 0, 1, 0, 0, '2015-02-16 07:37:41', '0000-00-00 00:00:00', '0000-00-00 00:00:00'),
(75, '54e1c0a9-12e4-4e92-8c60-0cfcf4f1b0b9', 14, 5, 200000, '2015-02-16 03:02:58', 1, 1, 2, 16, 0, 1, 0, 1, 1, 0, '2015-02-16 11:04:25', '2015-02-16 11:48:43', '0000-00-00 00:00:00'),
(76, '54e1c0aa-b964-438a-b026-0cfcf4f1b0b9', 14, 5, -200000, '2015-02-16 03:02:58', 1, 1, 3, 16, 0, 1, 0, 1, 1, 0, '2015-02-16 11:04:26', '2015-02-16 11:48:43', '0000-00-00 00:00:00'),
(77, '54e31d0a-19a0-4e77-b517-0e60f4f1b0b9', 23, 7, 0, '2015-02-17 04:02:17', 1, 1, 6, 16, 0, 1, 0, 1, 1, 0, '2015-02-17 11:50:50', '2015-02-17 11:50:51', '0000-00-00 00:00:00'),
(78, '54e31d0b-67e4-4172-b648-0e60f4f1b0b9', 23, 7, 0, '2015-02-17 04:02:17', 1, 1, 2, 16, 0, 1, 0, 1, 0, 0, '2015-02-17 11:50:51', '0000-00-00 00:00:00', '0000-00-00 00:00:00'),
(79, '54e31d0b-2504-42c6-b1fb-0e60f4f1b0b9', 23, 7, 25000, '2015-02-17 04:02:33', 1, 1, 8, 16, 1, 1, 0, 1, 0, 0, '2015-02-17 11:50:51', '0000-00-00 00:00:00', '0000-00-00 00:00:00'),
(80, '54e31ddb-7b20-4496-9fc1-0e60f4f1b0b9', 24, 7, 0, '2015-02-17 04:02:33', 1, 1, 6, 24, 0, 1, 0, 1, 1, 0, '2015-02-17 11:54:19', '2015-02-17 11:54:19', '0000-00-00 00:00:00'),
(81, '54e31ddc-a114-4df0-833f-0e60f4f1b0b9', 24, 7, 0, '2015-02-17 04:02:33', 1, 1, 2, 24, 0, 1, 0, 1, 0, 0, '2015-02-17 11:54:20', '0000-00-00 00:00:00', '0000-00-00 00:00:00'),
(82, '54e31ddc-849c-45fd-b666-0e60f4f1b0b9', 24, 7, 5000, '2015-02-03 04:02:08', 1, 1, 8, 24, 1, 1, 0, 1, 0, 0, '2015-02-17 11:54:20', '0000-00-00 00:00:00', '0000-00-00 00:00:00'),
(83, '54e47d1e-ab38-40e7-8837-016cc0a80068', 25, 8, -6000, '2015-02-18 12:53:02', 1, 1, 9, 17, 0, 1, 0, 1, 0, 0, '2015-02-18 12:53:02', '0000-00-00 00:00:00', '0000-00-00 00:00:00'),
(84, '54e47d1e-d838-4dab-806c-016cc0a80068', 25, 8, 6000, '2015-02-18 12:53:02', 1, 1, 2, 17, 0, 1, 0, 1, 0, 0, '2015-02-18 12:53:02', '0000-00-00 00:00:00', '0000-00-00 00:00:00'),
(85, '54e47d1e-3edc-467e-a7bd-016cc0a80068', 25, 8, -6000, '2015-02-18 12:53:02', 1, 1, 5, 17, 0, 1, 0, 1, 1, 0, '2015-02-18 12:53:02', '2015-02-18 12:53:02', '0000-00-00 00:00:00'),
(86, '54e47d1f-489c-47eb-8cdf-016cc0a80068', 25, 8, 6000, '2015-02-18 12:53:02', 1, 1, 8, 17, 2, 1, 0, 1, 0, 0, '2015-02-18 12:53:03', '0000-00-00 00:00:00', '0000-00-00 00:00:00'),
(87, '54e47d7f-dbfc-41a2-aed5-016cc0a80068', 26, 8, -4000, '2015-02-18 12:54:39', 1, 1, 9, 17, 0, 1, 0, 1, 0, 0, '2015-02-18 12:54:39', '0000-00-00 00:00:00', '0000-00-00 00:00:00'),
(88, '54e47d7f-847c-4d4f-877c-016cc0a80068', 26, 8, 2000, '2015-02-18 12:54:39', 1, 1, 2, 17, 0, 1, 0, 1, 0, 0, '2015-02-18 12:54:39', '0000-00-00 00:00:00', '0000-00-00 00:00:00'),
(89, '54e47d7f-2460-4258-9ae4-016cc0a80068', 26, 8, -2000, '2015-02-18 12:54:39', 1, 1, 5, 17, 0, 1, 0, 1, 1, 0, '2015-02-18 12:54:39', '2015-02-18 12:54:39', '0000-00-00 00:00:00'),
(90, '54e47d7f-1820-45e0-9622-016cc0a80068', 26, 8, 4000, '2015-02-18 12:54:39', 1, 1, 8, 17, 2, 1, 0, 1, 0, 0, '2015-02-18 12:54:39', '0000-00-00 00:00:00', '0000-00-00 00:00:00'),
(91, '54e9b943-3e04-4b2a-bbd2-0d74f4f1b0b9', 72, 2, 100000, '2014-02-01 05:02:17', 1, 1, 1, 16, 0, 1, 0, 1, 0, 0, '2015-02-22 12:10:59', '0000-00-00 00:00:00', '0000-00-00 00:00:00'),
(92, '54e9b943-d16c-47ea-a8a5-0d74f4f1b0b9', 72, 2, -100000, '2014-02-01 05:02:17', 1, 1, 3, 16, 0, 1, 0, 1, 0, 0, '2015-02-22 12:10:59', '0000-00-00 00:00:00', '0000-00-00 00:00:00'),
(93, '54ead90c-c218-4753-ac70-0f24f4f1b0b9', 27, 7, 5000, '2015-02-23 01:02:48', 1, 1, 6, 24, 0, 1, 0, 1, 1, 0, '2015-02-23 08:38:52', '2015-02-23 08:38:53', '0000-00-00 00:00:00'),
(94, '54ead90d-ae40-43b3-a4d2-0f24f4f1b0b9', 27, 7, 5000, '2015-02-23 01:02:48', 1, 1, 1, 24, 0, 1, 0, 1, 0, 0, '2015-02-23 08:38:53', '0000-00-00 00:00:00', '0000-00-00 00:00:00'),
(95, '54ead90d-541c-4c9d-a9ad-0f24f4f1b0b9', 27, 7, 5000, '2014-12-01 00:00:00', 1, 1, 8, 24, 1, 1, 0, 1, 0, 0, '2015-02-23 08:38:53', '0000-00-00 00:00:00', '0000-00-00 00:00:00'),
(96, '54eadd6e-44c4-4a27-b956-0f24f4f1b0b9', 28, 7, 2500, '2015-02-23 01:02:31', 1, 1, 6, 24, 0, 1, 0, 1, 1, 0, '2015-02-23 08:57:34', '2015-02-23 08:57:35', '0000-00-00 00:00:00'),
(97, '54eadd6f-4100-4f53-8fa5-0f24f4f1b0b9', 28, 7, 2500, '2015-02-23 01:02:31', 1, 1, 2, 24, 0, 1, 0, 1, 0, 0, '2015-02-23 08:57:35', '0000-00-00 00:00:00', '0000-00-00 00:00:00'),
(98, '54eadd6f-4e04-4b75-81e6-0f24f4f1b0b9', 28, 7, 2500, '2014-12-01 00:00:00', 1, 1, 8, 24, 1, 1, 0, 1, 0, 0, '2015-02-23 08:57:35', '0000-00-00 00:00:00', '0000-00-00 00:00:00'),
(99, '54eade0c-ce54-4d18-8aa9-0f24f4f1b0b9', 29, 7, 0, '2015-02-23 01:02:34', 1, 1, 6, 24, 0, 1, 0, 1, 1, 0, '2015-02-23 09:00:12', '2015-02-23 09:00:13', '0000-00-00 00:00:00'),
(100, '54eade0d-5274-4e8c-b87c-0f24f4f1b0b9', 29, 7, 0, '2015-02-23 01:02:34', 1, 1, 2, 24, 0, 1, 0, 1, 0, 0, '2015-02-23 09:00:13', '0000-00-00 00:00:00', '0000-00-00 00:00:00'),
(101, '54eade0d-f19c-4ae1-aee4-0f24f4f1b0b9', 29, 7, 25000, '2014-12-01 00:00:00', 1, 1, 8, 24, 1, 1, 0, 1, 0, 0, '2015-02-23 09:00:13', '0000-00-00 00:00:00', '0000-00-00 00:00:00'),
(102, '54eadead-89bc-44f6-9d9a-0f24f4f1b0b9', 30, 7, 0, '2015-02-23 01:02:34', 1, 1, 6, 24, 0, 1, 0, 1, 1, 0, '2015-02-23 09:02:53', '2015-02-23 09:02:55', '0000-00-00 00:00:00'),
(103, '54eadeaf-2990-46a5-9f7f-0f24f4f1b0b9', 30, 7, 0, '2015-02-23 01:02:34', 1, 1, 2, 24, 0, 1, 0, 1, 0, 0, '2015-02-23 09:02:55', '0000-00-00 00:00:00', '0000-00-00 00:00:00'),
(104, '54eadeb0-a958-49f5-9b05-0f24f4f1b0b9', 30, 7, 25000, '2014-12-01 00:00:00', 1, 1, 8, 24, 1, 1, 0, 1, 0, 0, '2015-02-23 09:02:56', '0000-00-00 00:00:00', '0000-00-00 00:00:00'),
(105, '54eadf02-86b0-4876-9541-0f24f4f1b0b9', 31, 7, 0, '2015-02-23 01:02:34', 1, 1, 6, 24, 0, 1, 0, 1, 1, 0, '2015-02-23 09:04:18', '2015-02-23 09:04:18', '0000-00-00 00:00:00'),
(106, '54eadf02-e43c-4fbd-99d6-0f24f4f1b0b9', 31, 7, 0, '2015-02-23 01:02:34', 1, 1, 2, 24, 0, 1, 0, 1, 0, 0, '2015-02-23 09:04:18', '0000-00-00 00:00:00', '0000-00-00 00:00:00'),
(107, '54eadf03-2e38-41da-9639-0f24f4f1b0b9', 31, 7, 25000, '2014-12-01 00:00:00', 1, 1, 8, 24, 1, 1, 0, 1, 0, 0, '2015-02-23 09:04:19', '0000-00-00 00:00:00', '0000-00-00 00:00:00'),
(108, '54eadf18-9d78-4c2b-9994-0f24f4f1b0b9', 32, 7, 0, '2015-02-23 01:02:34', 1, 1, 6, 24, 0, 1, 0, 1, 1, 0, '2015-02-23 09:04:40', '2015-02-23 09:04:40', '0000-00-00 00:00:00'),
(109, '54eadf19-6cfc-4ee3-bd3b-0f24f4f1b0b9', 32, 7, 0, '2015-02-23 01:02:34', 1, 1, 2, 24, 0, 1, 0, 1, 0, 0, '2015-02-23 09:04:41', '0000-00-00 00:00:00', '0000-00-00 00:00:00'),
(110, '54eadf19-ddb0-485d-bcf4-0f24f4f1b0b9', 32, 7, 25000, '2014-12-01 00:00:00', 1, 1, 8, 24, 1, 1, 0, 1, 0, 0, '2015-02-23 09:04:41', '0000-00-00 00:00:00', '0000-00-00 00:00:00'),
(111, '54eadf53-facc-463f-9f63-0f24f4f1b0b9', 33, 7, 0, '2015-02-23 01:02:34', 1, 1, 6, 24, 0, 1, 0, 1, 1, 0, '2015-02-23 09:05:39', '2015-02-23 09:05:39', '0000-00-00 00:00:00'),
(112, '54eadf53-4cd4-43db-97ad-0f24f4f1b0b9', 33, 7, 0, '2015-02-23 01:02:34', 1, 1, 2, 24, 0, 1, 0, 1, 0, 0, '2015-02-23 09:05:39', '0000-00-00 00:00:00', '0000-00-00 00:00:00'),
(113, '54eadf54-96d0-4ab7-ac90-0f24f4f1b0b9', 33, 7, 25000, '2014-12-01 00:00:00', 1, 1, 8, 24, 1, 1, 0, 1, 0, 0, '2015-02-23 09:05:40', '0000-00-00 00:00:00', '0000-00-00 00:00:00'),
(114, '54eafb35-2464-4e16-a016-0f24f4f1b0b9', 74, 2, 15000, '2015-02-23 04:02:42', 3, 5, 1, 24, 0, 1, 0, 3, 0, 0, '2015-02-23 11:04:37', '0000-00-00 00:00:00', '0000-00-00 00:00:00'),
(115, '54eafb36-ef90-4628-bf11-0f24f4f1b0b9', 74, 2, -15000, '2015-02-23 04:02:42', 3, 5, 3, 24, 0, 1, 0, 3, 0, 0, '2015-02-23 11:04:38', '0000-00-00 00:00:00', '0000-00-00 00:00:00'),
(116, '54eafb86-a5c0-41ca-a7ce-0f24f4f1b0b9', 75, 2, 20000, '2015-02-23 04:02:23', 3, 5, 1, 3, 0, 1, 0, 3, 0, 0, '2015-02-23 11:05:58', '0000-00-00 00:00:00', '0000-00-00 00:00:00'),
(117, '54eafb86-2c24-4c77-b3f9-0f24f4f1b0b9', 75, 2, -20000, '2015-02-23 04:02:23', 3, 5, 5, 3, 0, 1, 0, 3, 0, 0, '2015-02-23 11:05:58', '0000-00-00 00:00:00', '0000-00-00 00:00:00'),
(118, '54eb0e63-6ba8-4e61-83a9-0f24f4f1b0b9', 24, 3, -5000, '2015-02-23 05:02:37', 1, 1, 1, 13, 0, 1, 0, 1, 0, 0, '2015-02-23 12:26:27', '0000-00-00 00:00:00', '0000-00-00 00:00:00'),
(119, '54eb0e63-8ae4-4ca6-b32f-0f24f4f1b0b9', 24, 3, 5000, '2015-02-23 05:02:37', 1, 1, 5, 13, 0, 1, 0, 1, 0, 0, '2015-02-23 12:26:27', '0000-00-00 00:00:00', '0000-00-00 00:00:00'),
(120, '54ed69c7-0d58-4a16-bb03-0afcf4f1b0b9', 25, 4, -100000, '2015-02-25 12:02:46', 1, 1, 2, 24, 0, 1, 0, 1, 0, 0, '2015-02-25 07:20:55', '0000-00-00 00:00:00', '0000-00-00 00:00:00'),
(121, '54ed69c7-7c78-4135-b993-0afcf4f1b0b9', 25, 4, 100000, '2015-02-25 12:02:46', 1, 1, 3, 24, 0, 1, 0, 1, 0, 0, '2015-02-25 07:20:55', '0000-00-00 00:00:00', '0000-00-00 00:00:00'),
(122, '54ed6a74-992c-42c9-b2ab-0afcf4f1b0b9', 26, 5, 10000, '2015-02-25 12:02:28', 1, 1, 2, 24, 0, 1, 0, 1, 0, 0, '2015-02-25 07:23:48', '0000-00-00 00:00:00', '0000-00-00 00:00:00'),
(123, '54ed6a74-31c8-4bda-afc9-0afcf4f1b0b9', 26, 5, -10000, '2015-02-25 12:02:28', 1, 1, 3, 24, 0, 1, 0, 1, 0, 0, '2015-02-25 07:23:48', '0000-00-00 00:00:00', '0000-00-00 00:00:00'),
(124, '54ed946a-56c0-45f3-8cea-0564f4f1b0b9', 34, 8, -25000000, '2015-02-25 10:22:49', 1, 1, 9, 18, 0, 1, 0, 1, 0, 0, '2015-02-25 10:22:50', '0000-00-00 00:00:00', '0000-00-00 00:00:00'),
(125, '54ed946a-024c-4363-a29c-0564f4f1b0b9', 34, 8, 0, '2015-02-25 10:22:49', 1, 1, 2, 18, 0, 1, 0, 1, 0, 0, '2015-02-25 10:22:50', '0000-00-00 00:00:00', '0000-00-00 00:00:00'),
(126, '54ed946b-6494-44e2-8b15-0564f4f1b0b9', 34, 8, 25000000, '2015-02-25 10:22:50', 1, 1, 5, 18, 0, 1, 0, 1, 1, 0, '2015-02-25 10:22:51', '2015-02-25 10:22:51', '0000-00-00 00:00:00'),
(127, '54ed946b-8d5c-4c9d-90f7-0564f4f1b0b9', 34, 8, 25000000, '2015-02-25 10:22:51', 1, 1, 8, 18, 11, 1, 0, 1, 0, 0, '2015-02-25 10:22:51', '0000-00-00 00:00:00', '0000-00-00 00:00:00'),
(128, '54ed9934-7e5c-4eb7-aaa7-0564f4f1b0b9', 35, 7, 0, '2015-02-25 03:02:39', 1, 1, 6, 24, 0, 1, 0, 1, 1, 0, '2015-02-25 10:43:16', '2015-02-25 10:43:16', '0000-00-00 00:00:00'),
(129, '54ed9934-c360-453c-9e07-0564f4f1b0b9', 35, 7, 0, '2015-02-25 03:02:39', 1, 1, 2, 24, 0, 1, 0, 1, 0, 0, '2015-02-25 10:43:16', '0000-00-00 00:00:00', '0000-00-00 00:00:00'),
(130, '54ed9934-0720-44ee-9fc1-0564f4f1b0b9', 35, 7, 304237.28813559, '0000-00-00 00:00:00', 1, 1, 8, 24, 1, 1, 0, 1, 0, 0, '2015-02-25 10:43:16', '0000-00-00 00:00:00', '0000-00-00 00:00:00'),
(131, '54ed99dd-fe40-45fa-9c8b-0564f4f1b0b9', 36, 8, -500000, '2015-02-25 10:46:04', 1, 1, 9, 17, 0, 1, 0, 1, 0, 0, '2015-02-25 10:46:05', '0000-00-00 00:00:00', '0000-00-00 00:00:00'),
(132, '54ed99dd-bb60-4f0b-9386-0564f4f1b0b9', 36, 8, 250000, '2015-02-25 10:46:04', 1, 1, 2, 17, 0, 1, 0, 1, 0, 0, '2015-02-25 10:46:05', '0000-00-00 00:00:00', '0000-00-00 00:00:00'),
(133, '54ed99dd-dad8-4265-8e16-0564f4f1b0b9', 36, 8, 500000, '2015-02-25 10:46:05', 1, 1, 5, 17, 0, 1, 0, 1, 0, 0, '2015-02-25 10:46:05', '0000-00-00 00:00:00', '0000-00-00 00:00:00'),
(134, '54ed9a24-7064-47e7-8321-0564f4f1b0b9', 37, 8, -500000, '2015-02-25 10:47:16', 1, 1, 9, 17, 0, 1, 0, 1, 0, 0, '2015-02-25 10:47:16', '0000-00-00 00:00:00', '0000-00-00 00:00:00'),
(135, '54ed9a24-71e4-4ab2-9e36-0564f4f1b0b9', 37, 8, 250000, '2015-02-25 10:47:16', 1, 1, 2, 17, 0, 1, 0, 1, 0, 0, '2015-02-25 10:47:16', '0000-00-00 00:00:00', '0000-00-00 00:00:00'),
(136, '54ed9a24-4450-424b-abf5-0564f4f1b0b9', 37, 8, -250000, '2015-02-25 10:47:16', 1, 1, 5, 17, 0, 1, 0, 1, 1, 0, '2015-02-25 10:47:16', '2015-02-25 10:47:17', '0000-00-00 00:00:00'),
(137, '54ed9a25-0c68-4685-91ca-0564f4f1b0b9', 37, 8, 500000, '2015-02-25 10:47:17', 1, 1, 8, 17, 9, 1, 0, 1, 0, 0, '2015-02-25 10:47:17', '0000-00-00 00:00:00', '0000-00-00 00:00:00'),
(138, '54ed9ad4-c3e8-4268-bdff-0564f4f1b0b9', 38, 8, -2500000, '2015-02-25 10:50:12', 1, 1, 9, 18, 0, 1, 0, 1, 0, 0, '2015-02-25 10:50:12', '0000-00-00 00:00:00', '0000-00-00 00:00:00'),
(139, '54ed9ad5-a188-4ad0-9ea7-0564f4f1b0b9', 38, 8, 0, '2015-02-25 10:50:12', 1, 1, 2, 18, 0, 1, 0, 1, 0, 0, '2015-02-25 10:50:13', '0000-00-00 00:00:00', '0000-00-00 00:00:00'),
(140, '54ed9ad5-f820-44c4-b3b1-0564f4f1b0b9', 38, 8, 0, '2015-02-25 10:50:13', 1, 1, 5, 18, 0, 1, 0, 1, 1, 0, '2015-02-25 10:50:13', '2015-02-25 10:50:13', '0000-00-00 00:00:00'),
(141, '54ed9ad5-d4b8-4b3a-86da-0564f4f1b0b9', 38, 8, 2500000, '2015-02-25 10:50:13', 1, 1, 8, 18, 10, 1, 0, 1, 0, 0, '2015-02-25 10:50:13', '0000-00-00 00:00:00', '0000-00-00 00:00:00'),
(142, '54f03e7d-4214-43d4-a9c1-0564f4f1b0b9', 39, 7, 0, '2015-02-27 03:02:00', 1, 1, 6, 16, 0, 1, 0, 1, 1, 0, '2015-02-27 10:53:01', '2015-02-27 10:53:01', '0000-00-00 00:00:00'),
(143, '54f03e7d-65e4-4b78-b1f5-0564f4f1b0b9', 39, 7, 0, '2015-02-27 03:02:00', 1, 1, 2, 16, 0, 1, 0, 1, 0, 0, '2015-02-27 10:53:01', '0000-00-00 00:00:00', '0000-00-00 00:00:00'),
(144, '54f03e7d-90e0-425b-96b3-0564f4f1b0b9', 39, 7, 30423.728813559, '0000-00-00 00:00:00', 1, 1, 8, 16, 1, 1, 0, 1, 0, 0, '2015-02-27 10:53:01', '0000-00-00 00:00:00', '0000-00-00 00:00:00'),
(145, '54f03f9d-37a8-4808-9312-0564f4f1b0b9', 40, 7, 30423.728813559, '2015-02-27 03:02:55', 1, 1, 6, 16, 0, 1, 0, 1, 0, 0, '2015-02-27 10:57:49', '0000-00-00 00:00:00', '0000-00-00 00:00:00'),
(146, '54f03f9d-9c9c-49e7-b9dc-0564f4f1b0b9', 40, 7, 0, '2015-02-27 03:02:55', 1, 1, 3, 16, 0, 1, 0, 1, 1, 0, '2015-02-27 10:57:49', '2015-02-27 10:57:49', '0000-00-00 00:00:00'),
(147, '54f03f9e-f39c-442a-8231-0564f4f1b0b9', 40, 7, 0, '2015-02-27 03:02:55', 1, 1, 2, 16, 0, 1, 0, 1, 0, 0, '2015-02-27 10:57:50', '0000-00-00 00:00:00', '0000-00-00 00:00:00'),
(148, '54f03f9e-a538-41d9-907b-0564f4f1b0b9', 40, 7, 30423.728813559, '0000-00-00 00:00:00', 1, 1, 8, 16, 1, 1, 0, 1, 0, 0, '2015-02-27 10:57:50', '0000-00-00 00:00:00', '0000-00-00 00:00:00'),
(149, '54f0409d-46a0-4ed6-bd79-0564f4f1b0b9', 41, 7, 21296.6101694913, '2015-02-27 04:02:33', 1, 1, 6, 16, 0, 1, 0, 1, 0, 0, '2015-02-27 11:02:05', '0000-00-00 00:00:00', '0000-00-00 00:00:00'),
(150, '54f0409d-e5c8-4a87-adc3-0564f4f1b0b9', 41, 7, 20000, '2015-02-27 04:02:33', 1, 1, 3, 16, 0, 1, 0, 1, 1, 0, '2015-02-27 11:02:05', '2015-02-27 11:02:05', '0000-00-00 00:00:00'),
(151, '54f0409d-c0a4-4708-9535-0564f4f1b0b9', 41, 7, 20000, '2015-02-27 04:02:33', 1, 1, 2, 16, 0, 1, 0, 1, 0, 0, '2015-02-27 11:02:05', '0000-00-00 00:00:00', '0000-00-00 00:00:00'),
(152, '54f0409d-07dc-43ba-a77a-0564f4f1b0b9', 41, 7, 21296.6101694913, '0000-00-00 00:00:00', 1, 1, 8, 16, 1, 1, 0, 1, 0, 0, '2015-02-27 11:02:05', '0000-00-00 00:00:00', '0000-00-00 00:00:00'),
(153, '54f0414c-93f4-464a-a3ba-0564f4f1b0b9', 42, 7, 30423.728813559, '2015-02-27 04:02:57', 1, 1, 6, 24, 0, 1, 0, 1, 0, 0, '2015-02-27 11:05:00', '0000-00-00 00:00:00', '0000-00-00 00:00:00'),
(154, '54f0414c-2b10-49fc-be34-0564f4f1b0b9', 42, 7, 0, '2015-02-27 04:02:57', 1, 1, 3, 24, 0, 1, 0, 1, 1, 0, '2015-02-27 11:05:00', '2015-02-27 11:05:00', '0000-00-00 00:00:00'),
(155, '54f0414c-bc1c-4495-a3d4-0564f4f1b0b9', 42, 7, 0, '2015-02-27 04:02:57', 1, 1, 2, 24, 0, 1, 0, 1, 0, 0, '2015-02-27 11:05:00', '0000-00-00 00:00:00', '0000-00-00 00:00:00'),
(156, '54f0414c-0040-45bc-98d4-0564f4f1b0b9', 42, 7, 30423.728813559, '0000-00-00 00:00:00', 1, 1, 8, 24, 1, 1, 0, 1, 0, 0, '2015-02-27 11:05:00', '0000-00-00 00:00:00', '0000-00-00 00:00:00'),
(157, '54f041f0-c4b4-4d63-bf41-0564f4f1b0b9', 43, 7, 60847.457627118, '2015-02-27 04:02:56', 1, 1, 6, 16, 0, 1, 0, 1, 0, 0, '2015-02-27 11:07:44', '0000-00-00 00:00:00', '0000-00-00 00:00:00'),
(158, '54f041f0-f600-4596-b878-0564f4f1b0b9', 43, 7, 0, '2015-02-27 04:02:56', 1, 1, 3, 16, 0, 1, 0, 1, 1, 0, '2015-02-27 11:07:44', '2015-02-27 11:07:44', '0000-00-00 00:00:00'),
(159, '54f041f1-aac8-46fb-84c0-0564f4f1b0b9', 43, 7, 0, '2015-02-27 04:02:56', 1, 1, 2, 16, 0, 1, 0, 1, 0, 0, '2015-02-27 11:07:45', '0000-00-00 00:00:00', '0000-00-00 00:00:00'),
(160, '54f041f1-9f08-41d2-9baa-0564f4f1b0b9', 43, 7, -60847.457627118, '2015-02-27 04:02:56', 1, 1, 8, 16, 1, 1, 0, 1, 0, 0, '2015-02-27 11:07:45', '0000-00-00 00:00:00', '0000-00-00 00:00:00'),
(161, '54f042f0-a148-43b2-bc30-0564f4f1b0b9', 44, 7, 500000, '2015-02-27 04:02:47', 1, 1, 6, 16, 0, 1, 0, 1, 0, 0, '2015-02-27 11:12:00', '0000-00-00 00:00:00', '0000-00-00 00:00:00'),
(162, '54f042f0-f584-48a7-9ab1-0564f4f1b0b9', 44, 7, 250000, '2015-02-27 04:02:47', 1, 1, 3, 16, 0, 1, 0, 1, 1, 0, '2015-02-27 11:12:00', '2015-02-27 11:12:00', '0000-00-00 00:00:00'),
(163, '54f042f0-5a78-40af-8420-0564f4f1b0b9', 44, 7, 250000, '2015-02-27 04:02:47', 1, 1, 2, 16, 0, 1, 0, 1, 0, 0, '2015-02-27 11:12:00', '0000-00-00 00:00:00', '0000-00-00 00:00:00'),
(164, '54f042f1-db30-45ec-85b9-0564f4f1b0b9', 44, 7, -500000, '2015-02-27 04:02:47', 1, 1, 8, 16, 10, 1, 0, 1, 0, 0, '2015-02-27 11:12:01', '0000-00-00 00:00:00', '0000-00-00 00:00:00'),
(165, '54f0445c-6d08-4020-a6fe-0564f4f1b0b9', 45, 7, 1000000, '2015-02-27 04:02:44', 1, 1, 6, 24, 0, 1, 0, 1, 0, 0, '2015-02-27 11:18:04', '0000-00-00 00:00:00', '0000-00-00 00:00:00'),
(166, '54f0445c-a4cc-4af1-908c-0564f4f1b0b9', 45, 7, 0, '2015-02-27 04:02:44', 1, 1, 3, 24, 0, 1, 0, 1, 1, 0, '2015-02-27 11:18:04', '2015-02-27 11:18:05', '0000-00-00 00:00:00'),
(167, '54f0445d-393c-4a05-8171-0564f4f1b0b9', 45, 7, 0, '2015-02-27 04:02:44', 1, 1, 2, 24, 0, 1, 0, 1, 0, 0, '2015-02-27 11:18:05', '0000-00-00 00:00:00', '0000-00-00 00:00:00'),
(168, '54f0445d-2194-4cbf-bf8b-0564f4f1b0b9', 45, 7, -1000000, '2015-02-27 04:02:44', 1, 1, 8, 24, 10, 1, 0, 1, 0, 0, '2015-02-27 11:18:05', '0000-00-00 00:00:00', '0000-00-00 00:00:00'),
(169, '54f0464d-8254-4ba5-b3e0-0564f4f1b0b9', 46, 7, 250000, '2015-02-27 04:02:36', 1, 1, 6, 24, 0, 1, 0, 1, 0, 0, '2015-02-27 11:26:21', '0000-00-00 00:00:00', '0000-00-00 00:00:00'),
(170, '54f0464e-7424-40c7-a6b9-0564f4f1b0b9', 46, 7, -250000, '2015-02-27 04:02:36', 1, 1, 3, 24, 0, 1, 0, 1, 0, 0, '2015-02-27 11:26:22', '0000-00-00 00:00:00', '0000-00-00 00:00:00'),
(171, '54f0464e-fe00-4e81-842f-0564f4f1b0b9', 46, 7, 0, '2015-02-27 04:02:36', 1, 1, 3, 24, 0, 1, 0, 1, 0, 0, '2015-02-27 11:26:22', '0000-00-00 00:00:00', '0000-00-00 00:00:00'),
(172, '54f0464e-5a84-4c92-9f4b-0564f4f1b0b9', 46, 7, 0, '2015-02-27 04:02:36', 1, 1, 2, 24, 0, 1, 0, 1, 0, 0, '2015-02-27 11:26:22', '0000-00-00 00:00:00', '0000-00-00 00:00:00'),
(173, '54f0464e-1490-4293-9434-0564f4f1b0b9', 46, 7, -250000, '2015-02-27 04:02:36', 1, 1, 8, 24, 10, 1, 0, 1, 0, 0, '2015-02-27 11:26:22', '0000-00-00 00:00:00', '0000-00-00 00:00:00'),
(174, '54f19858-528c-4cc4-ab0c-0564f4f1b0b9', 47, 7, 125000, '2015-02-28 04:02:58', 1, 1, 6, 24, 0, 1, 0, 1, 0, 0, '2015-02-28 11:28:40', '0000-00-00 00:00:00', '0000-00-00 00:00:00'),
(175, '54f19858-a234-4fd0-8572-0564f4f1b0b9', 47, 7, -125000, '2015-02-28 04:02:58', 1, 1, 3, 24, 0, 1, 0, 1, 0, 0, '2015-02-28 11:28:40', '0000-00-00 00:00:00', '0000-00-00 00:00:00'),
(176, '54f19859-72d0-4ae9-9f13-0564f4f1b0b9', 47, 7, 0, '2015-02-28 04:02:58', 1, 1, 3, 24, 0, 1, 0, 1, 0, 0, '2015-02-28 11:28:41', '0000-00-00 00:00:00', '0000-00-00 00:00:00'),
(177, '54f19859-ab0c-48f8-bf92-0564f4f1b0b9', 47, 7, 0, '2015-02-28 04:02:58', 1, 1, 2, 24, 0, 1, 0, 1, 0, 0, '2015-02-28 11:28:41', '0000-00-00 00:00:00', '0000-00-00 00:00:00'),
(178, '54f19859-ca84-47ad-8d97-0564f4f1b0b9', 47, 7, -125000, '2015-02-28 04:02:58', 1, 1, 8, 24, 10, 1, 0, 1, 0, 0, '2015-02-28 11:28:41', '0000-00-00 00:00:00', '0000-00-00 00:00:00'),
(179, '54f19a20-de78-4427-997b-0564f4f1b0b9', 48, 7, 500000, '2015-02-28 04:02:40', 1, 1, 6, 16, 0, 1, 0, 1, 0, 0, '2015-02-28 11:36:16', '0000-00-00 00:00:00', '0000-00-00 00:00:00'),
(180, '54f19a21-4788-4fd8-adf8-0564f4f1b0b9', 48, 7, -500000, '2015-02-28 04:02:40', 1, 1, 3, 16, 0, 1, 0, 1, 0, 0, '2015-02-28 11:36:17', '0000-00-00 00:00:00', '0000-00-00 00:00:00'),
(181, '54f19a21-7284-4157-9df6-0564f4f1b0b9', 48, 7, 0, '2015-02-28 04:02:40', 1, 1, 3, 16, 0, 1, 0, 1, 0, 0, '2015-02-28 11:36:17', '0000-00-00 00:00:00', '0000-00-00 00:00:00'),
(182, '54f19a21-9a08-480b-b227-0564f4f1b0b9', 48, 7, 0, '2015-02-28 04:02:40', 1, 1, 2, 16, 0, 1, 0, 1, 0, 0, '2015-02-28 11:36:17', '0000-00-00 00:00:00', '0000-00-00 00:00:00'),
(183, '54f19a21-e7f4-4f5a-9931-0564f4f1b0b9', 48, 7, -500000, '2015-02-28 04:02:40', 1, 1, 8, 16, 10, 1, 0, 1, 0, 0, '2015-02-28 11:36:17', '0000-00-00 00:00:00', '0000-00-00 00:00:00'),
(184, '54f19ab5-34b4-47e8-9dc4-0564f4f1b0b9', 49, 8, -5000000, '2015-02-28 11:38:45', 1, 1, 9, 17, 0, 1, 0, 1, 0, 0, '2015-02-28 11:38:45', '0000-00-00 00:00:00', '0000-00-00 00:00:00'),
(185, '54f19ab5-e650-4b62-8ab6-0564f4f1b0b9', 49, 8, 0, '2015-02-28 11:38:45', 1, 1, 2, 17, 0, 1, 0, 1, 0, 0, '2015-02-28 11:38:45', '0000-00-00 00:00:00', '0000-00-00 00:00:00'),
(186, '54f19ab6-2cd4-421e-bf34-0564f4f1b0b9', 49, 8, 5000000, '2015-02-28 11:38:45', 1, 1, 5, 17, 0, 1, 0, 1, 0, 0, '2015-02-28 11:38:46', '0000-00-00 00:00:00', '0000-00-00 00:00:00'),
(187, '54f19ab6-57d0-4df9-a021-0564f4f1b0b9', 49, 8, 0, '2015-02-28 11:38:45', 1, 1, 5, 17, 0, 1, 0, 1, 0, 0, '2015-02-28 11:38:46', '0000-00-00 00:00:00', '0000-00-00 00:00:00'),
(188, '54f19ab6-f53c-4a4c-b8a5-0564f4f1b0b9', 49, 8, 5000000, '2015-02-28 11:38:46', 1, 1, 8, 17, 10, 1, 0, 1, 0, 0, '2015-02-28 11:38:46', '0000-00-00 00:00:00', '0000-00-00 00:00:00');

-- --------------------------------------------------------

--
-- Table structure for table `groupnarrations`
--

CREATE TABLE IF NOT EXISTS `groupnarrations` (
  `id` int(11) NOT NULL AUTO_INCREMENT,
  `group_id` int(11) NOT NULL,
  `groupbeforename` varchar(50) NOT NULL,
  `groupbeforenamebn` varchar(50) NOT NULL,
  `groupaftername` varchar(50) NOT NULL,
  `groupafternamebn` varchar(50) NOT NULL,
  `groupnarration` text NOT NULL,
  `groupupdatedate` datetime NOT NULL DEFAULT '0000-00-00 00:00:00',
  PRIMARY KEY (`id`)
) ENGINE=InnoDB DEFAULT CHARSET=utf8 AUTO_INCREMENT=1 ;

-- --------------------------------------------------------

--
-- Table structure for table `groups`
--

CREATE TABLE IF NOT EXISTS `groups` (
  `id` int(11) NOT NULL AUTO_INCREMENT,
  `groupuuid` char(36) NOT NULL,
  `groupname` varchar(50) NOT NULL,
  `groupispermanent` tinyint(1) NOT NULL,
  `groupisactive` tinyint(3) NOT NULL,
  `groupinsertid` int(11) NOT NULL,
  `groupupdateid` int(11) NOT NULL,
  `groupdeleteid` int(11) NOT NULL,
  `groupinsertdate` datetime NOT NULL DEFAULT '0000-00-00 00:00:00',
  `groupupdatedate` datetime NOT NULL DEFAULT '0000-00-00 00:00:00',
  `groupdeletedate` datetime NOT NULL DEFAULT '0000-00-00 00:00:00',
  PRIMARY KEY (`id`)
) ENGINE=InnoDB  DEFAULT CHARSET=utf8 AUTO_INCREMENT=11 ;

--
-- Dumping data for table `groups`
--

INSERT INTO `groups` (`id`, `groupuuid`, `groupname`, `groupispermanent`, `groupisactive`, `groupinsertid`, `groupupdateid`, `groupdeleteid`, `groupinsertdate`, `groupupdatedate`, `groupdeletedate`) VALUES
(1, '54868e45-ca60-450a-848d-0978c0a80108', 'Super Admin', 1, 1, 1, 0, 0, '2014-12-09 06:53:09', '2014-12-10 10:49:58', '0000-00-00 00:00:00'),
(2, '54868f59-d5e4-463f-af97-0978c0a80108', 'Admin', 1, 1, 1, 0, 0, '2014-12-09 06:57:45', '2014-12-10 10:45:56', '0000-00-00 00:00:00'),
(3, '5486cd05-fea8-4d43-b017-0978c0a80108', 'Manager', 1, 1, 1, 1, 0, '2014-12-09 11:20:53', '2014-12-17 11:17:50', '0000-00-00 00:00:00'),
(4, '54881736-a670-4ed9-8299-0d08a9baf6a0', 'Client', 1, 1, 1, 1, 1, '2014-12-10 10:49:42', '2014-12-29 10:55:07', '2014-12-10 10:58:50'),
(5, '548c1e80-b884-451f-8f84-0fb8a9baf6a0', 'Salesman', 1, 1, 1, 1, 0, '2014-12-13 12:09:52', '2014-12-29 10:55:28', '0000-00-00 00:00:00'),
(6, '548c1f5f-8548-4ba7-9702-0fb8a9baf6a0', 'Member', 1, 1, 1, 1, 1, '2014-12-13 12:13:35', '2014-12-29 10:57:29', '2014-12-17 10:49:21'),
(7, '54ae4da1-bdb4-4c3a-90ce-0fccf4f1b0b9', 'Suppliers', 1, 1, 1, 1, 0, '2015-01-08 10:28:01', '2015-02-07 13:07:59', '0000-00-00 00:00:00'),
(8, '55095e4a-b44c-4406-9083-f57067153a0f', 'Teacher', 1, 1, 1, 0, 0, '2015-03-18 11:15:22', '0000-00-00 00:00:00', '0000-00-00 00:00:00'),
(9, '55095e59-c2cc-46fc-b33a-f57067153a0f', 'Student', 1, 1, 1, 0, 0, '2015-03-18 11:15:37', '0000-00-00 00:00:00', '0000-00-00 00:00:00'),
(10, '550fd76d-64f8-497e-a39a-0ba4f4f1b0b9', 'Hasan', 1, 1, 1, 0, 0, '2015-03-23 15:05:49', '0000-00-00 00:00:00', '0000-00-00 00:00:00');

-- --------------------------------------------------------

--
-- Table structure for table `locations`
--

CREATE TABLE IF NOT EXISTS `locations` (
  `id` int(11) NOT NULL AUTO_INCREMENT,
  `locationuuid` varchar(255) NOT NULL DEFAULT '0',
  `locationname` text,
  `locationnamebn` text,
  `locationisparent` tinyint(1) NOT NULL DEFAULT '0',
  `locationparentid` int(11) NOT NULL DEFAULT '0',
  `locationisactive` tinyint(1) NOT NULL DEFAULT '0',
  `locationstep` int(11) NOT NULL DEFAULT '0',
  `locationinsertid` int(11) NOT NULL DEFAULT '0',
  `locationupdateid` int(11) NOT NULL DEFAULT '0',
  `locationdeleteid` int(11) NOT NULL DEFAULT '0',
  `locationinsertdate` datetime NOT NULL DEFAULT '0000-00-00 00:00:00',
  `locationupdatedate` datetime NOT NULL DEFAULT '0000-00-00 00:00:00',
  `locationdeletedate` datetime NOT NULL DEFAULT '0000-00-00 00:00:00',
  PRIMARY KEY (`id`)
) ENGINE=InnoDB  DEFAULT CHARSET=utf8 AUTO_INCREMENT=567 ;

--
-- Dumping data for table `locations`
--

INSERT INTO `locations` (`id`, `locationuuid`, `locationname`, `locationnamebn`, `locationisparent`, `locationparentid`, `locationisactive`, `locationstep`, `locationinsertid`, `locationupdateid`, `locationdeleteid`, `locationinsertdate`, `locationupdatedate`, `locationdeletedate`) VALUES
(1, '54b6032c-1ca8-4d79-8baf-0850f4f1b0b9', 'Dhaka Division', 'à¦¢à¦¾à¦•à¦¾ à¦¬à¦¿à¦­à¦¾à¦—', 1, 0, 1, 0, 1, 1, 0, '2015-01-14 06:48:28', '2015-01-14 08:46:16', '0000-00-00 00:00:00'),
(2, '54b60465-6dd8-4ef0-947f-0850f4f1b0b9', 'Dhaka District', 'à¦¢à¦¾à¦•à¦¾ à¦œà§‡à¦²à¦¾', 1, 1, 1, 1, 1, 1, 0, '2015-01-14 06:53:41', '2015-01-14 08:46:49', '0000-00-00 00:00:00'),
(3, '54b60930-0b64-4cbe-a7d8-0850f4f1b0b9', 'Chittagong Division', 'à¦šà¦Ÿà§à¦Ÿà¦—à§à¦°à¦¾à¦® à¦¬à¦¿à¦­à¦¾à¦—', 1, 0, 1, 0, 1, 1, 0, '2015-01-14 07:14:08', '2015-01-14 08:46:12', '0000-00-00 00:00:00'),
(4, '54b60989-0318-4485-b4dc-0850f4f1b0b9', 'Khulna Division', 'à¦–à§à¦²à¦¨à¦¾ à¦¬à¦¿à¦­à¦¾à¦—', 1, 0, 1, 0, 1, 1, 0, '2015-01-14 07:15:37', '2015-01-14 08:46:22', '0000-00-00 00:00:00'),
(5, '54b609a8-03ec-429b-bed6-0850f4f1b0b9', 'Rajshahi Division', 'à¦°à¦¾à¦œà¦¶à¦¾à¦¹à§€ à¦¬à¦¿à¦­à¦¾à¦—', 1, 0, 1, 0, 1, 1, 0, '2015-01-14 07:16:08', '2015-01-14 08:46:28', '0000-00-00 00:00:00'),
(6, '54b609c5-7d38-4a49-a8ee-0850f4f1b0b9', 'Barisal District', 'à¦¬à¦°à¦¿à¦¶à¦¾à¦² à¦¬à¦¿à¦­à¦¾à¦—', 1, 0, 1, 0, 1, 1, 0, '2015-01-14 07:16:37', '2015-01-14 08:46:07', '0000-00-00 00:00:00'),
(7, '54b609f3-f510-4be5-b404-0850f4f1b0b9', 'Sylhet Division', 'à¦¸à¦¿à¦²à§‡à¦Ÿ à¦¬à¦¿à¦­à¦¾à¦—', 1, 0, 1, 0, 1, 1, 0, '2015-01-14 07:17:23', '2015-01-14 08:46:41', '0000-00-00 00:00:00'),
(8, '54b60a20-87c0-404d-b394-0850f4f1b0b9', 'Rangpur Division', 'à¦°à¦‚à¦ªà§à¦° à¦¬à¦¿à¦­à¦¾à¦—', 1, 0, 1, 0, 1, 1, 0, '2015-01-14 07:18:08', '2015-01-14 08:46:33', '0000-00-00 00:00:00'),
(9, '54b60a9c-142c-4dd1-a992-0850f4f1b0b9', 'Faridpur District', 'à¦«à¦°à¦¿à¦¦à¦ªà§à¦° à¦œà§‡à¦²à¦¾', 1, 1, 1, 1, 1, 1, 0, '2015-01-14 07:20:12', '2015-01-14 08:47:06', '0000-00-00 00:00:00'),
(10, '54b60bbb-563c-496d-95fb-0850f4f1b0b9', 'Comilla District', 'à¦•à§à¦®à¦¿à¦²à§à¦²à¦¾ à¦œà§‡à¦²à¦¾', 1, 3, 1, 1, 1, 1, 0, '2015-01-14 07:24:59', '2015-01-14 08:48:20', '0000-00-00 00:00:00'),
(11, '54b61404-a0ec-40c5-9dbe-0850a9baf6a0', 'Dhamrai Upazila', 'à¦§à¦¾à¦®à¦°à¦¾à¦‡ à¦‰à¦ªà¦œà§‡à¦²à¦¾', 1, 2, 1, 2, 1, 1, 0, '2015-01-14 08:00:20', '2015-01-14 08:55:53', '0000-00-00 00:00:00'),
(12, '54b61768-5594-4af5-8744-0850f4f1b0b9', 'Brahmanbaria District', 'à¦¬à§à¦°à¦¾à¦¹à§à¦®à¦£à¦¬à¦¾à¦¡à¦¼à¦¿à¦¯à¦¼à¦¾ à¦œà§‡à¦²à¦¾', 1, 3, 1, 1, 1, 1, 0, '2015-01-14 08:14:48', '2015-01-14 08:47:26', '0000-00-00 00:00:00'),
(13, '54b617ca-5228-4d3f-8555-0850f4f1b0b9', 'Chandpur District', 'à¦šà¦¾à¦à¦¦à¦ªà§à¦° à¦œà§‡à¦²à¦¾', 1, 3, 1, 1, 1, 1, 0, '2015-01-14 08:16:26', '2015-01-14 08:48:03', '0000-00-00 00:00:00'),
(14, '54b61804-27e4-4b2e-9cb4-0850f4f1b0b9', 'Lakshmipur District', 'à¦²à¦•à§à¦·à§à¦®à§€à¦ªà§à¦° à¦œà§‡à¦²à¦¾', 1, 3, 1, 1, 1, 1, 0, '2015-01-14 08:17:24', '2015-01-14 08:49:18', '0000-00-00 00:00:00'),
(15, '54b6182a-67ec-483a-9c26-0850f4f1b0b9', 'Noakhali District', 'à¦¨à§‹à¦¯à¦¼à¦¾à¦–à¦¾à¦²à§€ à¦œà§‡à¦²à¦¾', 1, 3, 1, 1, 1, 1, 0, '2015-01-14 08:18:02', '2015-01-14 08:49:24', '0000-00-00 00:00:00'),
(16, '54b61860-c9b4-403f-9680-0850f4f1b0b9', 'Feni District', 'à¦«à§‡à¦¨à§€ à¦œà§‡à¦²à¦¾', 1, 3, 1, 1, 1, 1, 0, '2015-01-14 08:18:56', '2015-01-14 08:49:32', '0000-00-00 00:00:00'),
(17, '54b6187e-76c4-46da-816a-0850f4f1b0b9', 'Chittagong District', 'à¦šà¦Ÿà§à¦Ÿà¦—à§à¦°à¦¾à¦® à¦œà§‡à¦²à¦¾', 1, 3, 1, 1, 1, 1, 0, '2015-01-14 08:19:26', '2015-01-14 08:48:11', '0000-00-00 00:00:00'),
(18, '54b6189f-5a00-4147-99b5-0850f4f1b0b9', 'Khagrachari District', 'à¦–à¦¾à¦—à¦¡à¦¼à¦¾à¦›à¦¡à¦¼à¦¿ à¦œà§‡à¦²à¦¾', 1, 3, 1, 1, 1, 1, 0, '2015-01-14 08:19:59', '2015-01-14 08:49:50', '0000-00-00 00:00:00'),
(19, '54b618be-0d50-42e3-88ff-0850f4f1b0b9', 'Rangamati Hill District', 'à¦°à¦¾à¦™à§à¦—à¦¾à¦®à¦¾à¦Ÿà¦¿ à¦œà§‡à¦²à¦¾', 1, 3, 1, 1, 1, 1, 0, '2015-01-14 08:20:30', '2015-01-14 08:49:58', '0000-00-00 00:00:00'),
(20, '54b618e2-008c-4a17-811e-0850f4f1b0b9', 'Bandarban District', 'à¦¬à¦¾à¦¨à§à¦¦à¦°à¦¬à¦¾à¦¨ à¦œà§‡à¦²à¦¾', 1, 3, 1, 1, 1, 1, 0, '2015-01-14 08:21:06', '2015-01-14 08:47:19', '0000-00-00 00:00:00'),
(21, '54b618f9-ab14-4f42-9b0c-0850f4f1b0b9', 'Cox''s Bazar District', 'à¦•à¦•à§à¦¸à¦¬à¦¾à¦œà¦¾à¦° à¦œà§‡à¦²à¦¾', 1, 3, 1, 1, 1, 1, 0, '2015-01-14 08:21:29', '2015-01-14 08:39:58', '0000-00-00 00:00:00'),
(22, '54b6196b-bb48-4b6d-a911-0850f4f1b0b9', 'Chakaria Upazila', 'à¦šà¦•à§‹à¦°à¦¿à¦¯à¦¼à¦¾ à¦‰à¦ªà¦œà§‡à¦²à¦¾', 1, 21, 1, 2, 1, 1, 0, '2015-01-14 08:23:23', '2015-01-14 08:44:07', '0000-00-00 00:00:00'),
(23, '54b619b4-81a0-4f3d-88ad-0850f4f1b0b9', 'Badarkhali Union Parishad', 'à¦¬à¦¦à¦°à¦–à¦¾à¦²à§€ à¦‡à¦‰à¦¨à¦¿à¦¯à¦¼à¦¨ à¦ªà¦°à¦¿à¦·à¦¦', 1, 22, 1, 3, 1, 1, 0, '2015-01-14 08:24:36', '2015-01-14 08:44:36', '0000-00-00 00:00:00'),
(24, '54b619f9-ccbc-4a16-9fa6-0850f4f1b0b9', 'Kutubdia Para', 'à¦•à§à¦¤à§à¦¬à¦¦à¦¿à¦¯à¦¼à¦¾ à¦ªà¦¾à¦¡à¦¼à¦¾', 0, 23, 1, 4, 1, 1, 0, '2015-01-14 08:25:45', '2015-01-14 08:45:25', '0000-00-00 00:00:00'),
(25, '54b61a38-9190-49d4-91be-0850f4f1b0b9', 'Azam Nagar', 'à¦†à¦œà¦® à¦¨à¦—à¦°', 0, 23, 1, 4, 1, 1, 0, '2015-01-14 08:26:48', '2015-01-14 08:45:03', '0000-00-00 00:00:00'),
(26, '54b61b20-a1d4-41f3-8bf6-0850f4f1b0b9', 'Bazar Para', 'à¦¬à¦¾à¦œà¦¾à¦° à¦ªà¦¾à¦¡à¦¼à¦¾', 0, 23, 1, 4, 1, 1, 0, '2015-01-14 08:30:40', '2015-01-14 08:45:37', '0000-00-00 00:00:00'),
(27, '54b61fe5-f110-426c-a394-0850a9baf6a0', 'Dohar Upazila', 'à¦¦à§‹à¦¹à¦¾à¦° à¦‰à¦ªà¦œà§‡à¦²à¦¾', 1, 2, 1, 2, 1, 1, 0, '2015-01-14 08:51:01', '2015-01-14 08:57:17', '0000-00-00 00:00:00'),
(28, '54b62047-1604-4573-b4ef-0850a9baf6a0', 'Keraniganj Upazila', 'à¦•à§‡à¦°à¦¾à¦£à§€à¦—à¦žà§à¦œ à¦‰à¦ªà¦œà§‡à¦²à¦¾', 1, 2, 1, 2, 1, 0, 0, '2015-01-14 08:52:39', '0000-00-00 00:00:00', '0000-00-00 00:00:00'),
(29, '54b62350-9f08-4234-9047-0850a9baf6a0', 'Amta Union Parishad', 'à¦†à¦®à¦¤à¦¾ à¦‡à¦‰à¦¨à¦¿à§Ÿà¦¨ à¦ªà¦°à¦¿à¦·à¦¦', 1, 11, 1, 3, 1, 0, 0, '2015-01-14 09:05:36', '0000-00-00 00:00:00', '0000-00-00 00:00:00'),
(30, '54b623b4-562c-472b-b51c-0850a9baf6a0', 'Baisakanda Union Parishad ', 'à¦¬à¦¾à¦‡à¦¶à¦¾à¦•à¦¾à¦¨à§à¦¦à¦¾ à¦‡à¦‰à¦¨à¦¿à§Ÿà¦¨ à¦ªà¦°à¦¿à¦·à¦¦', 1, 11, 1, 3, 1, 1, 0, '2015-01-14 09:07:16', '2015-01-14 09:56:00', '0000-00-00 00:00:00'),
(31, '54b62471-37d8-4957-8643-0850a9baf6a0', 'Savar Upazila', 'à¦¸à¦¾à¦­à¦¾à¦° à¦‰à¦ªà¦œà§‡à¦²à¦¾', 1, 2, 1, 2, 1, 0, 0, '2015-01-14 09:10:25', '0000-00-00 00:00:00', '0000-00-00 00:00:00'),
(32, '54b624ca-54b0-479b-b008-0850a9baf6a0', 'Nawabganj Upazila', 'à¦¨à¦¬à¦¾à¦¬à¦—à¦žà§à¦œ à¦‰à¦ªà¦œà§‡à¦²à¦¾', 1, 2, 1, 2, 1, 1, 0, '2015-01-14 09:11:54', '2015-01-14 10:54:22', '0000-00-00 00:00:00'),
(33, '54b634c8-ec1c-45ec-8bab-0850a9baf6a0', 'Balia Union Parishad ', 'à¦¬à¦¾à¦²à¦¿à§Ÿà¦¾ à¦‡à¦‰à¦¨à¦¿à§Ÿà¦¨ à¦ªà¦°à¦¿à¦·à¦¦', 1, 11, 1, 3, 1, 0, 0, '2015-01-14 10:20:08', '0000-00-00 00:00:00', '0000-00-00 00:00:00'),
(34, '54b634fd-1b28-4d9d-9b32-0850a9baf6a0', 'Bhararia Union Parishad ', 'à¦­à¦¾à§œà¦¾à¦°à¦¿à§Ÿà¦¾ à¦‡à¦‰à¦¨à¦¿à§Ÿà¦¨ à¦ªà¦°à¦¿à¦·à¦¦', 1, 11, 1, 3, 1, 0, 0, '2015-01-14 10:21:01', '0000-00-00 00:00:00', '0000-00-00 00:00:00'),
(35, '54b63545-9534-4df4-b542-0850a9baf6a0', 'Chauhati Union Parishad', 'à¦šà§Œà¦¹à¦¾à¦Ÿà¦¿ à¦‡à¦‰à¦¨à¦¿à§Ÿà¦¨ à¦ªà¦°à¦¿à¦·à¦¦', 1, 11, 1, 3, 1, 0, 0, '2015-01-14 10:22:13', '0000-00-00 00:00:00', '0000-00-00 00:00:00'),
(36, '54b63596-dbbc-40f0-bebb-0850a9baf6a0', 'Dhamrai Union Parishad ', 'à¦§à¦¾à¦®à¦°à¦¾à¦‡ à¦‡à¦‰à¦¨à¦¿à§Ÿà¦¨ à¦ªà¦°à¦¿à¦·à¦¦', 1, 11, 1, 3, 1, 0, 0, '2015-01-14 10:23:34', '0000-00-00 00:00:00', '0000-00-00 00:00:00'),
(37, '54b635c5-1038-430d-bef8-0850a9baf6a0', 'Gangutia Union Parishad ', 'à¦—à¦¾à¦‚à¦—à§à¦Ÿà¦¿à§Ÿà¦¾ à¦‡à¦‰à¦¨à¦¿à§Ÿà¦¨ à¦ªà¦°à¦¿à¦·à¦¦', 1, 11, 1, 3, 1, 0, 0, '2015-01-14 10:24:21', '0000-00-00 00:00:00', '0000-00-00 00:00:00'),
(38, '54b635e7-56c8-4a7e-9f78-0850a9baf6a0', 'Jadabpur Union Parishad ', 'à¦¯à¦¾à¦¦à¦¬à¦ªà§à¦° à¦‡à¦‰à¦¨à¦¿à§Ÿà¦¨ à¦ªà¦°à¦¿à¦·à¦¦', 1, 11, 1, 3, 1, 0, 0, '2015-01-14 10:24:55', '0000-00-00 00:00:00', '0000-00-00 00:00:00'),
(39, '54b6363f-0adc-42cd-be68-0850a9baf6a0', 'Kulla Union Parishad ', 'à¦•à§à¦²à§à¦²à¦¾ à¦‡à¦‰à¦¨à¦¿à§Ÿà¦¨ à¦ªà¦°à¦¿à¦·à¦¦', 1, 11, 1, 3, 1, 0, 0, '2015-01-14 10:26:23', '0000-00-00 00:00:00', '0000-00-00 00:00:00'),
(40, '54b63668-0ffc-47e2-a44a-0850a9baf6a0', 'Kushura Union Parishad ', 'à¦•à§à¦¶à§à¦°à¦¾ à¦‡à¦‰à¦¨à¦¿à§Ÿà¦¨ à¦ªà¦°à¦¿à¦·à¦¦', 1, 11, 1, 3, 1, 0, 0, '2015-01-14 10:27:04', '0000-00-00 00:00:00', '0000-00-00 00:00:00'),
(41, '54b63691-ae68-4fee-9795-0850a9baf6a0', 'Nannar Union Parishad ', 'à¦¨à¦¾à¦¨à§à¦¨à¦¾à¦° à¦‡à¦‰à¦¨à¦¿à§Ÿà¦¨ à¦ªà¦°à¦¿à¦·à¦¦', 1, 11, 1, 3, 1, 0, 0, '2015-01-14 10:27:45', '0000-00-00 00:00:00', '0000-00-00 00:00:00'),
(42, '54b636be-a840-4fbf-8107-0850a9baf6a0', 'Rowail Union Parishad ', 'à¦°à§‹à§Ÿà¦¾à¦‡à¦² à¦‡à¦‰à¦¨à¦¿à§Ÿà¦¨ à¦ªà¦°à¦¿à¦·à¦¦', 1, 11, 1, 3, 1, 0, 0, '2015-01-14 10:28:30', '0000-00-00 00:00:00', '0000-00-00 00:00:00'),
(43, '54b636e3-e450-4112-896e-0850a9baf6a0', 'Sanora Union Parishad ', 'à¦¸à¦¾à¦¨à§‹à§œà¦¾ à¦‡à¦‰à¦¨à¦¿à§Ÿà¦¨ à¦ªà¦°à¦¿à¦·à¦¦', 1, 11, 1, 3, 1, 0, 0, '2015-01-14 10:29:07', '0000-00-00 00:00:00', '0000-00-00 00:00:00'),
(44, '54b63710-fb44-4e9a-a1d9-0850a9baf6a0', 'Sombhag Union Parishad ', 'à¦¸à§‹à¦®à¦­à¦¾à¦— à¦‡à¦‰à¦¨à¦¿à§Ÿà¦¨ à¦ªà¦°à¦¿à¦·à¦¦', 1, 11, 1, 3, 1, 0, 0, '2015-01-14 10:29:52', '0000-00-00 00:00:00', '0000-00-00 00:00:00'),
(45, '54b63743-d8e0-4433-9adb-0850a9baf6a0', 'Suapur Union Parishad ', 'à¦¸à§à§Ÿà¦¾à¦ªà§à¦° à¦‡à¦‰à¦¨à¦¿à§Ÿà¦¨ à¦ªà¦°à¦¿à¦·à¦¦', 1, 11, 1, 3, 1, 0, 0, '2015-01-14 10:30:43', '0000-00-00 00:00:00', '0000-00-00 00:00:00'),
(46, '54b6376e-7a94-428d-a6aa-0850a9baf6a0', 'Sutipara Union Parishad ', 'à¦¸à§‚à¦¤à¦¿à¦ªà¦¾à§œà¦¾ à¦‡à¦‰à¦¨à¦¿à§Ÿà¦¨ à¦ªà¦°à¦¿à¦·à¦¦', 1, 11, 1, 3, 1, 0, 0, '2015-01-14 10:31:26', '0000-00-00 00:00:00', '0000-00-00 00:00:00'),
(47, '54b637fe-5a8c-47fc-82ee-0850a9baf6a0', 'Savar Union Parishad', 'à¦¸à¦¾à¦­à¦¾à¦° à¦‡à¦‰à¦¨à¦¿à§Ÿà¦¨ à¦ªà¦°à¦¿à¦·à¦¦', 1, 31, 1, 3, 1, 0, 0, '2015-01-14 10:33:50', '0000-00-00 00:00:00', '0000-00-00 00:00:00'),
(48, '54b63836-67d8-4f5a-afde-0850a9baf6a0', 'Yearpur Union Parishad', 'à¦‡à§Ÿà¦¾à¦°à¦ªà§à¦° à¦‡à¦‰à¦¨à¦¿à§Ÿà¦¨ à¦ªà¦°à¦¿à¦·à¦¦', 1, 31, 1, 3, 1, 0, 0, '2015-01-14 10:34:46', '0000-00-00 00:00:00', '0000-00-00 00:00:00'),
(49, '54b63876-1cfc-4370-b0e1-0850a9baf6a0', 'Tetuljhora Union Parishad', 'à¦¤à§‡à¦à¦¤à§à¦²à¦à§‹à§œà¦¾ à¦‡à¦‰à¦¨à¦¿à§Ÿà¦¨ à¦ªà¦°à¦¿à¦·à¦¦', 1, 31, 1, 3, 1, 0, 0, '2015-01-14 10:35:50', '0000-00-00 00:00:00', '0000-00-00 00:00:00'),
(50, '54b638b2-e494-4a71-a0ce-0850a9baf6a0', 'Shimulia Union Parishad', 'à¦¶à¦¿à¦®à§à¦²à¦¿à§Ÿà¦¾ à¦‡à¦‰à¦¨à¦¿à§Ÿà¦¨ à¦ªà¦°à¦¿à¦·à¦¦', 1, 31, 1, 3, 1, 0, 0, '2015-01-14 10:36:50', '0000-00-00 00:00:00', '0000-00-00 00:00:00'),
(51, '54b638df-1330-4a1c-9b65-0850a9baf6a0', 'Pathalia Union Parishad', 'à¦ªà¦¾à¦¥à¦¾à¦²à¦¿à§Ÿà¦¾ à¦‡à¦‰à¦¨à¦¿à§Ÿà¦¨ à¦ªà¦°à¦¿à¦·à¦¦', 1, 31, 1, 3, 1, 0, 0, '2015-01-14 10:37:35', '0000-00-00 00:00:00', '0000-00-00 00:00:00'),
(52, '54b63922-d0ec-41a3-a5d3-0850a9baf6a0', 'Kaundia Union Parishad', 'à¦•à¦¾à¦‰à¦¨à§à¦¦à¦¿à§Ÿà¦¾ à¦‡à¦‰à¦¨à¦¿à§Ÿà¦¨ à¦ªà¦°à¦¿à¦·à¦¦', 1, 31, 1, 3, 1, 0, 0, '2015-01-14 10:38:42', '0000-00-00 00:00:00', '0000-00-00 00:00:00'),
(53, '54b63950-8488-44a9-a186-0850a9baf6a0', 'Dhamsona Union Parishad', 'à¦§à¦¾à¦®à¦¸à§‹à¦¨à¦¾ à¦‡à¦‰à¦¨à¦¿à§Ÿà¦¨ à¦ªà¦°à¦¿à¦·à¦¦', 1, 31, 1, 3, 1, 0, 0, '2015-01-14 10:39:28', '0000-00-00 00:00:00', '0000-00-00 00:00:00'),
(54, '54b63970-46dc-437c-820c-0850a9baf6a0', 'Birulia Union Parishad', 'à¦¬à¦¿à¦°à§à¦²à¦¿à§Ÿà¦¾ à¦‡à¦‰à¦¨à¦¿à§Ÿà¦¨ à¦ªà¦°à¦¿à¦·à¦¦', 1, 31, 1, 3, 1, 0, 0, '2015-01-14 10:40:00', '0000-00-00 00:00:00', '0000-00-00 00:00:00'),
(55, '54b6399a-a21c-41bf-afbf-0850a9baf6a0', 'Bhakurta Union Parishad', 'à¦­à¦¾à¦•à§à¦°à§à¦¤à¦¾ à¦‡à¦‰à¦¨à¦¿à§Ÿà¦¨ à¦ªà¦°à¦¿à¦·à¦¦', 1, 31, 1, 3, 1, 0, 0, '2015-01-14 10:40:42', '0000-00-00 00:00:00', '0000-00-00 00:00:00'),
(56, '54b639c4-ccb4-4191-9fae-0850a9baf6a0', 'Bangaon Union Parishad', 'à¦¬à¦¨à¦—à¦¾à¦à¦“ à¦‡à¦‰à¦¨à¦¿à§Ÿà¦¨ à¦ªà¦°à¦¿à¦·à¦¦', 1, 31, 1, 3, 1, 0, 0, '2015-01-14 10:41:24', '0000-00-00 00:00:00', '0000-00-00 00:00:00'),
(57, '54b639e3-0814-4ce3-aa17-0850a9baf6a0', 'Aminbazar Union Parishad', 'à¦†à¦®à¦¿à¦¨à¦¬à¦¾à¦œà¦¾à¦° à¦‡à¦‰à¦¨à¦¿à§Ÿà¦¨ à¦ªà¦°à¦¿à¦·à¦¦', 1, 31, 1, 3, 1, 0, 0, '2015-01-14 10:41:55', '0000-00-00 00:00:00', '0000-00-00 00:00:00'),
(58, '54b63a01-af4c-447f-85ad-0850a9baf6a0', 'Ashulia Union Parishad', 'à¦†à¦¶à§à¦²à¦¿à§Ÿà¦¾ à¦‡à¦‰à¦¨à¦¿à§Ÿà¦¨ à¦ªà¦°à¦¿à¦·à¦¦', 1, 31, 1, 3, 1, 0, 0, '2015-01-14 10:42:25', '0000-00-00 00:00:00', '0000-00-00 00:00:00'),
(59, '54b63a76-8914-4277-b21e-0850a9baf6a0', 'Aganagar Union Parishad', 'à¦†à¦—à¦¾à¦¨à¦—à¦° à¦‡à¦‰à¦¨à¦¿à§Ÿà¦¨ à¦ªà¦°à¦¿à¦·à¦¦', 1, 28, 1, 3, 1, 0, 0, '2015-01-14 10:44:22', '0000-00-00 00:00:00', '0000-00-00 00:00:00'),
(60, '54b63aaa-c508-438e-a784-0850a9baf6a0', 'Basta Union Parishad', 'à¦¬à¦¾à¦¸à§à¦¤à¦¾ à¦‡à¦‰à¦¨à¦¿à§Ÿà¦¨ à¦ªà¦°à¦¿à¦·à¦¦', 1, 28, 1, 3, 1, 0, 0, '2015-01-14 10:45:14', '0000-00-00 00:00:00', '0000-00-00 00:00:00'),
(61, '54b63ace-a2c0-4a06-ad26-0850a9baf6a0', 'Hazratpur Union Parishad', 'à¦¹à¦¯à¦°à¦¤à¦ªà§à¦° à¦‡à¦‰à¦¨à¦¿à§Ÿà¦¨ à¦ªà¦°à¦¿à¦·à¦¦', 1, 28, 1, 3, 1, 0, 0, '2015-01-14 10:45:50', '0000-00-00 00:00:00', '0000-00-00 00:00:00'),
(62, '54b63afc-7338-4815-b931-0850a9baf6a0', 'Kalatia Union Parishad', 'à¦•à¦¾à¦²à¦¾à¦¤à¦¿à§Ÿà¦¾ à¦‡à¦‰à¦¨à¦¿à§Ÿà¦¨ à¦ªà¦°à¦¿à¦·à¦¦', 1, 28, 1, 3, 1, 0, 0, '2015-01-14 10:46:36', '0000-00-00 00:00:00', '0000-00-00 00:00:00'),
(63, '54b63b2c-bdfc-461b-9800-0850a9baf6a0', 'Kalindi Union Parishad', 'à¦•à¦¾à¦²à¦¿à¦¨à§à¦¦à¦¿ à¦‡à¦‰à¦¨à¦¿à§Ÿà¦¨ à¦ªà¦°à¦¿à¦·à¦¦', 1, 28, 1, 3, 1, 0, 0, '2015-01-14 10:47:24', '0000-00-00 00:00:00', '0000-00-00 00:00:00'),
(64, '54b63b53-dc0c-4dd2-a56b-0850a9baf6a0', 'Konda Union Parishad', 'à¦•à§‹à¦¨à§à¦¡à¦¾ à¦‡à¦‰à¦¨à¦¿à§Ÿà¦¨ à¦ªà¦°à¦¿à¦·à¦¦', 1, 28, 1, 3, 1, 0, 0, '2015-01-14 10:48:03', '0000-00-00 00:00:00', '0000-00-00 00:00:00'),
(65, '54b63b7e-2f5c-49f4-8538-0850a9baf6a0', 'Ruhitpur Union Parishad', 'à¦°à§‹à¦¹à¦¿à¦¤à¦ªà§à¦° à¦‡à¦‰à¦¨à¦¿à§Ÿà¦¨ à¦ªà¦°à¦¿à¦·à¦¦', 1, 28, 1, 3, 1, 0, 0, '2015-01-14 10:48:46', '0000-00-00 00:00:00', '0000-00-00 00:00:00'),
(66, '54b63ba4-0b60-4ab0-8adc-0850a9baf6a0', 'Sakta Union Parishad', 'à¦¶à¦¾à¦•à§à¦¤à¦¾ à¦‡à¦‰à¦¨à¦¿à§Ÿà¦¨ à¦ªà¦°à¦¿à¦·à¦¦', 1, 28, 1, 3, 1, 0, 0, '2015-01-14 10:49:24', '0000-00-00 00:00:00', '0000-00-00 00:00:00'),
(67, '54b63bdb-5eac-4faf-aca4-0850a9baf6a0', 'Subhadya Union Parishad', 'à¦¶à§à¦­à¦¾à¦¢à§à¦¯à¦¾ à¦‡à¦‰à¦¨à¦¿à§Ÿà¦¨ à¦ªà¦°à¦¿à¦·à¦¦', 1, 28, 1, 3, 1, 0, 0, '2015-01-14 10:50:19', '0000-00-00 00:00:00', '0000-00-00 00:00:00'),
(68, '54b63c0a-837c-4045-bb8a-0850a9baf6a0', 'Taranagar Union Parishad', 'à¦¤à¦¾à¦°à¦¾à¦¨à¦—à¦° à¦‡à¦‰à¦¨à¦¿à§Ÿà¦¨ à¦ªà¦°à¦¿à¦·à¦¦', 1, 28, 1, 3, 1, 0, 0, '2015-01-14 10:51:06', '0000-00-00 00:00:00', '0000-00-00 00:00:00'),
(69, '54b63c32-f748-474b-a239-0850a9baf6a0', 'Tegharia Union Parishad', 'à¦¤à§‡à¦˜à¦°à¦¿à§Ÿà¦¾ à¦‡à¦‰à¦¨à¦¿à§Ÿà¦¨ à¦ªà¦°à¦¿à¦·à¦¦', 1, 28, 1, 3, 1, 0, 0, '2015-01-14 10:51:46', '0000-00-00 00:00:00', '0000-00-00 00:00:00'),
(70, '54b63c59-f1c8-44ff-a954-0850a9baf6a0', 'Zinjira Union Parishad', 'à¦œà¦¿à¦¨à¦œà¦¿à¦°à¦¾ à¦‡à¦‰à¦¨à¦¿à§Ÿà¦¨ à¦ªà¦°à¦¿à¦·à¦¦', 1, 28, 1, 3, 1, 0, 0, '2015-01-14 10:52:25', '0000-00-00 00:00:00', '0000-00-00 00:00:00'),
(71, '54b63cf3-7b54-4b96-93f2-0850a9baf6a0', 'Agla Union Parishad', 'à¦†à¦—à¦²à¦¾ à¦‡à¦‰à¦¨à¦¿à§Ÿà¦¨ à¦ªà¦°à¦¿à¦·à¦¦', 1, 32, 1, 3, 1, 0, 0, '2015-01-14 10:54:59', '0000-00-00 00:00:00', '0000-00-00 00:00:00'),
(72, '54b63d6b-8260-4fe2-8360-0850a9baf6a0', 'Bakshnagar Union Parishad', 'à¦¬à¦•à§à¦¸à¦¨à¦—à¦° à¦‡à¦‰à¦¨à¦¿à§Ÿà¦¨ à¦ªà¦°à¦¿à¦·à¦¦', 1, 32, 1, 3, 1, 0, 0, '2015-01-14 10:56:59', '0000-00-00 00:00:00', '0000-00-00 00:00:00'),
(73, '54b63d93-308c-48f8-9bba-0850a9baf6a0', 'Bandura Union Parishad', 'à¦¬à¦¾à¦¨à§à¦¦à§à¦°à¦¾ à¦‡à¦‰à¦¨à¦¿à§Ÿà¦¨ à¦ªà¦°à¦¿à¦·à¦¦', 1, 32, 1, 3, 1, 0, 0, '2015-01-14 10:57:39', '0000-00-00 00:00:00', '0000-00-00 00:00:00'),
(74, '54b63dbe-83dc-4bd1-8740-0850a9baf6a0', 'Barrah Union Parishad', 'à¦¬à¦¾à¦¹à§à¦°à¦¾ à¦‡à¦‰à¦¨à¦¿à§Ÿà¦¨ à¦ªà¦°à¦¿à¦·à¦¦', 1, 32, 1, 3, 1, 0, 0, '2015-01-14 10:58:22', '0000-00-00 00:00:00', '0000-00-00 00:00:00'),
(75, '54b63de6-692c-4c21-a561-0850a9baf6a0', 'Baruakhali Union Parishad', 'à¦¬à¦¾à¦°à§à§Ÿà¦¾à¦–à¦¾à¦²à§€ à¦‡à¦‰à¦¨à¦¿à§Ÿà¦¨ à¦ªà¦°à¦¿à¦·à¦¦', 1, 32, 1, 3, 1, 0, 0, '2015-01-14 10:59:02', '0000-00-00 00:00:00', '0000-00-00 00:00:00'),
(76, '54b63e12-a27c-45c9-b72f-0850a9baf6a0', 'Churain Union Parishad', 'à¦šà§à§œà¦¾à¦‡à¦¨ à¦‡à¦‰à¦¨à¦¿à§Ÿà¦¨ à¦ªà¦°à¦¿à¦·à¦¦', 1, 32, 1, 3, 1, 0, 0, '2015-01-14 10:59:46', '0000-00-00 00:00:00', '0000-00-00 00:00:00'),
(77, '54b63e3f-c294-41bf-8e96-0850a9baf6a0', 'Galimpur Union Parishad', 'à¦—à¦¾à¦²à¦¿à¦®à¦ªà§à¦° à¦‡à¦‰à¦¨à¦¿à§Ÿà¦¨ à¦ªà¦°à¦¿à¦·à¦¦', 1, 32, 1, 3, 1, 0, 0, '2015-01-14 11:00:31', '0000-00-00 00:00:00', '0000-00-00 00:00:00'),
(78, '54b63e6c-a6ac-4ff9-aa2d-0850a9baf6a0', 'Jantrail Union Parishad', 'à¦¯à¦¾à¦¨à§à¦¤à§à¦°à¦¾à¦‡à¦² à¦‡à¦‰à¦¨à¦¿à§Ÿà¦¨ à¦ªà¦°à¦¿à¦·à¦¦', 1, 32, 1, 3, 1, 0, 0, '2015-01-14 11:01:16', '0000-00-00 00:00:00', '0000-00-00 00:00:00'),
(79, '54b63ea1-cce0-4299-aec9-0850a9baf6a0', 'Joykrishnapur Union Parishad', 'à¦œà§Ÿà¦•à§ƒà¦·à§à¦£à¦ªà§à¦° à¦‡à¦‰à¦¨à¦¿à§Ÿà¦¨ à¦ªà¦°à¦¿à¦·à¦¦', 1, 32, 1, 3, 1, 0, 0, '2015-01-14 11:02:09', '0000-00-00 00:00:00', '0000-00-00 00:00:00'),
(80, '54b63ec9-d3a0-4ee1-81a3-0850a9baf6a0', 'Koilail Union Parishad', 'à¦•à§ˆà¦²à¦¾à¦‡à¦² à¦‡à¦‰à¦¨à¦¿à§Ÿà¦¨ à¦ªà¦°à¦¿à¦·à¦¦', 1, 32, 1, 3, 1, 0, 0, '2015-01-14 11:02:49', '0000-00-00 00:00:00', '0000-00-00 00:00:00'),
(81, '54b63efd-044c-45d6-8f79-0850a9baf6a0', 'Kalakopa Union Parishad', 'à¦•à¦²à¦¾à¦•à§‹à¦ªà¦¾  à¦‡à¦‰à¦¨à¦¿à§Ÿà¦¨ à¦ªà¦°à¦¿à¦·à¦¦', 1, 32, 1, 3, 1, 0, 0, '2015-01-14 11:03:41', '0000-00-00 00:00:00', '0000-00-00 00:00:00'),
(82, '54b63f29-e0f0-45a9-a98d-0850a9baf6a0', 'Nayansree Union Parishad', 'à¦¨à§Ÿà¦¨à¦¶à§à¦°à§€ à¦‡à¦‰à¦¨à¦¿à§Ÿà¦¨ à¦ªà¦°à¦¿à¦·à¦¦', 1, 32, 1, 3, 1, 0, 0, '2015-01-14 11:04:25', '0000-00-00 00:00:00', '0000-00-00 00:00:00'),
(83, '54b63f88-f1cc-4284-b136-0850a9baf6a0', 'Shikaripara Union Parishad', 'à¦¶à¦¿à¦•à¦¾à¦°à§€à¦ªà¦¾à§œà¦¾ à¦‡à¦‰à¦¨à¦¿à§Ÿà¦¨ à¦ªà¦°à¦¿à¦·à¦¦', 1, 32, 1, 3, 1, 0, 0, '2015-01-14 11:06:00', '0000-00-00 00:00:00', '0000-00-00 00:00:00'),
(84, '54b63fb0-d8e8-4eb5-a9d1-0850a9baf6a0', 'Sholla Union Parishad', 'à¦¶à§‹à¦²à§à¦²à¦¾ à¦‡à¦‰à¦¨à¦¿à§Ÿà¦¨ à¦ªà¦°à¦¿à¦·à¦¦', 1, 32, 1, 3, 1, 0, 0, '2015-01-14 11:06:40', '0000-00-00 00:00:00', '0000-00-00 00:00:00'),
(85, '54b64627-afa8-48c5-acca-0850a9baf6a0', 'Kushumhati Union Parishad', 'à¦•à§à¦¸à§à¦®à¦¹à¦¾à¦Ÿà¦¿ à¦‡à¦‰à¦¨à¦¿à§Ÿà¦¨ à¦ªà¦°à¦¿à¦·à¦¦', 1, 27, 1, 3, 1, 0, 0, '2015-01-14 11:34:15', '0000-00-00 00:00:00', '0000-00-00 00:00:00'),
(86, '54b6465b-72f0-4298-bbff-0850a9baf6a0', 'Mahmudpur Union Parishad', 'à¦®à¦¾à¦¹à¦®à§à¦¦à¦ªà§à¦° à¦‡à¦‰à¦¨à¦¿à§Ÿà¦¨ à¦ªà¦°à¦¿à¦·à¦¦', 1, 27, 1, 3, 1, 0, 0, '2015-01-14 11:35:07', '0000-00-00 00:00:00', '0000-00-00 00:00:00'),
(87, '54b64680-47d8-473e-9ed7-0850c0a80105', 'Moksedpur Union Parishad', 'à¦®à§à¦•à¦¸à§à¦¦à¦ªà§à¦° à¦‡à¦‰à¦¨à¦¿à§Ÿà¦¨ à¦ªà¦°à¦¿à¦·à¦¦', 1, 27, 1, 3, 1, 0, 0, '2015-01-14 11:35:44', '0000-00-00 00:00:00', '0000-00-00 00:00:00'),
(88, '54b646a8-db20-4b1a-a128-0850c0a80105', 'Narisha Union Parishad', 'à¦¨à¦¾à¦°à¦¿à¦¶à¦¾ à¦‡à¦‰à¦¨à¦¿à§Ÿà¦¨ à¦ªà¦°à¦¿à¦·à¦¦', 1, 27, 1, 3, 1, 0, 0, '2015-01-14 11:36:24', '0000-00-00 00:00:00', '0000-00-00 00:00:00'),
(89, '54b646cb-af30-49b4-9576-0850c0a80105', 'Nayabari Union Parishad', 'à¦¨à§Ÿà¦¾à¦¬à¦¾à§œà§€ à¦‡à¦‰à¦¨à¦¿à§Ÿà¦¨ à¦ªà¦°à¦¿à¦·à¦¦', 1, 27, 1, 3, 1, 0, 0, '2015-01-14 11:36:59', '0000-00-00 00:00:00', '0000-00-00 00:00:00'),
(90, '54b646ec-7474-40db-8ae7-0850a9baf6a0', 'Raipara Union Parishad', 'à¦°à¦¾à¦‡à¦ªà¦¾à§œà¦¾ à¦‡à¦‰à¦¨à¦¿à§Ÿà¦¨ à¦ªà¦°à¦¿à¦·à¦¦', 1, 27, 1, 3, 1, 0, 0, '2015-01-14 11:37:32', '0000-00-00 00:00:00', '0000-00-00 00:00:00'),
(91, '54b6470d-8440-4581-b563-0850a9baf6a0', 'Sutarpara Union Parishad', 'à¦¸à§à¦¤à¦¾à¦°à¦ªà¦¾à§œà¦¾ à¦‡à¦‰à¦¨à¦¿à§Ÿà¦¨ à¦ªà¦°à¦¿à¦·à¦¦', 1, 27, 1, 3, 1, 0, 0, '2015-01-14 11:38:05', '0000-00-00 00:00:00', '0000-00-00 00:00:00'),
(92, '54b64737-bc44-4de1-b8be-0850a9baf6a0', 'Bilashpur Union Parishad', 'à¦¬à¦¿à¦²à¦¾à¦¸à¦ªà§à¦° à¦‡à¦‰à¦¨à¦¿à§Ÿà¦¨ à¦ªà¦°à¦¿à¦·à¦¦', 1, 27, 1, 3, 1, 0, 0, '2015-01-14 11:38:47', '0000-00-00 00:00:00', '0000-00-00 00:00:00'),
(93, '54b647f4-58e0-4c05-bdcb-0850a9baf6a0', 'Tejgaon Circle Upazila', 'à¦¤à§‡à¦œà¦—à¦¾à¦à¦“ à¦¸à¦¾à¦°à§à¦•à§‡à¦² à¦‰à¦ªà¦œà§‡à¦²à¦¾', 1, 2, 1, 2, 1, 0, 0, '2015-01-14 11:41:56', '0000-00-00 00:00:00', '0000-00-00 00:00:00'),
(94, '54b64838-7cf0-4e59-9ef3-0850a9baf6a0', 'Sarulia Union Parishad', 'à¦¸à¦¾à¦°à§à¦²à¦¿à§Ÿà¦¾ à¦‡à¦‰à¦¨à¦¿à§Ÿà¦¨ à¦ªà¦°à¦¿à¦·à¦¦', 1, 93, 1, 3, 1, 0, 0, '2015-01-14 11:43:04', '0000-00-00 00:00:00', '0000-00-00 00:00:00'),
(95, '54b64858-faa8-49c3-8a1b-0850a9baf6a0', 'Beraid Union Parishad', 'à¦¬à§‡à¦°à¦¾à¦‡à¦¦ à¦‡à¦‰à¦¨à¦¿à§Ÿà¦¨ à¦ªà¦°à¦¿à¦·à¦¦', 1, 93, 1, 3, 1, 0, 0, '2015-01-14 11:43:36', '0000-00-00 00:00:00', '0000-00-00 00:00:00'),
(96, '54b64876-1f98-4320-a9cf-0850a9baf6a0', 'Manda Union Parishad', 'à¦®à¦¾à¦¨à§à¦¡à¦¾ à¦‡à¦‰à¦¨à¦¿à§Ÿà¦¨ à¦ªà¦°à¦¿à¦·à¦¦', 1, 93, 1, 3, 1, 0, 0, '2015-01-14 11:44:06', '0000-00-00 00:00:00', '0000-00-00 00:00:00'),
(97, '54b64891-1898-4ffa-8a93-0850a9baf6a0', 'Dania Union Parishad', 'à¦¦à¦¨à¦¿à§Ÿà¦¾ à¦‡à¦‰à¦¨à¦¿à§Ÿà¦¨ à¦ªà¦°à¦¿à¦·à¦¦', 1, 93, 1, 3, 1, 0, 0, '2015-01-14 11:44:33', '0000-00-00 00:00:00', '0000-00-00 00:00:00'),
(98, '54b648b1-b2c8-4d47-814a-0850a9baf6a0', 'Dakshinkhan Union Parishad', 'à¦¦à¦•à§à¦·à¦¿à¦£à¦–à¦¾à¦¨ à¦‡à¦‰à¦¨à¦¿à§Ÿà¦¨ à¦ªà¦°à¦¿à¦·à¦¦', 1, 93, 1, 3, 1, 0, 0, '2015-01-14 11:45:05', '0000-00-00 00:00:00', '0000-00-00 00:00:00'),
(99, '54b648d5-8d04-4a63-92c2-0850a9baf6a0', 'Dakshingaon Union Parishad', 'à¦¦à¦•à§à¦·à¦¿à¦£à¦—à¦¾à¦à¦“ à¦‡à¦‰à¦¨à¦¿à§Ÿà¦¨ à¦ªà¦°à¦¿à¦·à¦¦', 1, 93, 1, 3, 1, 0, 0, '2015-01-14 11:45:41', '0000-00-00 00:00:00', '0000-00-00 00:00:00'),
(100, '54b648f5-137c-490d-ba1b-0850a9baf6a0', 'Harirampur Union Parishad', 'à¦¹à¦°à¦¿à¦°à¦¾à¦®à¦ªà§à¦° à¦‡à¦‰à¦¨à¦¿à§Ÿà¦¨ à¦ªà¦°à¦¿à¦·à¦¦', 1, 93, 1, 3, 1, 0, 0, '2015-01-14 11:46:13', '0000-00-00 00:00:00', '0000-00-00 00:00:00'),
(101, '54b64918-3434-471b-9698-0850a9baf6a0', 'Sultanganj Union Parishad', 'à¦¸à§à¦²à¦¤à¦¾à¦¨à¦—à¦žà§à¦œ à¦‡à¦‰à¦¨à¦¿à§Ÿà¦¨ à¦ªà¦°à¦¿à¦·à¦¦', 1, 93, 1, 3, 1, 0, 0, '2015-01-14 11:46:48', '0000-00-00 00:00:00', '0000-00-00 00:00:00'),
(102, '54b6493c-fbec-489f-a2f0-0850a9baf6a0', 'Satarkul Union Parishad', 'à¦¸à¦¾à¦¤à¦¾à¦°à¦•à§à¦² à¦‡à¦‰à¦¨à¦¿à§Ÿà¦¨ à¦ªà¦°à¦¿à¦·à¦¦', 1, 93, 1, 3, 1, 0, 0, '2015-01-14 11:47:24', '0000-00-00 00:00:00', '0000-00-00 00:00:00'),
(103, '54b64959-c414-4d0a-8291-0850a9baf6a0', 'Nasirabad Union Parishad', 'à¦¨à¦¾à¦¸à¦¿à¦°à¦¾à¦¬à¦¾à¦¦ à¦‡à¦‰à¦¨à¦¿à§Ÿà¦¨ à¦ªà¦°à¦¿à¦·à¦¦', 1, 93, 1, 3, 1, 0, 0, '2015-01-14 11:47:53', '0000-00-00 00:00:00', '0000-00-00 00:00:00'),
(104, '54b6497d-18cc-4b75-8b32-0850a9baf6a0', 'Demra Union Parishad', 'à¦¡à§‡à¦®à¦°à¦¾ à¦‡à¦‰à¦¨à¦¿à§Ÿà¦¨ à¦ªà¦°à¦¿à¦·à¦¦', 1, 93, 1, 3, 1, 0, 0, '2015-01-14 11:48:29', '0000-00-00 00:00:00', '0000-00-00 00:00:00'),
(105, '54b6499f-d620-4456-adb4-0850a9baf6a0', 'Dumni Union Parishad', 'à¦¡à§à¦®à¦¨à¦¿ à¦‡à¦‰à¦¨à¦¿à§Ÿà¦¨ à¦ªà¦°à¦¿à¦·à¦¦', 1, 93, 1, 3, 1, 0, 0, '2015-01-14 11:49:03', '0000-00-00 00:00:00', '0000-00-00 00:00:00'),
(106, '54b649bd-7e38-4d4b-bc41-0850a9baf6a0', 'Uttarkhan Union Parishad', 'à¦‰à¦¤à§à¦¤à¦°à¦–à¦¾à¦¨ à¦‡à¦‰à¦¨à¦¿à§Ÿà¦¨ à¦ªà¦°à¦¿à¦·à¦¦', 1, 93, 1, 3, 1, 0, 0, '2015-01-14 11:49:33', '0000-00-00 00:00:00', '0000-00-00 00:00:00'),
(107, '54b649ee-56a4-4b13-a778-0850a9baf6a0', 'Matuail Union Parishad', 'à¦®à¦¾à¦¤à§à§Ÿà¦¾à¦‡à¦² à¦‡à¦‰à¦¨à¦¿à§Ÿà¦¨ à¦ªà¦°à¦¿à¦·à¦¦', 1, 93, 1, 3, 1, 0, 0, '2015-01-14 11:50:22', '0000-00-00 00:00:00', '0000-00-00 00:00:00'),
(108, '54b64a0d-7eec-4226-bbc6-0850a9baf6a0', 'Badda Union Parishad', 'à¦¬à¦¾à¦¡à§à¦¡à¦¾ à¦‡à¦‰à¦¨à¦¿à§Ÿà¦¨ à¦ªà¦°à¦¿à¦·à¦¦', 1, 93, 1, 3, 1, 0, 0, '2015-01-14 11:50:53', '0000-00-00 00:00:00', '0000-00-00 00:00:00'),
(109, '54b64a2f-9744-4b7f-84e6-0850a9baf6a0', 'Bhatara Union Parishad', 'à¦­à¦¾à¦Ÿà¦¾à¦°à¦¾ à¦‡à¦‰à¦¨à¦¿à§Ÿà¦¨ à¦ªà¦°à¦¿à¦·à¦¦', 1, 93, 1, 3, 1, 0, 0, '2015-01-14 11:51:27', '0000-00-00 00:00:00', '0000-00-00 00:00:00'),
(110, '54b64a5d-577c-476e-bc9d-0850a9baf6a0', 'Shyampur Union Parishad', 'à¦¶à§à¦¯à¦¾à¦®à¦ªà§à¦° à¦‡à¦‰à¦¨à¦¿à§Ÿà¦¨ à¦ªà¦°à¦¿à¦·à¦¦', 1, 93, 1, 3, 1, 0, 0, '2015-01-14 11:52:13', '0000-00-00 00:00:00', '0000-00-00 00:00:00'),
(111, '54b74c1f-9bd4-4796-82e1-139ca9baf6a0', 'Mokimpur', 'à¦®à¦•à¦¿à¦®à¦ªà§à¦°', 1, 35, 1, 4, 1, 0, 0, '2015-01-15 06:11:59', '0000-00-00 00:00:00', '0000-00-00 00:00:00'),
(112, '54b74c36-0194-4d19-9119-139ca9baf6a0', 'Atulla', 'à¦†à¦¤à§à¦²à§à¦²à§à¦¯à¦¾', 1, 35, 1, 4, 1, 0, 0, '2015-01-15 06:12:22', '0000-00-00 00:00:00', '0000-00-00 00:00:00'),
(113, '54b74c5a-b258-40c0-a905-139ca9baf6a0', 'Bangaa Bari', 'à¦¬à¦¾à¦™à§à¦—à¦¾ à¦¬à¦¾à§œà¦¿', 1, 35, 1, 4, 1, 0, 0, '2015-01-15 06:12:58', '0000-00-00 00:00:00', '0000-00-00 00:00:00'),
(114, '54b74c75-de50-461f-b9f9-139ca9baf6a0', 'Munshi Char', 'à¦®à§à¦¨à§à¦¸à¦¿à¦šà¦°', 1, 35, 1, 4, 1, 0, 0, '2015-01-15 06:13:25', '0000-00-00 00:00:00', '0000-00-00 00:00:00'),
(115, '54b74cb9-4124-4954-8ea6-139ca9baf6a0', 'Panchlaxim', 'à¦ªà¦¾à¦šà¦²à¦•à§à¦·à§€', 1, 35, 1, 4, 1, 0, 0, '2015-01-15 06:14:33', '0000-00-00 00:00:00', '0000-00-00 00:00:00'),
(116, '54b74cd2-1610-4bb0-be80-139ca9baf6a0', 'Char Vakulia', 'à¦šà¦° à¦­à¦¾à¦•à§à¦²à¦¿à§Ÿà¦¾', 1, 35, 1, 4, 1, 0, 0, '2015-01-15 06:14:58', '0000-00-00 00:00:00', '0000-00-00 00:00:00'),
(117, '54b74cea-65d4-4a07-94db-139ca9baf6a0', 'Char Rajapur', 'à¦šà¦° à¦°à¦¾à¦œà¦¾à¦ªà§à¦°', 1, 35, 1, 4, 1, 0, 0, '2015-01-15 06:15:22', '0000-00-00 00:00:00', '0000-00-00 00:00:00'),
(118, '54b74d0d-a828-4d40-86e3-139ca9baf6a0', 'Char Chauhati', 'à¦šà¦° à¦šà§Œà¦¹à¦¾à¦Ÿ', 1, 35, 1, 4, 1, 0, 0, '2015-01-15 06:15:57', '0000-00-00 00:00:00', '0000-00-00 00:00:00'),
(119, '54b74d2b-4a2c-426a-9c17-139ca9baf6a0', 'Bamongaon', 'à¦¬à¦¾à¦®à¦¨ à¦—à¦¾à¦“', 1, 35, 1, 4, 1, 0, 0, '2015-01-15 06:16:27', '0000-00-00 00:00:00', '0000-00-00 00:00:00'),
(120, '54b74d48-91f0-49fd-8286-139ca9baf6a0', 'Dhuljhuri', 'à¦§à§‚à¦²à¦œà§à§œà¦¿', 1, 35, 1, 4, 1, 0, 0, '2015-01-15 06:16:56', '0000-00-00 00:00:00', '0000-00-00 00:00:00'),
(121, '54b74d64-443c-477d-907a-139ca9baf6a0', 'Dimukha', 'à¦¦à§à¦¬à¦¿à¦®à§à¦–à¦¾', 1, 35, 1, 4, 1, 0, 0, '2015-01-15 06:17:24', '0000-00-00 00:00:00', '0000-00-00 00:00:00'),
(122, '54b74d7c-5720-4abf-9a48-139ca9baf6a0', 'Kanai Nagar', 'à¦•à¦¾à¦¨à¦¾à¦‡ à¦¨à¦—à¦°', 1, 35, 1, 4, 1, 0, 0, '2015-01-15 06:17:48', '0000-00-00 00:00:00', '0000-00-00 00:00:00'),
(123, '54b74db1-b6d4-4039-8729-139ca9baf6a0', 'Paik Paaraa', 'à¦ªà¦¾à¦‡à¦• à¦ªà¦¾à§œà¦¾', 1, 35, 1, 4, 1, 0, 0, '2015-01-15 06:18:41', '0000-00-00 00:00:00', '0000-00-00 00:00:00'),
(124, '54b74dcb-3d00-4f15-a8b9-139ca9baf6a0', 'Rajapur', 'à¦°à¦¾à¦œà¦¾à¦ªà§à¦°', 1, 35, 1, 4, 1, 0, 0, '2015-01-15 06:19:07', '0000-00-00 00:00:00', '0000-00-00 00:00:00'),
(125, '54b74dea-05c4-4baf-88db-139ca9baf6a0', 'soto Vakulia', 'à¦›à§‹à¦Ÿ à¦­à¦¾à¦•à§à¦²à¦¿à§Ÿà¦¾', 1, 35, 1, 4, 1, 0, 0, '2015-01-15 06:19:38', '0000-00-00 00:00:00', '0000-00-00 00:00:00'),
(126, '54b74e02-27b4-4a43-9140-139ca9baf6a0', 'NayaChar', 'à¦¨à§Ÿà¦¾à¦šà¦°', 1, 35, 1, 4, 1, 0, 0, '2015-01-15 06:20:02', '0000-00-00 00:00:00', '0000-00-00 00:00:00'),
(127, '54b74e1b-3ab4-4793-912b-139ca9baf6a0', 'Chakpaaraa', ' 	  à¦šà¦•à¦ªà¦¾à§œà¦¾', 1, 35, 1, 4, 1, 0, 0, '2015-01-15 06:20:27', '0000-00-00 00:00:00', '0000-00-00 00:00:00'),
(128, '54b74e33-06d8-4123-8662-139ca9baf6a0', 'Dhulot', 'à¦§à§à¦²à¦Ÿ', 1, 35, 1, 4, 1, 0, 0, '2015-01-15 06:20:51', '0000-00-00 00:00:00', '0000-00-00 00:00:00'),
(129, '54b74e4f-ce98-48af-ac66-139ca9baf6a0', 'Shondhitaaraa', 'à¦¸à¦¨à§à¦¦à¦¿à¦¤à¦¾à¦°à¦¾', 1, 35, 1, 4, 1, 0, 0, '2015-01-15 06:21:19', '0000-00-00 00:00:00', '0000-00-00 00:00:00'),
(130, '54b74e6e-c4f4-4032-8b89-139ca9baf6a0', 'Uttar Shippur', 'à¦‰à¦¤à§à¦¤à¦° à¦¶à¦¿à¦ªà¦ªà§à¦°', 1, 35, 1, 4, 1, 0, 0, '2015-01-15 06:21:50', '0000-00-00 00:00:00', '0000-00-00 00:00:00'),
(131, '54b74e93-5470-46aa-83d7-139ca9baf6a0', 'Monoharpur', 'à¦®à¦¨à§‹à¦¹à¦°à¦ªà§à¦°', 1, 35, 1, 4, 1, 0, 0, '2015-01-15 06:22:27', '0000-00-00 00:00:00', '0000-00-00 00:00:00'),
(132, '54b74eb2-5068-4876-9e6f-139ca9baf6a0', 'Jhikutia', 'à¦à¦¿à¦•à§à¦Ÿà¦¿à§Ÿà¦¾', 1, 35, 1, 4, 1, 0, 0, '2015-01-15 06:22:58', '0000-00-00 00:00:00', '0000-00-00 00:00:00'),
(133, '54b74ed2-2b54-4c11-aa80-139ca9baf6a0', 'Boro Vakulia', 'à¦¬à§œ à¦­à¦¾à¦•à§à¦²à¦¿à§Ÿà¦¾', 1, 35, 1, 4, 1, 0, 0, '2015-01-15 06:23:30', '0000-00-00 00:00:00', '0000-00-00 00:00:00'),
(134, '54b74ef9-f564-4528-a3ae-139ca9baf6a0', 'Ghuni Vakulia', 'à¦˜à§à¦¨à¦¿ à¦­à¦¾à¦•à§à¦²à¦¿à§Ÿà¦¾', 1, 35, 1, 4, 1, 0, 0, '2015-01-15 06:24:09', '0000-00-00 00:00:00', '0000-00-00 00:00:00'),
(135, '54b74f1b-6508-4c65-8529-139ca9baf6a0', 'Chauhati', 'à¦šà§Œà¦¹à¦¾à¦Ÿ', 1, 35, 1, 4, 1, 0, 0, '2015-01-15 06:24:43', '0000-00-00 00:00:00', '0000-00-00 00:00:00'),
(136, '54b74f35-4478-432d-bcb2-139ca9baf6a0', 'Bangola', 'à¦¬à¦¾à¦™à§à¦—à¦²à¦¾', 1, 35, 1, 4, 1, 0, 0, '2015-01-15 06:25:09', '0000-00-00 00:00:00', '0000-00-00 00:00:00'),
(137, '54b74f4f-69a0-444b-b6d8-139ca9baf6a0', 'Paaraa Gram', 'à¦ªà¦¾à§œà¦¾ à¦—à§à¦°à¦¾à¦®', 1, 35, 1, 4, 1, 0, 0, '2015-01-15 06:25:35', '0000-00-00 00:00:00', '0000-00-00 00:00:00'),
(138, '54b75217-ee5c-4f39-ae06-139cc0a80104', 'Aagjathail', 'à¦†à¦—à¦œà§‡à¦ à¦¾à¦‡à¦²', 1, 29, 1, 4, 1, 0, 0, '2015-01-15 06:37:27', '0000-00-00 00:00:00', '0000-00-00 00:00:00'),
(139, '54b75233-8a54-4255-a779-139ca9baf6a0', 'Kacha Rajapur', 'à¦•à¦¾à¦à¦šà¦¾ à¦°à¦¾à¦œà¦¾à¦ªà§à¦°', 1, 29, 1, 4, 1, 0, 0, '2015-01-15 06:37:55', '0000-00-00 00:00:00', '0000-00-00 00:00:00'),
(140, '54b75250-ae78-475f-adb1-139ca9baf6a0', 'Joar Amta', 'à¦œà§‹à§Ÿà¦¾à¦° à¦†à¦®à¦¤à¦¾', 1, 29, 1, 4, 1, 0, 0, '2015-01-15 06:38:24', '0000-00-00 00:00:00', '0000-00-00 00:00:00'),
(141, '54b75268-2400-4721-bbdc-139ca9baf6a0', 'Amta', 'à¦†à¦®à¦¤à¦¾', 1, 29, 1, 4, 1, 0, 0, '2015-01-15 06:38:48', '0000-00-00 00:00:00', '0000-00-00 00:00:00'),
(142, '54b75280-f20c-4fab-b558-139ca9baf6a0', 'Dakatmaraa', 'à¦¡à¦¾à¦•à¦¾à¦¤à¦®à¦¾à¦°à¦¾', 1, 29, 1, 4, 1, 0, 0, '2015-01-15 06:39:12', '0000-00-00 00:00:00', '0000-00-00 00:00:00'),
(143, '54b7529d-8368-493c-a993-139ca9baf6a0', 'Boro Jathail', 'à¦¬à§œ à¦œà§‡à¦ à¦¾à¦‡à¦²', 1, 29, 1, 4, 1, 0, 0, '2015-01-15 06:39:41', '0000-00-00 00:00:00', '0000-00-00 00:00:00'),
(144, '54b752c0-9b0c-4443-ae94-139ca9baf6a0', 'Boro Narayanpur', 'à¦¬à§œ à¦¨à¦¾à¦°à¦¾à§Ÿà¦¨à¦ªà§à¦°', 1, 29, 1, 4, 1, 0, 0, '2015-01-15 06:40:16', '0000-00-00 00:00:00', '0000-00-00 00:00:00'),
(145, '54b752dc-17a4-43d9-a8b5-139ca9baf6a0', 'NayaChar', 'à¦¨à§Ÿà¦¾à¦šà¦°', 1, 29, 1, 4, 1, 0, 0, '2015-01-15 06:40:44', '0000-00-00 00:00:00', '0000-00-00 00:00:00'),
(146, '54b752f9-e760-4ba8-8752-139ca9baf6a0', 'Baukhonda', 'à¦¬à¦¾à¦‰à¦–à¦¨à§à¦¡', 1, 29, 1, 4, 1, 0, 0, '2015-01-15 06:41:13', '0000-00-00 00:00:00', '0000-00-00 00:00:00'),
(147, '54b7531c-c11c-4824-a0eb-139ca9baf6a0', 'Naandashowri', 'à¦¨à¦¾à¦¨à§à¦¦à§‡à¦¶à§à¦¬à¦°à§€', 1, 29, 1, 4, 1, 0, 0, '2015-01-15 06:41:48', '0000-00-00 00:00:00', '0000-00-00 00:00:00'),
(148, '54b75334-df48-4154-8642-139ca9baf6a0', 'Shialupaaraa', 'à¦¶à¦¿à§Ÿà¦¾à¦²à§à¦ªà¦¾à§œà¦¾', 1, 29, 1, 4, 1, 0, 0, '2015-01-15 06:42:12', '0000-00-00 00:00:00', '0000-00-00 00:00:00'),
(149, '54b7534f-87b0-401a-869e-139ca9baf6a0', 'Nayapaaraa', 'à¦¨à§Ÿà¦¾à¦ªà¦¾à§œà¦¾', 1, 29, 1, 4, 1, 0, 0, '2015-01-15 06:42:39', '0000-00-00 00:00:00', '0000-00-00 00:00:00'),
(150, '54b75365-29ac-447d-8949-139ca9baf6a0', 'Jogotnagar', 'à¦œà¦—à§Žà¦¨à¦—à¦°', 1, 29, 1, 4, 1, 0, 0, '2015-01-15 06:43:01', '0000-00-00 00:00:00', '0000-00-00 00:00:00'),
(151, '54b7545a-2aa4-4281-87eb-139ca9baf6a0', 'Oahedpur', 'à¦“à¦¯à¦¼à¦¾à¦¹à§‡à¦¦à¦ªà§à¦°', 1, 33, 1, 4, 1, 0, 0, '2015-01-15 06:47:06', '0000-00-00 00:00:00', '0000-00-00 00:00:00'),
(152, '54b75475-51a4-43ca-a839-139ca9baf6a0', 'Narayanpur', 'à¦¨à¦¾à¦°à¦¾à¦¯à¦¼à¦¨à¦ªà§à¦°', 1, 33, 1, 4, 1, 0, 0, '2015-01-15 06:47:33', '0000-00-00 00:00:00', '0000-00-00 00:00:00'),
(153, '54b754e0-5ce0-4946-8939-139ca9baf6a0', 'Abdullahpur', 'à¦†à¦¬à§à¦¦à§à¦²à§à¦²à¦¾à¦¹à¦ªà§à¦°', 1, 33, 1, 4, 1, 0, 0, '2015-01-15 06:49:20', '0000-00-00 00:00:00', '0000-00-00 00:00:00'),
(154, '54b754f5-26f8-4ed9-bb5f-139ca9baf6a0', 'Jinnotpur', 'à¦œà¦¿à¦¨à§à¦¨à¦¤à¦ªà§à¦°', 1, 33, 1, 4, 1, 0, 0, '2015-01-15 06:49:41', '0000-00-00 00:00:00', '0000-00-00 00:00:00'),
(155, '54b75512-f028-46ec-b186-139ca9baf6a0', 'Raamnagar', 'à¦°à¦¾à¦®à¦¨à¦—à¦°', 1, 33, 1, 4, 1, 0, 0, '2015-01-15 06:50:10', '0000-00-00 00:00:00', '0000-00-00 00:00:00'),
(156, '54b75533-1424-4a9d-88a8-139ca9baf6a0', 'Noaakandi', 'à¦¨à§‹à¦¯à¦¼à¦¾à¦•à¦¾à¦¨à§à¦¦à¦¿', 1, 33, 1, 4, 1, 0, 0, '2015-01-15 06:50:43', '0000-00-00 00:00:00', '0000-00-00 00:00:00'),
(157, '54b75550-4c10-484a-a343-139ca9baf6a0', 'Putiapaaraa', 'à¦ªà§à¦Ÿà¦¿à¦¯à¦¼à¦¾à¦ªà¦¾à¦¡à¦¼à¦¾', 1, 33, 1, 4, 1, 0, 0, '2015-01-15 06:51:12', '0000-00-00 00:00:00', '0000-00-00 00:00:00'),
(158, '54b7556f-f46c-4f53-b757-139ca9baf6a0', 'Raajapur', 'à¦°à¦¾à¦œà¦¾à¦ªà§à¦°', 1, 33, 1, 4, 1, 0, 0, '2015-01-15 06:51:43', '0000-00-00 00:00:00', '0000-00-00 00:00:00'),
(159, '54b75586-ac80-4946-a731-139ca9baf6a0', 'shubil', 'à¦¸à§à¦¬à¦¿à¦²', 1, 33, 1, 4, 1, 0, 0, '2015-01-15 06:52:06', '0000-00-00 00:00:00', '0000-00-00 00:00:00'),
(160, '54b7559f-9c90-48bd-9e42-139ca9baf6a0', 'Ragobpur', 'à¦°à¦¾à¦˜à¦¬à¦ªà§à¦°', 1, 33, 1, 4, 1, 0, 0, '2015-01-15 06:52:31', '0000-00-00 00:00:00', '0000-00-00 00:00:00'),
(161, '54b755b8-59fc-4585-913d-139ca9baf6a0', 'Shibnagar', 'à¦¶à¦¿à¦¬à¦¨à¦—à¦°', 1, 33, 1, 4, 1, 0, 0, '2015-01-15 06:52:56', '0000-00-00 00:00:00', '0000-00-00 00:00:00'),
(162, '54b755ce-523c-4721-9bb2-139ca9baf6a0', 'Kanibil', 'à¦•à¦¾à¦¨à¦¿à¦¬à¦¿à¦²', 1, 33, 1, 4, 1, 0, 0, '2015-01-15 06:53:18', '0000-00-00 00:00:00', '0000-00-00 00:00:00'),
(163, '54b755ea-a94c-435c-bd90-139ca9baf6a0', 'Taanchaara', 'à¦Ÿà¦¾à¦¨à¦šà¦¾à¦°à¦¾', 1, 33, 1, 4, 1, 0, 0, '2015-01-15 06:53:46', '0000-00-00 00:00:00', '0000-00-00 00:00:00'),
(164, '54b75607-e9f4-439f-92d5-139ca9baf6a0', 'Bhurirpar', 'à¦¬à§à¦¡à¦¼à¦¿à¦°à¦ªà¦¾à¦¡à¦¼', 1, 33, 1, 4, 1, 0, 0, '2015-01-15 06:54:15', '0000-00-00 00:00:00', '0000-00-00 00:00:00'),
(165, '54b75620-7928-423a-aa3b-139ca9baf6a0', 'Syedpur', 'à¦¸à§ˆà¦¯à¦¼à¦¦à¦ªà§à¦°', 1, 33, 1, 4, 1, 0, 0, '2015-01-15 06:54:40', '0000-00-00 00:00:00', '0000-00-00 00:00:00'),
(166, '54b75637-295c-4f35-8d3d-139ca9baf6a0', 'Hadipur', 'à¦¹à¦¾à¦¦à¦¿à¦ªà§à¦°', 1, 33, 1, 4, 1, 0, 0, '2015-01-15 06:55:03', '0000-00-00 00:00:00', '0000-00-00 00:00:00'),
(167, '54b75652-69fc-4e4a-a3fe-139ca9baf6a0', 'Masuabaad', 'à¦®à¦¾à¦›à§à¦¯à¦¼à¦¾à¦¬à¦¾à¦¦', 1, 33, 1, 4, 1, 0, 0, '2015-01-15 06:55:30', '0000-00-00 00:00:00', '0000-00-00 00:00:00'),
(168, '54b75668-8948-4ae9-b942-139ca9baf6a0', 'Khaalpaar', 'à¦–à¦¾à¦²à¦ªà¦¾à¦¡à¦¼', 1, 33, 1, 4, 1, 0, 0, '2015-01-15 06:55:52', '0000-00-00 00:00:00', '0000-00-00 00:00:00'),
(169, '54b75696-5338-46e7-a6fe-139ca9baf6a0', 'Pashsim Pomkaaraa', 'à¦ªà¦¶à§à¦šà¦¿à¦® à¦ªà§‹à¦®à¦•à¦¾à¦¡à¦¼à¦¾', 1, 33, 1, 4, 1, 0, 0, '2015-01-15 06:56:38', '0000-00-00 00:00:00', '0000-00-00 00:00:00'),
(170, '54b757fb-bab8-400d-b469-139ca9baf6a0', 'Bhuraail', 'à¦­à§‚à¦°à¦¾à¦‡à¦²', 1, 30, 1, 4, 1, 0, 0, '2015-01-15 07:02:35', '0000-00-00 00:00:00', '0000-00-00 00:00:00'),
(171, '54b75817-beb4-484d-ad8c-139ca9baf6a0', 'Kodamtoli', 'à¦•à¦¦à¦®à¦¤à¦²à§€', 1, 30, 1, 4, 1, 0, 0, '2015-01-15 07:03:03', '0000-00-00 00:00:00', '0000-00-00 00:00:00'),
(172, '54b75834-7ec0-4931-9e39-139ca9baf6a0', 'Aanaliakhola', 'à¦†à¦¨à¦¾à¦²à¦¿à§Ÿà¦¾à¦–à§‹à¦²à¦¾', 1, 30, 1, 4, 1, 0, 0, '2015-01-15 07:03:32', '0000-00-00 00:00:00', '0000-00-00 00:00:00'),
(173, '54b7584d-5760-4e03-aec4-139ca9baf6a0', 'Rogunaathpur', 'à¦°à¦˜à§à¦¨à¦¾à¦¥à¦ªà§à¦°', 1, 30, 1, 4, 1, 0, 0, '2015-01-15 07:03:57', '0000-00-00 00:00:00', '0000-00-00 00:00:00'),
(174, '54b75863-5c58-495f-8cbf-139ca9baf6a0', 'Raamnagar', 'à¦°à¦¾à¦®à¦¨à¦—à¦°', 1, 30, 1, 4, 1, 0, 0, '2015-01-15 07:04:19', '0000-00-00 00:00:00', '0000-00-00 00:00:00'),
(175, '54b75888-28a4-4cde-864a-139ca9baf6a0', 'Chondishor', 'à¦šà¦¨à§à¦¡à¦¿à¦¶à§à¦¬à¦°', 1, 30, 1, 4, 1, 0, 0, '2015-01-15 07:04:56', '0000-00-00 00:00:00', '0000-00-00 00:00:00'),
(176, '54b758a4-a3f8-4d11-9ae2-139ca9baf6a0', 'Jamiraabari', 'à¦œà¦¾à¦®à¦¿à¦°à¦¾à¦¬à¦¾à§œà§€', 1, 30, 1, 4, 1, 0, 0, '2015-01-15 07:05:24', '0000-00-00 00:00:00', '0000-00-00 00:00:00'),
(177, '54b758c0-6c30-4645-91bf-139ca9baf6a0', 'Golakaanda', 'à¦—à§‹à¦²à¦¾à¦•à¦¾à¦¨à§à¦¦à¦¾', 1, 30, 1, 4, 1, 0, 0, '2015-01-15 07:05:52', '0000-00-00 00:00:00', '0000-00-00 00:00:00'),
(178, '54b758da-47ec-4692-b404-139ca9baf6a0', 'Bhagaair', 'à¦¬à¦¾à¦˜à¦¾à¦‡à¦°', 1, 30, 1, 4, 1, 0, 0, '2015-01-15 07:06:18', '0000-00-00 00:00:00', '0000-00-00 00:00:00'),
(179, '54b758f5-38a8-4d0d-b784-139ca9baf6a0', 'Berosh', 'à¦¬à§‡à¦°à¦¶', 1, 30, 1, 4, 1, 0, 0, '2015-01-15 07:06:45', '0000-00-00 00:00:00', '0000-00-00 00:00:00'),
(180, '54b7590b-a380-44fa-b0cd-139ca9baf6a0', 'Shibnagar', 'à¦¶à¦¿à¦¬à¦¨à¦—à¦°', 1, 30, 1, 4, 1, 0, 0, '2015-01-15 07:07:07', '0000-00-00 00:00:00', '0000-00-00 00:00:00'),
(181, '54b7591f-7d48-41a0-942e-139ca9baf6a0', 'Kanibil', 'à¦•à¦¾à¦¨à¦¿à¦¬à¦¿à¦²', 1, 30, 1, 4, 1, 0, 0, '2015-01-15 07:07:27', '0000-00-00 00:00:00', '0000-00-00 00:00:00'),
(182, '54b75935-e4e4-474b-8fcc-139ca9baf6a0', 'Taanchaara', 'à¦Ÿà¦¾à¦¨à¦šà¦¾à¦°à¦¾', 1, 30, 1, 4, 1, 0, 0, '2015-01-15 07:07:49', '0000-00-00 00:00:00', '0000-00-00 00:00:00'),
(183, '54b7594e-76b4-47c3-9b6f-139ca9baf6a0', 'Kandaapotol', 'à¦•à¦¾à¦¨à§à¦¦à¦¾à¦ªà¦Ÿà¦²', 1, 30, 1, 4, 1, 0, 0, '2015-01-15 07:08:14', '0000-00-00 00:00:00', '0000-00-00 00:00:00'),
(184, '54b75963-d92c-49fa-8532-139ca9baf6a0', 'Mongolbari', 'à¦®à¦™à§à¦—à¦²à¦¬à¦¾à§œà§€', 1, 30, 1, 4, 1, 0, 0, '2015-01-15 07:08:35', '0000-00-00 00:00:00', '0000-00-00 00:00:00'),
(185, '54b75990-6290-4723-9d94-139ca9baf6a0', 'Chondipur', 'à¦šà¦¨à§à¦¡à¦¿à¦ªà§à¦°', 1, 30, 1, 4, 1, 0, 0, '2015-01-15 07:09:20', '0000-00-00 00:00:00', '0000-00-00 00:00:00'),
(186, '54b759b9-8bf4-48c7-8855-139ca9baf6a0', 'Rogunaathpur', 'à¦°à¦˜à§à¦¨à¦¾à¦¥à¦ªà§à¦°', 1, 30, 1, 4, 1, 0, 0, '2015-01-15 07:10:01', '0000-00-00 00:00:00', '0000-00-00 00:00:00'),
(187, '54b759d0-d15c-4290-8f26-139ca9baf6a0', 'Terdaanaa', 'à¦¤à§‡à¦°à¦¦à¦¾à¦¨à¦¾', 1, 30, 1, 4, 1, 0, 0, '2015-01-15 07:10:24', '0000-00-00 00:00:00', '0000-00-00 00:00:00'),
(188, '54b759e2-f3e0-4aa3-af49-139ca9baf6a0', 'Kaser', 'à¦•à¦¾à¦›à§‡à¦°', 1, 30, 1, 4, 1, 0, 0, '2015-01-15 07:10:42', '0000-00-00 00:00:00', '0000-00-00 00:00:00'),
(189, '54b759fe-77f4-4c74-a4fc-139ca9baf6a0', 'Baisakanda', 'à¦¬à¦¾à¦‡à¦¶à¦¾à¦•à¦¾à¦¨à§à¦¦à¦¾  ', 1, 30, 1, 4, 1, 0, 0, '2015-01-15 07:11:10', '0000-00-00 00:00:00', '0000-00-00 00:00:00'),
(190, '54b75f4e-3c2c-4609-ad1e-139ca9baf6a0', 'Modhudanga', 'à¦®à¦§à§à¦¡à¦¾à¦™à§à¦—à¦¾', 1, 40, 1, 4, 1, 0, 0, '2015-01-15 07:33:50', '0000-00-00 00:00:00', '0000-00-00 00:00:00'),
(191, '54b75f70-37d0-4475-ab31-139ca9baf6a0', 'Bonkhortola', 'à¦¬à¦‚à¦–à¦°à¦¤à¦²à¦¾', 1, 40, 1, 4, 1, 0, 0, '2015-01-15 07:34:24', '0000-00-00 00:00:00', '0000-00-00 00:00:00'),
(192, '54b75f8b-0418-45f5-98df-139ca9baf6a0', 'Toperbari', 'à¦Ÿà§‹à¦ªà§‡à¦°à¦¬à¦¾à§œà§€', 1, 40, 1, 4, 1, 0, 0, '2015-01-15 07:34:51', '0000-00-00 00:00:00', '0000-00-00 00:00:00'),
(193, '54b75fa7-9b30-4785-a2f8-139ca9baf6a0', 'Dalipaaraa', 'à¦¡à¦¾à¦²à¦¿à¦ªà¦¾à§œà¦¾', 1, 40, 1, 4, 1, 0, 0, '2015-01-15 07:35:19', '0000-00-00 00:00:00', '0000-00-00 00:00:00'),
(194, '54b75fca-9970-4c70-919d-139ca9baf6a0', 'Paankaata', 'à¦ªà¦¾à¦¨à¦•à¦¾à¦¤à§à¦¤à¦¾', 1, 40, 1, 4, 1, 0, 0, '2015-01-15 07:35:54', '0000-00-00 00:00:00', '0000-00-00 00:00:00'),
(195, '54b76075-1b84-4e89-aeff-139ca9baf6a0', 'Boinna', 'à¦¬à§ˆà¦¨à§à¦¯à¦¾', 1, 40, 1, 4, 1, 0, 0, '2015-01-15 07:38:45', '0000-00-00 00:00:00', '0000-00-00 00:00:00'),
(196, '54b7608e-095c-4bd2-a47b-139ca9baf6a0', 'Bonbari', 'à¦¬à¦¨à¦¬à¦¾à§œà§€', 1, 40, 1, 4, 1, 0, 0, '2015-01-15 07:39:10', '0000-00-00 00:00:00', '0000-00-00 00:00:00'),
(197, '54b760a9-92f0-40b0-a136-139ca9baf6a0', 'Bangroa', 'à¦¬à§‡à¦‚à¦°à§‹à§Ÿà¦¾', 1, 40, 1, 4, 1, 0, 0, '2015-01-15 07:39:37', '0000-00-00 00:00:00', '0000-00-00 00:00:00'),
(198, '54b760ca-caa4-4a62-bd37-139ca9baf6a0', 'Shoildhoraa', 'à¦¶à§ˆà¦²à¦§à¦°à¦¾', 1, 40, 1, 4, 1, 0, 0, '2015-01-15 07:40:10', '0000-00-00 00:00:00', '0000-00-00 00:00:00'),
(199, '54b760ec-3ff4-47e2-a918-139ca9baf6a0', 'Haat Kushuraa', 'à¦¹à¦¾à¦Ÿ à¦•à§à¦¶à§à¦°à¦¾', 1, 40, 1, 4, 1, 0, 0, '2015-01-15 07:40:44', '0000-00-00 00:00:00', '0000-00-00 00:00:00'),
(200, '54b76126-c2a8-400e-8a1d-139ca9baf6a0', 'Kaantaahaati', 'à¦•à¦¾à¦¨à§à¦Ÿà¦¾à¦¹à¦¾à¦Ÿà§€', 1, 40, 1, 4, 1, 0, 0, '2015-01-15 07:41:42', '0000-00-00 00:00:00', '0000-00-00 00:00:00'),
(201, '54b76142-9d90-4d5e-ae20-139ca9baf6a0', 'Paaraagraam', 'à¦ªà¦¾à§œà¦¾à¦—à§à¦°à¦¾à¦®', 1, 40, 1, 4, 1, 0, 0, '2015-01-15 07:42:10', '0000-00-00 00:00:00', '0000-00-00 00:00:00'),
(202, '54b7615f-0a50-465b-b91b-139ca9baf6a0', 'Shulshulia', 'à¦¶à§à¦²à¦¶à§à¦²à¦¿à§Ÿà¦¾', 1, 40, 1, 4, 1, 0, 0, '2015-01-15 07:42:39', '0000-00-00 00:00:00', '0000-00-00 00:00:00'),
(203, '54b76177-174c-4efd-8039-139ca9baf6a0', 'Horidashpur', 'à¦¹à¦°à¦¿à¦¦à¦¾à¦¸à¦ªà§à¦°', 1, 40, 1, 4, 1, 0, 0, '2015-01-15 07:43:03', '0000-00-00 00:00:00', '0000-00-00 00:00:00'),
(204, '54b76192-ff5c-4080-a55b-139ca9baf6a0', 'Khagormoraa', 'à¦–à¦¾à¦—à¦°à¦®à§‹à§œà¦¾', 1, 40, 1, 4, 1, 0, 0, '2015-01-15 07:43:30', '0000-00-00 00:00:00', '0000-00-00 00:00:00'),
(205, '54b761a9-bcd0-4481-9880-139ca9baf6a0', 'Daokhola', 'à¦¦à§‡à¦“à¦–à§‹à¦²à¦¾', 1, 40, 1, 4, 1, 0, 0, '2015-01-15 07:43:53', '0000-00-00 00:00:00', '0000-00-00 00:00:00'),
(206, '54b761bf-be24-4d6d-a613-139ca9baf6a0', 'Nimatoli', 'à¦¨à¦¿à¦®à¦¾à¦¤à¦²à§€', 1, 40, 1, 4, 1, 0, 0, '2015-01-15 07:44:15', '0000-00-00 00:00:00', '0000-00-00 00:00:00'),
(207, '54b761e0-0ff0-48f5-9818-139ca9baf6a0', 'Purbo Baujaa', 'à¦ªà§‚à¦°à§à¦¬ à¦¬à¦¾à¦‰à¦œà¦¾', 1, 40, 1, 4, 1, 0, 0, '2015-01-15 07:44:48', '0000-00-00 00:00:00', '0000-00-00 00:00:00'),
(208, '54b761fa-f37c-4b9f-89c3-139ca9baf6a0', 'Poshim Baujaa', 'à¦ªà¦¶à§à¦šà¦¿à¦® à¦¬à¦¾à¦‰à¦œà¦¾', 1, 40, 1, 4, 1, 0, 0, '2015-01-15 07:45:14', '0000-00-00 00:00:00', '0000-00-00 00:00:00');
INSERT INTO `locations` (`id`, `locationuuid`, `locationname`, `locationnamebn`, `locationisparent`, `locationparentid`, `locationisactive`, `locationstep`, `locationinsertid`, `locationupdateid`, `locationdeleteid`, `locationinsertdate`, `locationupdatedate`, `locationdeletedate`) VALUES
(209, '54b76216-71e0-45a6-aeaf-139ca9baf6a0', 'Raamdaair', 'à¦°à¦¾à¦®à¦¦à¦¾à¦‡à¦°', 1, 40, 1, 4, 1, 0, 0, '2015-01-15 07:45:42', '0000-00-00 00:00:00', '0000-00-00 00:00:00'),
(210, '54b7622c-6138-4e65-bc8f-139ca9baf6a0', 'Losonkhola', 'à¦²à§‹à¦šà¦¨à¦–à§‹à¦²à¦¾', 1, 40, 1, 4, 1, 0, 0, '2015-01-15 07:46:04', '0000-00-00 00:00:00', '0000-00-00 00:00:00'),
(211, '54b76242-e3bc-4a04-b1b8-139ca9baf6a0', 'Shakhuaa', 'à¦¶à¦¾à¦–à§à§Ÿà¦¾', 1, 40, 1, 4, 1, 0, 0, '2015-01-15 07:46:26', '0000-00-00 00:00:00', '0000-00-00 00:00:00'),
(212, '54b7625c-40a8-4f93-a7e5-139ca9baf6a0', 'Kulindaa', 'à¦•à§à¦²à¦¿à¦¨à§à¦¦à¦¾', 1, 40, 1, 4, 1, 0, 0, '2015-01-15 07:46:52', '0000-00-00 00:00:00', '0000-00-00 00:00:00'),
(213, '54b76276-3e10-4c09-8a62-139ca9baf6a0', 'Baannaakhola', 'à¦¬à¦¾à¦¨à§à¦¨à¦¾à¦–à§‹à¦²à¦¾', 1, 40, 1, 4, 1, 0, 0, '2015-01-15 07:47:18', '0000-00-00 00:00:00', '0000-00-00 00:00:00'),
(214, '54b76290-6984-4e9f-8f92-139ca9baf6a0', 'Bhurbaria', 'à¦­à§‚à¦°à¦¬à¦¾à§œà§€à§Ÿà¦¾', 1, 40, 1, 4, 1, 0, 0, '2015-01-15 07:47:44', '0000-00-00 00:00:00', '0000-00-00 00:00:00'),
(215, '54b762aa-e7e0-4e77-95bb-139ca9baf6a0', 'Nater Khola', 'à¦¨à¦¾à¦Ÿà§‡à¦° à¦–à§‹à¦²à¦¾', 1, 40, 1, 4, 1, 0, 0, '2015-01-15 07:48:10', '0000-00-00 00:00:00', '0000-00-00 00:00:00'),
(216, '54b762c2-8cf8-4209-844a-139ca9baf6a0', 'Golail', 'à¦—à§‹à¦²à¦¾à¦‡à¦²', 1, 40, 1, 4, 1, 0, 0, '2015-01-15 07:48:34', '0000-00-00 00:00:00', '0000-00-00 00:00:00'),
(217, '54b762df-670c-4b01-8519-139ca9baf6a0', 'Chondrabari', 'à¦šà¦¨à§à¦¦à§à¦°à¦¬à¦¾à§œà§€', 1, 40, 1, 4, 1, 0, 0, '2015-01-15 07:49:03', '0000-00-00 00:00:00', '0000-00-00 00:00:00'),
(218, '54b762f5-7c2c-4843-9450-139ca9baf6a0', 'Bannol', 'à¦¬à¦¾à¦¨à§à¦¨à¦²', 1, 40, 1, 4, 1, 0, 0, '2015-01-15 07:49:25', '0000-00-00 00:00:00', '0000-00-00 00:00:00'),
(219, '54b76316-bec0-41f2-9045-139ca9baf6a0', 'Bochar bari', 'à¦¬à§‹à¦šà¦¾à¦° à¦¬à¦¾à§œà§€', 1, 40, 1, 4, 1, 0, 0, '2015-01-15 07:49:58', '0000-00-00 00:00:00', '0000-00-00 00:00:00'),
(220, '54b7632d-e818-450c-a5c9-139ca9baf6a0', 'Myjhaal', 'à¦®à¦¾à¦‡à¦à¦¾à¦²', 1, 40, 1, 4, 1, 0, 0, '2015-01-15 07:50:21', '0000-00-00 00:00:00', '0000-00-00 00:00:00'),
(221, '54b76345-6260-45e8-baf1-139ca9baf6a0', 'Sytrabari', 'à¦¸à¦¾à¦‡à¦Ÿà§à¦°à¦¾à¦¬à¦¾à§œà§€', 1, 40, 1, 4, 1, 0, 0, '2015-01-15 07:50:45', '0000-00-00 00:00:00', '0000-00-00 00:00:00'),
(222, '54b76361-5eb8-4a55-8580-139ca9baf6a0', 'Haterkandaa', 'à¦¹à¦¾à¦Ÿà§‡à¦° à¦•à¦¾à¦¨à§à¦¦à¦¾', 1, 40, 1, 4, 1, 0, 0, '2015-01-15 07:51:13', '0000-00-00 00:00:00', '0000-00-00 00:00:00'),
(223, '54b7637f-d6a0-42ee-aee3-139ca9baf6a0', 'Aag Gaaraail', 'à¦†à¦— à¦—à¦¾à§œà¦¾à¦‡à¦²', 1, 40, 1, 4, 1, 0, 0, '2015-01-15 07:51:43', '0000-00-00 00:00:00', '0000-00-00 00:00:00'),
(224, '54b76397-124c-4eed-bbe5-139ca9baf6a0', 'Bychaail', 'à¦¬à¦¾à¦‡à¦šà¦¾à¦‡à¦²', 1, 40, 1, 4, 1, 0, 0, '2015-01-15 07:52:07', '0000-00-00 00:00:00', '0000-00-00 00:00:00'),
(225, '54b763bc-6260-489c-8cc0-139ca9baf6a0', 'Beki Gaarail', 'à¦¬à§‡à¦•à§€ à¦—à¦¾à§œà¦¾à¦‡à¦²', 1, 40, 1, 4, 1, 0, 0, '2015-01-15 07:52:44', '0000-00-00 00:00:00', '0000-00-00 00:00:00'),
(226, '54b763d8-c060-4dbb-9a03-139ca9baf6a0', 'Durgapur Garail', 'à¦¦à§‚à¦°à§à¦—à¦¾à¦ªà§à¦° à¦—à¦¾à§œà¦¾à¦‡à¦²', 1, 40, 1, 4, 1, 0, 0, '2015-01-15 07:53:12', '0000-00-00 00:00:00', '0000-00-00 00:00:00'),
(227, '54b763f3-6c18-4af7-a8b8-139ca9baf6a0', 'Haluaapaaraa', 'à¦¹à¦¾à¦²à§à§Ÿà¦¾à¦ªà¦¾à§œà¦¾', 1, 40, 1, 4, 1, 0, 0, '2015-01-15 07:53:39', '0000-00-00 00:00:00', '0000-00-00 00:00:00'),
(228, '54b7640a-116c-4ad8-b5b7-139ca9baf6a0', 'Kathaalia', 'à¦•à¦¾à¦ à¦¾à¦²à¦¿à§Ÿà¦¾', 1, 40, 1, 4, 1, 0, 0, '2015-01-15 07:54:02', '0000-00-00 00:00:00', '0000-00-00 00:00:00'),
(229, '54b76423-32c4-4306-b6a1-139ca9baf6a0', 'Kuni Kushuraa', 'à¦•à§à¦¨à¦¿ à¦•à§à¦¶à§à¦°à¦¾', 1, 40, 1, 4, 1, 0, 0, '2015-01-15 07:54:27', '0000-00-00 00:00:00', '0000-00-00 00:00:00'),
(230, '54b7643f-e84c-4d3d-8b78-139ca9baf6a0', 'Kushuraa', 'à¦•à§à¦¶à§à¦°à¦¾', 1, 40, 1, 4, 1, 0, 0, '2015-01-15 07:54:55', '0000-00-00 00:00:00', '0000-00-00 00:00:00'),
(231, '54b7645d-bf4c-4145-96f0-139ca9baf6a0', 'Baainbari', 'à¦¬à¦¾à¦‡à¦¨à¦¬à¦¾à§œà§€', 1, 40, 1, 4, 1, 0, 0, '2015-01-15 07:55:25', '0000-00-00 00:00:00', '0000-00-00 00:00:00'),
(232, '54b7647a-1c24-448e-b23a-139ca9baf6a0', 'Nobograam', 'à¦¨à¦¬à¦—à§à¦°à¦¾à¦®', 1, 40, 1, 4, 1, 0, 0, '2015-01-15 07:55:54', '0000-00-00 00:00:00', '0000-00-00 00:00:00'),
(233, '54b764a5-5e18-4008-8637-139ca9baf6a0', 'Norshingpur', 'à¦¨à¦°à¦¸à¦¿à¦‚à¦¹à¦ªà§à¦°', 1, 40, 1, 4, 1, 0, 0, '2015-01-15 07:56:37', '0000-00-00 00:00:00', '0000-00-00 00:00:00'),
(234, '54b764bd-3584-405a-a374-139ca9baf6a0', 'Raadaanagar', 'à¦°à¦¾à¦§à¦¾ à¦¨à¦—à¦°', 1, 40, 1, 4, 1, 0, 0, '2015-01-15 07:57:01', '0000-00-00 00:00:00', '0000-00-00 00:00:00'),
(235, '54b764d5-c5e4-43b9-81e5-139ca9baf6a0', 'Shashon', 'à¦¶à¦¾à¦¸à¦¨', 1, 40, 1, 4, 1, 0, 0, '2015-01-15 07:57:25', '0000-00-00 00:00:00', '0000-00-00 00:00:00'),
(236, '54b764ec-5050-4ed0-9713-139ca9baf6a0', 'Sripur', 'à¦¶à§à¦°à§€à¦ªà§à¦°', 1, 40, 1, 4, 1, 0, 0, '2015-01-15 07:57:48', '0000-00-00 00:00:00', '0000-00-00 00:00:00'),
(237, '54b77205-04c8-4487-90ab-139ca9baf6a0', 'Mohishashi', 'à¦®à¦¹à¦¿à¦¶à¦¾à¦·à§€', 1, 43, 1, 4, 1, 0, 0, '2015-01-15 08:53:41', '0000-00-00 00:00:00', '0000-00-00 00:00:00'),
(238, '54b77222-394c-4c2a-843d-139ca9baf6a0', 'Daonai', 'à¦¦à§‡à¦“à¦¨à¦¾à¦‡', 1, 43, 1, 4, 1, 0, 0, '2015-01-15 08:54:10', '0000-00-00 00:00:00', '0000-00-00 00:00:00'),
(239, '54b7723f-3928-47be-97f0-139ca9baf6a0', 'Sholodhon', 'à¦¶à§‹à¦²à¦§à¦¨', 1, 43, 1, 4, 1, 0, 0, '2015-01-15 08:54:39', '0000-00-00 00:00:00', '0000-00-00 00:00:00'),
(240, '54b77259-fc98-4366-915d-139ca9baf6a0', 'Modhudanga', 'à¦®à¦§à§à¦¡à¦¾à¦™à§à¦—à¦¾', 1, 43, 1, 4, 1, 0, 0, '2015-01-15 08:55:05', '0000-00-00 00:00:00', '0000-00-00 00:00:00'),
(241, '54b77271-e63c-495c-9bb4-139cc0a80104', 'Valum', 'à¦­à¦¾à¦²à§à¦®', 1, 43, 1, 4, 1, 0, 0, '2015-01-15 08:55:29', '0000-00-00 00:00:00', '0000-00-00 00:00:00'),
(242, '54b77286-d760-4e9f-a463-139cc0a80104', 'Batulia', 'à¦¬à¦¾à¦Ÿà§à¦²à¦¿à¦¯à¦¼à¦¾', 1, 43, 1, 4, 1, 0, 0, '2015-01-15 08:55:50', '0000-00-00 00:00:00', '0000-00-00 00:00:00'),
(243, '54b7729b-20ec-4a59-9071-139cc0a80104', 'Bathuli', 'à¦¬à¦¾à¦¥à§à¦²à§€', 1, 43, 1, 4, 1, 0, 0, '2015-01-15 08:56:11', '0000-00-00 00:00:00', '0000-00-00 00:00:00'),
(244, '54b772c2-afc0-4ff7-84c6-139ca9baf6a0', 'Ditio Mohishashi', 'à§¨à¦¯à¦¼ à¦®à¦¹à¦¿à¦¶à¦¾à¦·à§€', 1, 43, 1, 4, 1, 0, 0, '2015-01-15 08:56:50', '0000-00-00 00:00:00', '0000-00-00 00:00:00'),
(245, '54b772da-cbb8-47a1-a089-139ca9baf6a0', 'Jhaubadha', 'à¦à¦¾à¦‰à¦¬à¦¾à¦§à¦¾', 1, 43, 1, 4, 1, 0, 0, '2015-01-15 08:57:14', '0000-00-00 00:00:00', '0000-00-00 00:00:00'),
(246, '54b772f9-b7a8-44c8-a7ce-139ca9baf6a0', 'Charkhonda', 'à¦šà¦°à¦–à¦¨à§à¦¡', 1, 43, 1, 4, 1, 0, 0, '2015-01-15 08:57:45', '0000-00-00 00:00:00', '0000-00-00 00:00:00'),
(247, '54b77312-6a80-4433-b075-139ca9baf6a0', 'Alokdia', 'à¦†à¦²à§‹à¦•à¦¦à¦¿à¦¯à¦¼à¦¾', 1, 43, 1, 4, 1, 0, 0, '2015-01-15 08:58:10', '0000-00-00 00:00:00', '0000-00-00 00:00:00'),
(248, '54b77326-42c8-40f4-9e19-139ca9baf6a0', 'Pothhara', 'à¦ªà¦¥à¦¹à¦¾à¦°à¦¾', 1, 43, 1, 4, 1, 0, 0, '2015-01-15 08:58:30', '0000-00-00 00:00:00', '0000-00-00 00:00:00'),
(249, '54b77341-a658-4723-812f-139ca9baf6a0', 'Dholkunda', 'à¦§à¦²à¦•à§à¦¨à§à¦¡', 1, 43, 1, 4, 1, 0, 0, '2015-01-15 08:58:57', '0000-00-00 00:00:00', '0000-00-00 00:00:00'),
(250, '54b77357-c22c-4c63-be2e-139ca9baf6a0', 'Amorpur', ' 	  à¦…à¦®à¦°à¦ªà§à¦°', 1, 43, 1, 4, 1, 0, 0, '2015-01-15 08:59:19', '0000-00-00 00:00:00', '0000-00-00 00:00:00'),
(251, '54b77371-e414-418c-830b-139ca9baf6a0', 'Purba Bashona', 'à¦ªà§‚à¦°à§à¦¬ à¦¬à¦¾à¦¸à¦¨à¦¾', 1, 43, 1, 4, 1, 0, 0, '2015-01-15 08:59:45', '0000-00-00 00:00:00', '0000-00-00 00:00:00'),
(252, '54b7738f-1d60-49e7-9ad8-139ca9baf6a0', 'Poshim Bashona', 'à¦ªà¦¶à§à¦šà¦¿à¦® à¦¬à¦¾à¦¸à¦¨à¦¾', 1, 43, 1, 4, 1, 0, 0, '2015-01-15 09:00:15', '0000-00-00 00:00:00', '0000-00-00 00:00:00'),
(253, '54b773a9-bf34-4c07-a7a3-139ca9baf6a0', 'Sanora', 'à¦¸à¦¾à¦¨à§‹à¦¡à¦¼à¦¾', 1, 43, 1, 4, 1, 0, 0, '2015-01-15 09:00:41', '0000-00-00 00:00:00', '0000-00-00 00:00:00'),
(254, '54b773cb-a528-486b-b9c4-139ca9baf6a0', 'Poshim Pomkaraa', 'à¦ªà¦¶à§à¦šà¦¿à¦® à¦ªà§‹à¦®à¦•à¦¾à¦¡à¦¼à¦¾', 1, 43, 1, 4, 1, 0, 0, '2015-01-15 09:01:15', '0000-00-00 00:00:00', '0000-00-00 00:00:00'),
(255, '54b7856d-922c-4f99-aa3f-139ca9baf6a0', 'Nogaon', 'à¦¨à¦“à¦—à¦¾à¦à¦“', 1, 46, 1, 4, 1, 0, 0, '2015-01-15 10:16:29', '0000-00-00 00:00:00', '0000-00-00 00:00:00'),
(256, '54b78587-f4c4-4b6f-bb87-139cc0a80104', 'Vatarkhola', 'à¦­à¦¾à¦Ÿà¦¾à¦°à¦–à§‹à¦²à¦¾', 1, 46, 1, 4, 1, 0, 0, '2015-01-15 10:16:55', '0000-00-00 00:00:00', '0000-00-00 00:00:00'),
(257, '54b785a7-c38c-4ee8-9922-139cc0a80104', 'Barpaikha', 'à¦¬à¦¾à¦°à¦ªà¦¾à¦‡à¦–à¦¾', 1, 46, 1, 4, 1, 0, 0, '2015-01-15 10:17:27', '0000-00-00 00:00:00', '0000-00-00 00:00:00'),
(258, '54b785c1-1c98-42bb-b5d2-139cc0a80104', 'Kesti', 'à¦•à§‡à¦·à§à¦Ÿà¦¿', 1, 46, 1, 4, 1, 0, 0, '2015-01-15 10:17:53', '0000-00-00 00:00:00', '0000-00-00 00:00:00'),
(259, '54b785e2-2ec0-4e9a-8e89-139ca9baf6a0', 'Bilkesti', 'à¦¬à¦¿à¦²à¦•à§‡à¦·à§à¦Ÿà¦¿', 1, 46, 1, 4, 1, 0, 0, '2015-01-15 10:18:26', '0000-00-00 00:00:00', '0000-00-00 00:00:00'),
(260, '54b785ff-9fc4-4400-89eb-139ca9baf6a0', 'Kishorinagar', 'à¦•à¦¿à¦¶à§‹à¦°à§€à¦¨à¦—à¦°', 1, 46, 1, 4, 1, 0, 0, '2015-01-15 10:18:55', '0000-00-00 00:00:00', '0000-00-00 00:00:00'),
(261, '54b78614-ba64-4e23-94ed-139ca9baf6a0', 'Balitha', 'à¦¬à¦¾à¦²à¦¿à¦¥à¦¾', 1, 46, 1, 4, 1, 0, 0, '2015-01-15 10:19:16', '0000-00-00 00:00:00', '0000-00-00 00:00:00'),
(262, '54b78630-97ac-456e-90f0-139ca9baf6a0', 'Kallyanpur', 'à¦•à¦²à§à¦¯à¦¾à¦£à¦ªà§à¦°', 1, 46, 1, 4, 1, 0, 0, '2015-01-15 10:19:44', '0000-00-00 00:00:00', '0000-00-00 00:00:00'),
(263, '54b7864e-98f8-423d-9e29-139ca9baf6a0', 'Bathuli', 'à¦¬à¦¾à¦¥à§à¦²à§€', 1, 46, 1, 4, 1, 0, 0, '2015-01-15 10:20:14', '0000-00-00 00:00:00', '0000-00-00 00:00:00'),
(264, '54b78673-465c-4c08-8464-139ca9baf6a0', 'Dakhin Bathuli', 'à¦¦à¦ƒ à¦¬à¦¾à¦¥à§à¦²à§€', 1, 46, 1, 4, 1, 0, 0, '2015-01-15 10:20:51', '0000-00-00 00:00:00', '0000-00-00 00:00:00'),
(265, '54b78694-cab8-4361-9d50-139ca9baf6a0', 'Shabelishor', 'à¦¸à¦¾à¦¹à¦¾à¦¬à§‡à¦²à§€à¦¶à§à¦¬à¦°', 1, 46, 1, 4, 1, 0, 0, '2015-01-15 10:21:24', '0000-00-00 00:00:00', '0000-00-00 00:00:00'),
(266, '54b786b2-a1bc-4747-9f00-139ca9baf6a0', 'Belishor', 'à¦¬à§‡à¦²à§€à¦¶à§à¦¬à¦°', 1, 46, 1, 4, 1, 0, 0, '2015-01-15 10:21:54', '0000-00-00 00:00:00', '0000-00-00 00:00:00'),
(267, '54b786c8-4050-45d3-9860-139ca9baf6a0', 'Makorkhola', 'à¦®à¦¾à¦•à§œà¦–à§‹à¦²à¦¾', 1, 46, 1, 4, 1, 0, 0, '2015-01-15 10:22:16', '0000-00-00 00:00:00', '0000-00-00 00:00:00'),
(268, '54b786e1-7484-479a-bb67-139ca9baf6a0', 'Nogaonhati', 'à¦¨à¦“à¦—à¦¾à¦à¦“à¦¹à¦¾à¦Ÿà¦¿', 1, 46, 1, 4, 1, 0, 0, '2015-01-15 10:22:41', '0000-00-00 00:00:00', '0000-00-00 00:00:00'),
(269, '54b786f7-3e3c-4973-9d91-139ca9baf6a0', 'Borta', 'à¦¬à¦°à§à¦¤à¦¾', 1, 46, 1, 4, 1, 0, 0, '2015-01-15 10:23:03', '0000-00-00 00:00:00', '0000-00-00 00:00:00'),
(270, '54b7870e-e2c4-46e0-ab94-139ca9baf6a0', 'Sreerampur', 'à¦¶à§à¦°à§€à¦°à¦¾à¦®à¦ªà§à¦°', 1, 46, 1, 4, 1, 0, 0, '2015-01-15 10:23:26', '0000-00-00 00:00:00', '0000-00-00 00:00:00'),
(271, '54b78727-c05c-44e1-83cc-139ca9baf6a0', 'Shutipara', 'à¦¸à§‚à¦¤à¦¿à¦ªà¦¾à§œà¦¾', 1, 46, 1, 4, 1, 0, 0, '2015-01-15 10:23:51', '0000-00-00 00:00:00', '0000-00-00 00:00:00'),
(272, '54b7873e-3b68-403e-8a2c-139ca9baf6a0', 'Boratia', 'à¦¬à§œà¦¾à¦Ÿà¦¿à§Ÿà¦¾', 1, 46, 1, 4, 1, 0, 0, '2015-01-15 10:24:14', '0000-00-00 00:00:00', '0000-00-00 00:00:00'),
(273, '54b78754-f538-4475-96c3-139ca9baf6a0', 'Kalampur', 'à¦•à¦¾à¦²à¦¾à¦®à¦ªà§à¦°', 1, 46, 1, 4, 1, 0, 0, '2015-01-15 10:24:36', '0000-00-00 00:00:00', '0000-00-00 00:00:00'),
(274, '54b78770-ab74-4247-8c91-139ca9baf6a0', 'Shindulia', 'à¦¸à¦¿à¦¨à§à¦¦à§à¦²à¦¿à§Ÿà¦¾', 1, 46, 1, 4, 1, 0, 0, '2015-01-15 10:25:04', '0000-00-00 00:00:00', '0000-00-00 00:00:00'),
(275, '54bb4e20-26e8-467d-9468-0ba8a9baf6a0', 'Badegawail', 'à¦¬à¦¾à¦¦à§‡à¦—à¦¾à¦“à§Ÿà¦¾à¦‡à¦²', 1, 44, 1, 4, 1, 0, 0, '2015-01-18 07:09:36', '0000-00-00 00:00:00', '0000-00-00 00:00:00'),
(276, '54bb4e3e-2454-4865-94c2-0ba8a9baf6a0', 'Chardaotia', 'à¦šà¦°à¦¡à¦¾à¦‰à¦Ÿà¦¿à§Ÿà¦¾', 1, 44, 1, 4, 1, 0, 0, '2015-01-18 07:10:06', '0000-00-00 00:00:00', '0000-00-00 00:00:00'),
(277, '54bb4e53-a8b4-4db9-abfa-0ba8a9baf6a0', 'Chapil', 'à¦šà¦¾à¦ªà¦¿à¦²', 1, 44, 1, 4, 1, 0, 0, '2015-01-18 07:10:27', '0000-00-00 00:00:00', '0000-00-00 00:00:00'),
(278, '54bb4e80-cc70-4032-ac0a-0ba8a9baf6a0', 'Kongshawpatti', 'à¦•à¦‚à¦¶à¦ªà¦Ÿà§à¦Ÿà¦¿', 1, 44, 1, 4, 1, 0, 0, '2015-01-18 07:11:12', '0000-00-00 00:00:00', '0000-00-00 00:00:00'),
(279, '54bb4ea2-09ec-42ca-b2c2-0ba8a9baf6a0', 'Dapashai Duttakhola', 'à¦¦à§‡à¦ªà¦¾à¦¶à¦¾à¦‡ à¦¦à¦¤à§à¦¤à¦–à§‹à¦²à¦¾', 1, 44, 1, 4, 1, 0, 0, '2015-01-18 07:11:46', '0000-00-00 00:00:00', '0000-00-00 00:00:00'),
(280, '54bb4eb9-d698-4544-bc39-0ba8a9baf6a0', 'Daotia', 'à¦¡à¦¾à¦‰à¦Ÿà¦¿à§Ÿà¦¾', 1, 44, 1, 4, 1, 0, 0, '2015-01-18 07:12:09', '0000-00-00 00:00:00', '0000-00-00 00:00:00'),
(281, '54bb4ed4-4d50-43d2-8262-0ba8a9baf6a0', 'Goaldi', 'à¦—à§‹à§Ÿà¦¾à¦²à¦¦à§€', 1, 44, 1, 4, 1, 0, 0, '2015-01-18 07:12:36', '0000-00-00 00:00:00', '0000-00-00 00:00:00'),
(282, '54bb4eef-9c74-47b5-a976-0ba8a9baf6a0', 'Dapashai', 'à¦¦à§‡à¦ªà¦¾à¦¶à¦¾à¦‡', 1, 44, 1, 4, 1, 0, 0, '2015-01-18 07:13:03', '0000-00-00 00:00:00', '0000-00-00 00:00:00'),
(283, '54bb4f05-0280-45d8-b037-0ba8a9baf6a0', 'Fukutia', 'à¦«à§à¦•à§à¦Ÿà¦¿à§Ÿà¦¾', 1, 44, 1, 4, 1, 0, 0, '2015-01-18 07:13:25', '0000-00-00 00:00:00', '0000-00-00 00:00:00'),
(284, '54bb4f24-f6f4-4194-a853-0ba8a9baf6a0', 'Gaoil', 'à¦—à¦¾à¦“à§Ÿà¦¾à¦‡à¦²', 1, 44, 1, 4, 1, 0, 0, '2015-01-18 07:13:56', '0000-00-00 00:00:00', '0000-00-00 00:00:00'),
(285, '54bb4f3a-4400-470b-b34e-0ba8a9baf6a0', 'Banashawr', 'à¦¬à¦¾à¦¨à§‡à¦¶à§à¦¬à¦°', 1, 44, 1, 4, 1, 0, 0, '2015-01-18 07:14:18', '0000-00-00 00:00:00', '0000-00-00 00:00:00'),
(286, '54bb4f51-08a0-46e4-a611-0ba8a9baf6a0', 'Jaypura', 'à¦œà§Ÿà¦ªà§à¦°à¦¾', 1, 44, 1, 4, 1, 0, 0, '2015-01-18 07:14:41', '0000-00-00 00:00:00', '0000-00-00 00:00:00'),
(287, '54bb4f6b-c6dc-4adc-96f9-0ba8a9baf6a0', 'Kashipur', 'à¦•à¦¾à¦¶à¦¿à¦ªà§à¦°', 1, 44, 1, 4, 1, 0, 0, '2015-01-18 07:15:07', '0000-00-00 00:00:00', '0000-00-00 00:00:00'),
(288, '54bb4f8b-3074-4731-8d6e-0ba8a9baf6a0', 'Shoilan', 'à¦¶à§ˆà¦²à¦¾à¦¨', 1, 44, 1, 4, 1, 0, 0, '2015-01-18 07:15:39', '0000-00-00 00:00:00', '0000-00-00 00:00:00'),
(289, '54bb4fa0-a260-4d8d-a30e-0ba8a9baf6a0', 'Kulinda', 'à¦•à§à¦²à¦¿à¦¨à§à¦¦à¦¾', 1, 44, 1, 4, 1, 0, 0, '2015-01-18 07:16:00', '0000-00-00 00:00:00', '0000-00-00 00:00:00'),
(290, '54bb4fb5-3b94-4a67-85b3-0ba8a9baf6a0', 'Bhurbaria', 'à¦­à§‚à¦°à¦¬à¦¾à§œà¦¿à§Ÿà¦¾', 1, 44, 1, 4, 1, 0, 0, '2015-01-18 07:16:21', '0000-00-00 00:00:00', '0000-00-00 00:00:00'),
(291, '54bb4fd4-2f90-47c3-afc1-0ba8a9baf6a0', 'Dapashai Karabil', 'à¦¦à§‡à¦ªà¦¾à¦¶à¦¾à¦‡ à¦•à¦¾à¦°à¦¾à¦¬à¦¿à¦²', 1, 44, 1, 4, 1, 0, 0, '2015-01-18 07:16:52', '0000-00-00 00:00:00', '0000-00-00 00:00:00'),
(292, '54bb4ff5-0774-4a81-8d94-0ba8a9baf6a0', 'Shombag', 'à¦¸à§‹à¦®à¦­à¦¾à¦—', 1, 44, 1, 4, 1, 0, 0, '2015-01-18 07:17:25', '0000-00-00 00:00:00', '0000-00-00 00:00:00'),
(293, '54bb500f-e918-45cb-a86f-0ba8a9baf6a0', 'Kandikul', 'à¦•à¦¾à¦¨à§à¦¦à¦¿à¦•à§à¦²', 1, 44, 1, 4, 1, 0, 0, '2015-01-18 07:17:51', '0000-00-00 00:00:00', '0000-00-00 00:00:00'),
(294, '54bb5026-b090-4200-9d18-0ba8a9baf6a0', 'Katakhali', 'à¦•à¦¾à¦Ÿà¦¾à¦–à¦¾à¦²à§€', 1, 44, 1, 4, 1, 0, 0, '2015-01-18 07:18:14', '0000-00-00 00:00:00', '0000-00-00 00:00:00'),
(295, '54bb503d-8a04-4db5-8d23-0ba8a9baf6a0', 'Uttar Naogaon', 'à¦‰à¦¤à§à¦¤à¦° à¦¨à¦“à¦—à¦¾à¦“', 1, 44, 1, 4, 1, 0, 0, '2015-01-18 07:18:37', '0000-00-00 00:00:00', '0000-00-00 00:00:00'),
(296, '54bb50bf-290c-426e-8e23-0ba8c0a80105', 'Vararia', 'à¦­à¦¾à§œà¦¾à¦°à¦¿à§Ÿà¦¾', 1, 34, 1, 4, 1, 0, 0, '2015-01-18 07:20:47', '0000-00-00 00:00:00', '0000-00-00 00:00:00'),
(297, '54bb50dc-f160-4a98-ae3e-0ba8c0a80105', 'Bangalpara', 'à¦¬à¦¾à¦™à§à¦—à¦¾à¦²à¦ªà¦¾à§œà¦¾', 1, 34, 1, 4, 1, 0, 0, '2015-01-18 07:21:16', '0000-00-00 00:00:00', '0000-00-00 00:00:00'),
(298, '54bb50f5-ac44-4211-8b90-0ba8a9baf6a0', 'Paiikpara', 'à¦ªà¦¾à¦‡à¦•à¦ªà¦¾à§œà¦¾', 1, 34, 1, 4, 1, 0, 0, '2015-01-18 07:21:41', '0000-00-00 00:00:00', '0000-00-00 00:00:00'),
(299, '54bb510a-224c-40f4-a967-0ba8a9baf6a0', 'Syedpara', 'à¦¸à¦¾à¦‡à¦¦à¦ªà¦¾à§œà¦¾', 1, 34, 1, 4, 1, 0, 0, '2015-01-18 07:22:02', '0000-00-00 00:00:00', '0000-00-00 00:00:00'),
(300, '54bb5121-841c-42a5-a2b1-0ba8a9baf6a0', 'Morarchar', 'à¦®à§‡à¦¾à§œà¦¾à¦°à¦šà¦°', 1, 34, 1, 4, 1, 0, 0, '2015-01-18 07:22:25', '0000-00-00 00:00:00', '0000-00-00 00:00:00'),
(301, '54bb5141-7284-485c-8742-0ba8a9baf6a0', 'Digolgram', 'à¦¦à§€à¦˜à¦²à¦—à§à¦°à¦¾à¦®', 1, 34, 1, 4, 1, 0, 0, '2015-01-18 07:22:57', '0000-00-00 00:00:00', '0000-00-00 00:00:00'),
(302, '54bb5155-884c-4012-a12f-0ba8a9baf6a0', 'Sholabari', 'à¦¸à§‡à¦¾à¦²à¦¾à¦¬à¦¾à§œà§€', 1, 34, 1, 4, 1, 0, 0, '2015-01-18 07:23:17', '0000-00-00 00:00:00', '0000-00-00 00:00:00'),
(303, '54bb5170-53e0-424b-bd7f-0ba8a9baf6a0', 'Malancha', 'à¦®à¦¾à¦²à¦žà§à¦š', 1, 34, 1, 4, 1, 0, 0, '2015-01-18 07:23:44', '0000-00-00 00:00:00', '0000-00-00 00:00:00'),
(304, '54bb5185-296c-4f0c-ab92-0ba8a9baf6a0', 'Hatipara', 'à¦¹à¦¾à¦Ÿà¦¿à¦ªà¦¾à§œà¦¾', 1, 34, 1, 4, 1, 0, 0, '2015-01-18 07:24:05', '0000-00-00 00:00:00', '0000-00-00 00:00:00'),
(305, '54bb519c-0904-4651-99c5-0ba8a9baf6a0', 'Chandrapara', 'à¦šà¦¨à§à¦¦à§à¦°à¦ªà¦¾à§œà¦¾', 1, 34, 1, 4, 1, 0, 0, '2015-01-18 07:24:28', '0000-00-00 00:00:00', '0000-00-00 00:00:00'),
(306, '54bb51b0-a558-43e8-965d-0ba8a9baf6a0', 'Kataboi', 'à¦•à¦¾à¦Ÿà¦¾à¦¬à¦‡', 1, 34, 1, 4, 1, 0, 0, '2015-01-18 07:24:48', '0000-00-00 00:00:00', '0000-00-00 00:00:00'),
(307, '54bb51c4-8b80-4e5a-8fdc-0ba8a9baf6a0', 'Gazipur', 'à¦—à¦¾à¦œà§€à¦ªà§à¦°', 1, 34, 1, 4, 1, 0, 0, '2015-01-18 07:25:08', '0000-00-00 00:00:00', '0000-00-00 00:00:00'),
(308, '54bb51d9-8784-4909-a464-0ba8a9baf6a0', 'Kaakran', 'à¦•à¦¾à¦•à¦°à¦¾à¦¨', 1, 34, 1, 4, 1, 0, 0, '2015-01-18 07:25:29', '0000-00-00 00:00:00', '0000-00-00 00:00:00'),
(309, '54bb51ed-ded8-466a-973c-0ba8a9baf6a0', 'Tatulia', 'à¦¤à§‡à¦¤à§à¦²à¦¿à§Ÿà¦¾', 1, 34, 1, 4, 1, 0, 0, '2015-01-18 07:25:49', '0000-00-00 00:00:00', '0000-00-00 00:00:00'),
(310, '54bb521e-edc4-4fa6-9978-0ba8a9baf6a0', 'Sharifbagh', 'à¦¶à¦°à§€à¦«à¦¬à¦¾à¦—', 1, 36, 1, 4, 1, 0, 0, '2015-01-18 07:26:38', '0000-00-00 00:00:00', '0000-00-00 00:00:00'),
(311, '54bb5236-6d04-4aa7-865f-0ba8a9baf6a0', 'Shonakhali', 'à¦¸à§à¦¬à¦°à§à¦£à¦–à¦¾à¦²à§€', 1, 34, 1, 4, 1, 0, 0, '2015-01-18 07:27:02', '0000-00-00 00:00:00', '0000-00-00 00:00:00'),
(312, '54bb524d-9c44-4e24-b348-0ba8c0a80105', 'Nimataak', 'à¦¨à¦¿à¦®à¦¾à¦Ÿà§‡à¦•', 1, 36, 1, 4, 1, 0, 0, '2015-01-18 07:27:25', '0000-00-00 00:00:00', '0000-00-00 00:00:00'),
(313, '54bb5262-2058-4701-aa10-0ba8c0a80105', 'Ekuria', 'à¦‡à¦•à§à¦°à¦¿à§Ÿà¦¾', 1, 36, 1, 4, 1, 0, 0, '2015-01-18 07:27:46', '0000-00-00 00:00:00', '0000-00-00 00:00:00'),
(314, '54bb527a-1f58-4102-9d60-0ba8c0a80105', 'Hazipur', 'à¦¹à¦¾à¦œà§€à¦ªà§à¦°', 1, 36, 1, 4, 1, 0, 0, '2015-01-18 07:28:10', '0000-00-00 00:00:00', '0000-00-00 00:00:00'),
(315, '54bb5293-76b8-4b79-97d7-0ba8a9baf6a0', 'Ashulia', 'à¦†à¦¶à§à¦²à¦¿à§Ÿà¦¾', 1, 36, 1, 4, 1, 0, 0, '2015-01-18 07:28:35', '0000-00-00 00:00:00', '0000-00-00 00:00:00'),
(316, '54bb52a8-384c-4ce3-a42a-0ba8a9baf6a0', 'Damraan', 'à¦¡à§‡à¦®à¦°à¦¾à¦¨', 1, 36, 1, 4, 1, 0, 0, '2015-01-18 07:28:56', '0000-00-00 00:00:00', '0000-00-00 00:00:00'),
(317, '54bb52dd-5ee8-4c34-881c-0ba8a9baf6a0', 'Kalia', 'à¦•à§‡à¦²à¦¿à§Ÿà¦¾', 1, 39, 1, 4, 1, 0, 0, '2015-01-18 07:29:49', '0000-00-00 00:00:00', '0000-00-00 00:00:00'),
(318, '54bb52f3-7430-46e3-bc71-0ba8a9baf6a0', 'Khatra', 'à¦–à¦¾à¦¤à¦°à¦¾', 1, 39, 1, 4, 1, 0, 0, '2015-01-18 07:30:11', '0000-00-00 00:00:00', '0000-00-00 00:00:00'),
(319, '54bb530a-5d54-456d-96d9-0ba8a9baf6a0', 'Chandrail', 'à¦šà¦¨à§à¦¦à§à¦°à¦‡à¦²', 1, 39, 1, 4, 1, 0, 0, '2015-01-18 07:30:34', '0000-00-00 00:00:00', '0000-00-00 00:00:00'),
(320, '54bb532b-57c4-4ceb-958c-0ba8a9baf6a0', 'Imam Gagail', 'à¦‡à¦®à¦¾à¦® à¦—à¦¾à§à¦—à¦¾à¦‡à¦²', 1, 39, 1, 4, 1, 0, 0, '2015-01-18 07:31:07', '0000-00-00 00:00:00', '0000-00-00 00:00:00'),
(321, '54bb5342-262c-4b4d-8784-0ba8a9baf6a0', 'Barigaon', 'à¦¬à¦¾à§œà§€à¦—à¦¾à¦à¦“', 1, 39, 1, 4, 1, 0, 0, '2015-01-18 07:31:30', '0000-00-00 00:00:00', '0000-00-00 00:00:00'),
(322, '54bb5359-79b0-4a05-a310-0ba8a9baf6a0', 'Makhulia', 'à¦®à¦¾à¦–à§à¦²à¦¿à§Ÿà¦¾', 1, 39, 1, 4, 1, 0, 0, '2015-01-18 07:31:53', '0000-00-00 00:00:00', '0000-00-00 00:00:00'),
(323, '54bb5373-1340-4bf9-b687-0ba8a9baf6a0', 'Bara Kushiara', 'à¦¬à§œ à¦•à§à¦¶à¦¿à§Ÿà¦¾à¦°à¦¾', 1, 39, 1, 4, 1, 0, 0, '2015-01-18 07:32:19', '0000-00-00 00:00:00', '0000-00-00 00:00:00'),
(324, '54bb538e-d430-43df-b969-0ba8a9baf6a0', 'Shachna', 'à¦¸à¦¾à¦šà¦¨à¦¾', 1, 39, 1, 4, 1, 0, 0, '2015-01-18 07:32:46', '0000-00-00 00:00:00', '0000-00-00 00:00:00'),
(325, '54bb53de-a7f0-4532-bb8c-0ba8a9baf6a0', 'Shity', 'à¦¸à§€à¦¤à¦¿', 1, 39, 1, 4, 1, 0, 0, '2015-01-18 07:34:06', '0000-00-00 00:00:00', '0000-00-00 00:00:00'),
(326, '54bb53f6-1cf4-4d26-9f2b-0ba8a9baf6a0', 'Fordnagar', 'à¦«à§‹à¦°à§à¦¡à¦¨à¦—à¦°', 1, 39, 1, 4, 1, 0, 0, '2015-01-18 07:34:30', '0000-00-00 00:00:00', '0000-00-00 00:00:00'),
(327, '54bb540b-061c-462b-b098-0ba8a9baf6a0', 'Kulla', 'à¦•à§à¦²à§à¦²à¦¾', 1, 39, 1, 4, 1, 0, 0, '2015-01-18 07:34:51', '0000-00-00 00:00:00', '0000-00-00 00:00:00'),
(328, '54bb542b-9150-4476-bb09-0ba8a9baf6a0', 'Bashail', 'à¦¬à¦¾à¦¸à¦¾à¦‡à¦²', 1, 39, 1, 4, 1, 0, 0, '2015-01-18 07:35:23', '0000-00-00 00:00:00', '0000-00-00 00:00:00'),
(329, '54bb5443-7a50-4d25-8ae9-0ba8a9baf6a0', 'Laduakundu', 'à¦²à¦¾à§œà§à§Ÿà¦¾à¦•à§à¦¨à§à¦¡à§', 1, 39, 1, 4, 1, 0, 0, '2015-01-18 07:35:47', '0000-00-00 00:00:00', '0000-00-00 00:00:00'),
(330, '54bb545a-7d04-46a3-aee3-0ba8a9baf6a0', 'Dali Gangail', 'à¦¦à§‡à¦²à¦¿ à¦—à¦¾à¦™à§à¦—à¦¾à¦‡à¦²', 1, 39, 1, 4, 1, 0, 0, '2015-01-18 07:36:10', '0000-00-00 00:00:00', '0000-00-00 00:00:00'),
(331, '54bb5475-c37c-4efa-8fb8-0ba8a9baf6a0', 'Shastapur', 'à¦¸à¦¾à¦¸à§à¦¤à¦¾à¦ªà§à¦°', 1, 39, 1, 4, 1, 0, 0, '2015-01-18 07:36:37', '0000-00-00 00:00:00', '0000-00-00 00:00:00'),
(332, '54bb549f-fc6c-49b3-874e-0ba8a9baf6a0', 'Mamura', 'à¦®à¦¾à¦®à§à¦°à¦¾', 1, 39, 1, 4, 1, 0, 0, '2015-01-18 07:37:19', '0000-00-00 00:00:00', '0000-00-00 00:00:00'),
(333, '54bb54b7-4150-46bb-9d34-0ba8a9baf6a0', 'Rupnagar', 'à¦°à§‚à¦ªà¦¨à¦—à¦°', 1, 39, 1, 4, 1, 0, 0, '2015-01-18 07:37:43', '0000-00-00 00:00:00', '0000-00-00 00:00:00'),
(334, '54bb54ca-b8cc-445e-86bc-0ba8a9baf6a0', 'Kaknail', 'à¦•à¦¾à¦•à¦¨à¦¾à¦‡à¦²', 1, 39, 1, 4, 1, 0, 0, '2015-01-18 07:38:02', '0000-00-00 00:00:00', '0000-00-00 00:00:00'),
(335, '54bb54eb-8a48-4ea8-9eae-0ba8a9baf6a0', 'Kator Barilla', 'à¦•à¦¾à¦¤à¦° à¦¬à¦¾à§œà¦¿à¦²à§à¦¯à¦¾', 1, 39, 1, 4, 1, 0, 0, '2015-01-18 07:38:35', '0000-00-00 00:00:00', '0000-00-00 00:00:00'),
(336, '54bb5504-b334-4bd2-86e3-0ba8a9baf6a0', 'Chotail', 'à¦šà§Œà¦Ÿà¦¾à¦‡à¦²', 1, 39, 1, 4, 1, 0, 0, '2015-01-18 07:39:00', '0000-00-00 00:00:00', '0000-00-00 00:00:00'),
(337, '54bb6c11-d588-48e0-8354-0ba8a9baf6a0', 'Rowail', 'à¦°à§‹à§Ÿà¦¾à¦‡à¦²', 1, 42, 1, 4, 1, 0, 0, '2015-01-18 09:17:21', '0000-00-00 00:00:00', '0000-00-00 00:00:00'),
(338, '54bb6c30-5af4-4c43-b4ad-0ba8a9baf6a0', 'Krishnanagar', 'à¦•à§ƒà¦·à§à¦£à¦¨à¦—à¦°', 1, 42, 1, 4, 1, 0, 0, '2015-01-18 09:17:52', '0000-00-00 00:00:00', '0000-00-00 00:00:00'),
(339, '54bb6c52-fe18-4d3f-a8b1-0ba8a9baf6a0', 'Sanail', 'à¦¸à§‡à¦¨à¦¾à¦‡à¦²', 1, 42, 1, 4, 1, 0, 0, '2015-01-18 09:18:26', '0000-00-00 00:00:00', '0000-00-00 00:00:00'),
(340, '54bb6f8c-2590-48b1-9922-0ba8a9baf6a0', 'Aatimythan', 'à¦†à¦Ÿà¦¿à¦®à¦¾à¦‡à¦ à¦¾à¦¨', 1, 42, 1, 4, 1, 0, 0, '2015-01-18 09:32:12', '0000-00-00 00:00:00', '0000-00-00 00:00:00'),
(341, '54bb6fa9-dcc4-474a-aa2d-0ba8a9baf6a0', 'Khorar Char', 'à¦–à§œà¦¾à¦° à¦šà¦°', 1, 42, 1, 4, 1, 0, 0, '2015-01-18 09:32:41', '0000-00-00 00:00:00', '0000-00-00 00:00:00'),
(342, '54bb6fc9-5ab8-4d32-88f9-0ba8a9baf6a0', 'Dakhin Khorar Char', 'à¦¦: à¦–à§œà¦¾à¦° à¦šà¦°', 1, 42, 1, 4, 1, 0, 0, '2015-01-18 09:33:13', '0000-00-00 00:00:00', '0000-00-00 00:00:00'),
(343, '54bb6fe3-4e94-4e52-8245-0ba8a9baf6a0', 'Bohutkul', 'à¦¬à¦¹à§à¦¤à¦•à§à¦²', 1, 42, 1, 4, 1, 0, 0, '2015-01-18 09:33:39', '0000-00-00 00:00:00', '0000-00-00 00:00:00'),
(344, '54bb6ffb-9c24-4491-8ad8-0ba8a9baf6a0', 'Foringa', 'à¦«à¦°à¦¿à¦™à§à¦—à¦¾', 1, 42, 1, 4, 1, 0, 0, '2015-01-18 09:34:03', '0000-00-00 00:00:00', '0000-00-00 00:00:00'),
(345, '54bb7011-c97c-4e69-bc8e-0ba8a9baf6a0', 'Sungor', 'à¦¸à§à¦™à§à¦—à¦°', 1, 42, 1, 4, 1, 0, 0, '2015-01-18 09:34:25', '0000-00-00 00:00:00', '0000-00-00 00:00:00'),
(346, '54bb702a-0f58-4ba2-81e0-0ba8a9baf6a0', 'Char Sungor', 'à¦šà¦° à¦¸à§à¦™à§à¦—à¦°', 1, 42, 1, 4, 1, 0, 0, '2015-01-18 09:34:50', '0000-00-00 00:00:00', '0000-00-00 00:00:00'),
(347, '54bb704b-ab20-4409-8d7d-0ba8a9baf6a0', 'Char Borodail', 'à¦šà¦° à¦¬à§œà¦¦à¦¾à¦‡à¦²', 1, 42, 1, 4, 1, 0, 0, '2015-01-18 09:35:23', '0000-00-00 00:00:00', '0000-00-00 00:00:00'),
(348, '54bb7060-afd4-4031-8491-0ba8a9baf6a0', 'Mohonpur', 'à¦®à§‹à¦¹à¦¨à¦ªà§à¦°', 1, 42, 1, 4, 1, 0, 0, '2015-01-18 09:35:44', '0000-00-00 00:00:00', '0000-00-00 00:00:00'),
(349, '54bb707e-a260-4ff6-a957-0ba8a9baf6a0', 'Pashim Bovanipur', 'à¦ªà¦¶à§à¦šà¦¿à¦® à¦­à¦¬à¦¾à¦¨à§€à¦ªà§à¦°', 1, 42, 1, 4, 1, 0, 0, '2015-01-18 09:36:14', '0000-00-00 00:00:00', '0000-00-00 00:00:00'),
(350, '54bb709b-1338-40cd-9023-0ba8a9baf6a0', 'Kismot Bovanipur', 'à¦•à¦¿à¦¸à¦®à¦¤ à¦­à¦¬à¦¾à¦¨à§€à¦ªà§à¦°', 1, 42, 1, 4, 1, 0, 0, '2015-01-18 09:36:43', '0000-00-00 00:00:00', '0000-00-00 00:00:00'),
(351, '54bb70ca-fdd4-4a97-8554-0ba8a9baf6a0', 'Dodhighata', 'à¦¦à¦§à¦¿à¦˜à¦¾à¦Ÿà¦¾', 1, 42, 1, 4, 1, 0, 0, '2015-01-18 09:37:30', '0000-00-00 00:00:00', '0000-00-00 00:00:00'),
(352, '54bb798b-3f44-4bd2-8144-0ba8a9baf6a0', 'Lolitnagar', 'à¦²à¦²à¦¿à¦¤à¦¨à¦—à¦°', 1, 45, 1, 4, 1, 0, 0, '2015-01-18 10:14:51', '0000-00-00 00:00:00', '0000-00-00 00:00:00'),
(353, '54bb79a9-e914-4b12-ba21-0ba8a9baf6a0', 'Batuail', 'à¦¬à§‡à¦Ÿà§à§Ÿà¦¾à¦‡à¦²', 1, 45, 1, 4, 1, 0, 0, '2015-01-18 10:15:21', '0000-00-00 00:00:00', '0000-00-00 00:00:00'),
(354, '54bb79c0-2338-46c6-86a9-0ba8a9baf6a0', 'Raajnagar', 'à¦°à¦¾à¦œà¦¨à¦—à¦°', 1, 45, 1, 4, 1, 0, 0, '2015-01-18 10:15:44', '0000-00-00 00:00:00', '0000-00-00 00:00:00'),
(355, '54bb79e0-28a8-4ff4-8819-0ba8a9baf6a0', 'Anandanagar', ' à¦†à¦¨à¦¨à§à¦¦à¦¨à¦—à¦°', 1, 45, 1, 4, 1, 0, 0, '2015-01-18 10:16:16', '0000-00-00 00:00:00', '0000-00-00 00:00:00'),
(356, '54bb79f9-b4cc-4128-9e89-0ba8a9baf6a0', 'Delda', 'à¦¦à§‡à¦²à¦§à¦¾', 1, 45, 1, 4, 1, 0, 0, '2015-01-18 10:16:41', '0000-00-00 00:00:00', '0000-00-00 00:00:00'),
(357, '54bb7a14-8cc4-4871-89cf-0ba8a9baf6a0', 'Chardeldah', 'à¦šà¦°à¦¦à§‡à¦²à¦§à¦¾', 1, 45, 1, 4, 1, 0, 0, '2015-01-18 10:17:08', '0000-00-00 00:00:00', '0000-00-00 00:00:00'),
(358, '54bb7a33-17b0-4497-ac08-0ba8a9baf6a0', 'Ishannagar', 'à¦ˆà¦¶à¦¾à¦¨à¦¨à¦—à¦°', 1, 45, 1, 4, 1, 0, 0, '2015-01-18 10:17:39', '0000-00-00 00:00:00', '0000-00-00 00:00:00'),
(359, '54bb7a48-159c-4771-bb20-0ba8a9baf6a0', 'Shialkul', 'à¦¶à¦¿à§Ÿà¦¾à¦²à¦•à§à¦²', 1, 45, 1, 4, 1, 0, 0, '2015-01-18 10:18:00', '0000-00-00 00:00:00', '0000-00-00 00:00:00'),
(360, '54bb7a5e-2ca0-4cf6-9b74-0ba8a9baf6a0', 'Nayapara', 'à¦¨à§Ÿà¦¾à¦ªà¦¾à¦°à¦¾', 1, 45, 1, 4, 1, 0, 0, '2015-01-18 10:18:22', '0000-00-00 00:00:00', '0000-00-00 00:00:00'),
(361, '54bb7a77-c224-4aca-afd1-0ba8a9baf6a0', 'Suapur', 'à¦¸à§à§Ÿà¦¾à¦ªà§à¦°', 1, 45, 1, 4, 1, 0, 0, '2015-01-18 10:18:47', '0000-00-00 00:00:00', '0000-00-00 00:00:00'),
(362, '54bb7aa9-c844-4d48-b4c8-0ba8a9baf6a0', 'Kutirchar', 'à¦•à§à¦Ÿà¦¿à¦°à¦šà¦°', 1, 45, 1, 4, 1, 0, 0, '2015-01-18 10:19:37', '0000-00-00 00:00:00', '0000-00-00 00:00:00'),
(363, '54bb7ac7-6200-4231-a2f1-0ba8a9baf6a0', 'Fultala', 'à¦«à§à¦²à¦¤à¦²à¦¾', 1, 45, 1, 4, 1, 0, 0, '2015-01-18 10:20:07', '0000-00-00 00:00:00', '0000-00-00 00:00:00'),
(364, '54bb7ae4-5170-4963-b265-0ba8a9baf6a0', 'Danestnagar', 'à¦¦à¦¾à¦¨à§‡à¦¸à§à¦¤à¦¨à¦—à¦°', 1, 45, 1, 4, 1, 0, 0, '2015-01-18 10:20:36', '0000-00-00 00:00:00', '0000-00-00 00:00:00'),
(365, '54bb7afd-4790-43f6-94b0-0ba8a9baf6a0', 'Vadalia', 'à¦­à¦¾à¦¦à¦¾à¦²à¦¿à§Ÿà¦¾', 1, 45, 1, 4, 1, 0, 0, '2015-01-18 10:21:01', '0000-00-00 00:00:00', '0000-00-00 00:00:00'),
(366, '54bb7b1c-9498-4178-bedd-0ba8a9baf6a0', 'Roha', 'à¦°à§Œà¦¹à¦¾', 1, 45, 1, 4, 1, 0, 0, '2015-01-18 10:21:32', '0000-00-00 00:00:00', '0000-00-00 00:00:00'),
(367, '54bb7b7f-a2dc-4a4d-b7b5-0ba8a9baf6a0', 'Ghorakanda', 'à¦˜à§‹à§œà¦¾à¦•à¦¾à¦¨à§à¦¦à¦¾', 1, 41, 1, 4, 1, 0, 0, '2015-01-18 10:23:11', '0000-00-00 00:00:00', '0000-00-00 00:00:00'),
(368, '54bb7ba7-2114-41ed-8f2b-0ba8a9baf6a0', 'Chauna Poshsim', 'à¦šà¦¾à¦‰à¦¨à¦¾ à¦ªà¦¶à§à¦šà¦¿à¦®', 1, 41, 1, 4, 1, 0, 0, '2015-01-18 10:23:51', '0000-00-00 00:00:00', '0000-00-00 00:00:00'),
(369, '54bb7bd1-ce5c-4203-a8c4-0ba8a9baf6a0', 'Char Chauna', 'à¦šà¦° à¦šà¦¾à¦‰à¦¨à¦¾', 1, 41, 1, 4, 1, 0, 0, '2015-01-18 10:24:33', '0000-00-00 00:00:00', '0000-00-00 00:00:00'),
(370, '54bb7bee-4574-4491-b8a1-0ba8a9baf6a0', 'Gopalkrishnapur', 'à¦—à§‹à¦ªà¦¾à¦²à¦•à§ƒà¦·à§à¦£à¦ªà§à¦°', 1, 41, 1, 4, 1, 0, 0, '2015-01-18 10:25:02', '0000-00-00 00:00:00', '0000-00-00 00:00:00'),
(371, '54bb7c09-28b4-4845-98c8-0ba8a9baf6a0', 'Kalidashpatti', 'à¦•à¦¾à¦²à¦¿à¦¦à¦¾à¦¸à¦ªà¦Ÿà§à¦Ÿà¦¿', 1, 41, 1, 4, 1, 0, 0, '2015-01-18 10:25:29', '0000-00-00 00:00:00', '0000-00-00 00:00:00'),
(372, '54bb7c39-a10c-4d83-a6cd-0ba8a9baf6a0', 'Nannar Uttorangsho', 'à¦¨à¦¾à¦¨à§à¦¨à¦¾à¦° à¦‰à¦¤à§à¦¤à¦°à¦¾à¦‚à¦¶', 1, 41, 1, 4, 1, 0, 0, '2015-01-18 10:26:17', '0000-00-00 00:00:00', '0000-00-00 00:00:00'),
(373, '54bb7c6c-cce0-4a51-b30a-0ba8a9baf6a0', 'Nannar Dokhinangsho', 'à¦¨à¦¾à¦¨à§à¦¨à¦¾à¦° à¦¦à¦•à§à¦·à¦¿à¦£à¦¾à¦‚à¦¶', 1, 41, 1, 4, 1, 0, 0, '2015-01-18 10:27:08', '0000-00-00 00:00:00', '0000-00-00 00:00:00'),
(374, '54bb7c87-af30-4e12-9714-0ba8a9baf6a0', 'Kandakawali', 'à¦•à¦¾à¦¨à§à¦¦à¦¾à¦•à¦¾à¦“à§Ÿà¦¾à¦²à§€', 1, 41, 1, 4, 1, 0, 0, '2015-01-18 10:27:35', '0000-00-00 00:00:00', '0000-00-00 00:00:00'),
(375, '54bb7ca6-fed0-4ede-8ea2-0ba8a9baf6a0', 'Rogunathpur', 'à¦°à¦˜à§à¦¨à¦¾à¦¥à¦ªà§à¦°', 1, 41, 1, 4, 1, 0, 0, '2015-01-18 10:28:06', '0000-00-00 00:00:00', '0000-00-00 00:00:00'),
(376, '54bb7cc0-3e00-4bfb-98da-0ba8a9baf6a0', 'Ulail', 'à¦‰à¦²à¦¾à¦‡à¦²', 1, 41, 1, 4, 1, 0, 0, '2015-01-18 10:28:32', '0000-00-00 00:00:00', '0000-00-00 00:00:00'),
(377, '54bb7cde-a1f0-46ae-b54e-0ba8a9baf6a0', 'Nobogram', 'à¦¨à¦¬à¦—à§à¦°à¦¾à¦®', 1, 41, 1, 4, 1, 0, 0, '2015-01-18 10:29:02', '0000-00-00 00:00:00', '0000-00-00 00:00:00'),
(378, '54bb7cf6-c10c-4b9b-b64b-0ba8a9baf6a0', 'Shulakuria', 'à¦¶à§à¦²à¦¾à¦•à§à¦°à¦¿à§Ÿà¦¾', 1, 41, 1, 4, 1, 0, 0, '2015-01-18 10:29:26', '0000-00-00 00:00:00', '0000-00-00 00:00:00'),
(379, '54bb7d15-01dc-433c-a929-0ba8a9baf6a0', 'Jolshin', 'à¦œà¦²à¦¸à§€à¦¨', 1, 41, 1, 4, 1, 0, 0, '2015-01-18 10:29:57', '0000-00-00 00:00:00', '0000-00-00 00:00:00'),
(380, '54bb7d2e-4624-4a2e-99e2-0ba8a9baf6a0', 'Shaorail', 'à¦¶à§‡à¦“à¦°à¦¾à¦‡à¦²', 1, 41, 1, 4, 1, 0, 0, '2015-01-18 10:30:22', '0000-00-00 00:00:00', '0000-00-00 00:00:00'),
(381, '54bb7d44-64f8-494c-ac06-0ba8a9baf6a0', 'Pasal', 'à¦ªà¦¾à¦›à¦¾à¦²', 1, 41, 1, 4, 1, 0, 0, '2015-01-18 10:30:44', '0000-00-00 00:00:00', '0000-00-00 00:00:00'),
(382, '54bb7d5e-f304-4678-b5cf-0ba8a9baf6a0', 'Gopalpur', 'à¦—à§‹à¦ªà¦¾à¦²à¦ªà§à¦°', 1, 41, 1, 4, 1, 0, 0, '2015-01-18 10:31:10', '0000-00-00 00:00:00', '0000-00-00 00:00:00'),
(383, '54bb9034-01f0-49c1-a519-0ba8a9baf6a0', 'Porabari', 'à¦ªà§‹à§œà¦¾à¦¬à¦¾à§œà¦¿', 1, 47, 1, 4, 1, 0, 0, '2015-01-18 11:51:32', '0000-00-00 00:00:00', '0000-00-00 00:00:00'),
(384, '54bb9050-94c4-421a-9758-0ba8a9baf6a0', 'Chapain', 'à¦šà¦¾à¦ªà¦¾à¦‡à¦¨', 1, 47, 1, 4, 1, 0, 0, '2015-01-18 11:52:00', '0000-00-00 00:00:00', '0000-00-00 00:00:00'),
(385, '54bb906b-f2a8-495f-a8b2-0ba8a9baf6a0', 'Miton', 'à¦®à¦¿à¦Ÿà¦¨', 1, 47, 1, 4, 1, 0, 0, '2015-01-18 11:52:27', '0000-00-00 00:00:00', '0000-00-00 00:00:00'),
(386, '54bb9086-ac04-44a1-aab9-0ba8a9baf6a0', 'Kolma Uttor', 'à¦•à¦²à¦®à¦¾ à¦‰à¦¤à§à¦¤à¦°', 1, 47, 1, 4, 1, 0, 0, '2015-01-18 11:52:54', '0000-00-00 00:00:00', '0000-00-00 00:00:00'),
(387, '54bb909d-b7dc-47c0-970e-0ba8a9baf6a0', 'Dhoranda', 'à¦§à¦°à§‡à¦¨à§à¦¡à¦¾', 1, 47, 1, 4, 1, 0, 0, '2015-01-18 11:53:17', '0000-00-00 00:00:00', '0000-00-00 00:00:00'),
(388, '54bb90bb-48ec-45cd-9145-0ba8a9baf6a0', 'Mollikartek', 'à¦®à¦²à§à¦²à¦¿à¦•à¦¾à¦°à¦Ÿà§‡à¦•', 1, 47, 1, 4, 1, 0, 0, '2015-01-18 11:53:47', '0000-00-00 00:00:00', '0000-00-00 00:00:00'),
(389, '54bb90d4-ad60-484a-97d7-0ba8a9baf6a0', 'Ghoradia', 'à¦˜à§‹à§œà¦¾à¦¦à¦¿à§Ÿà¦¾', 1, 47, 1, 4, 1, 0, 0, '2015-01-18 11:54:12', '0000-00-00 00:00:00', '0000-00-00 00:00:00'),
(390, '54bb90ed-30d8-4110-822e-0ba8a9baf6a0', 'BPATC', 'à¦¬à¦¿à¦ªà¦¿à¦à¦Ÿà¦¿à¦¸à¦¿', 1, 47, 1, 4, 1, 0, 0, '2015-01-18 11:54:37', '0000-00-00 00:00:00', '0000-00-00 00:00:00'),
(391, '54bb9105-6188-4170-8ffc-0ba8a9baf6a0', 'Daogaon', 'à¦¦à§‡à¦“à¦—à¦¾à¦“', 1, 47, 1, 4, 1, 0, 0, '2015-01-18 11:55:01', '0000-00-00 00:00:00', '0000-00-00 00:00:00'),
(392, '54bb911d-ddb8-4aaa-813d-0ba8a9baf6a0', 'Kristopur', 'à¦•à§ƒà¦·à§à¦Ÿà¦ªà§à¦°', 1, 47, 1, 4, 1, 0, 0, '2015-01-18 11:55:25', '0000-00-00 00:00:00', '0000-00-00 00:00:00'),
(393, '54bb9137-4cec-468f-9d8a-0ba8a9baf6a0', 'Dokhin Kolma', 'à¦¦à¦•à§à¦·à¦¿à¦£ à¦•à¦²à¦®à¦¾', 1, 47, 1, 4, 1, 0, 0, '2015-01-18 11:55:51', '0000-00-00 00:00:00', '0000-00-00 00:00:00'),
(394, '54bb9150-a2cc-4cbb-9423-0ba8a9baf6a0', 'Namaganda', 'à¦¨à¦¾à¦®à¦¾à¦—à§‡à¦¨à§à¦¡à¦¾', 1, 47, 1, 4, 1, 0, 0, '2015-01-18 11:56:16', '0000-00-00 00:00:00', '0000-00-00 00:00:00'),
(395, '54bb9173-2bf0-4347-8805-0ba8a9baf6a0', 'Khonjonkathi', 'à¦–à¦žà§à¦œà¦¨à¦•à¦¾à¦ à¦¿', 1, 47, 1, 4, 1, 0, 0, '2015-01-18 11:56:51', '0000-00-00 00:00:00', '0000-00-00 00:00:00'),
(396, '54bb921f-6e24-40b2-b7e1-0ba8a9baf6a0', 'Khonij Nagar', 'à¦–à¦¨à¦¿à¦œ à¦¨à¦—à¦°à¦°', 1, 54, 1, 4, 1, 0, 0, '2015-01-18 11:59:43', '0000-00-00 00:00:00', '0000-00-00 00:00:00'),
(397, '54bb9249-35b0-420a-b157-0ba8a9baf6a0', 'Kaliakoir', 'à¦•à¦¾à¦²à¦¿à§Ÿà¦¾à¦•à§ˆà¦°', 1, 54, 1, 4, 1, 0, 0, '2015-01-18 12:00:25', '0000-00-00 00:00:00', '0000-00-00 00:00:00'),
(398, '54bb9265-eafc-4b68-9051-0ba8a9baf6a0', 'Aakraan', 'à¦†à¦•à¦°à¦¾à¦¨', 1, 54, 1, 4, 1, 0, 0, '2015-01-18 12:00:53', '0000-00-00 00:00:00', '0000-00-00 00:00:00'),
(399, '54bb9289-670c-4997-bb20-0ba8a9baf6a0', 'Dogachi', 'à¦¡à§‹à¦—à¦¾à¦›à§€', 1, 54, 1, 4, 1, 0, 0, '2015-01-18 12:01:29', '0000-00-00 00:00:00', '0000-00-00 00:00:00'),
(400, '54bb92a5-afc0-4de1-a5bd-0ba8a9baf6a0', 'Bovanipur', 'à¦­à¦¬à¦¾à¦¨à§€à¦ªà§à¦°', 1, 54, 1, 4, 1, 0, 0, '2015-01-18 12:01:57', '0000-00-00 00:00:00', '0000-00-00 00:00:00'),
(401, '54bb92cc-6de8-4579-bd1d-0ba8a9baf6a0', 'Dokhin Ulumora', 'à¦¦à¦•à§à¦·à¦¿à¦¨ à¦‰à¦²à§à¦®à§‹à§œà¦¾', 1, 54, 1, 4, 1, 0, 0, '2015-01-18 12:02:36', '0000-00-00 00:00:00', '0000-00-00 00:00:00'),
(402, '54bb92e8-6a40-4e61-aa64-0ba8a9baf6a0', 'Khonda', 'à¦–à§‹à¦¨à§à¦¡à¦¾', 1, 54, 1, 4, 1, 0, 0, '2015-01-18 12:03:04', '0000-00-00 00:00:00', '0000-00-00 00:00:00'),
(403, '54bb9305-ecdc-4993-901f-0ba8a9baf6a0', 'Shadullapu', 'à¦¸à¦¾à¦¾à¦¦à§à¦²à§à¦²à¦¾à¦ªà§', 1, 54, 1, 4, 1, 0, 0, '2015-01-18 12:03:33', '0000-00-00 00:00:00', '0000-00-00 00:00:00'),
(404, '54bb932b-0b10-467a-a603-0ba8a9baf6a0', 'Uttor Ulumoraa', 'à¦‰à¦¤à§à¦¤à¦°à¦‰à¦²à§à¦®à§‹à§œà¦¾', 1, 54, 1, 4, 1, 0, 0, '2015-01-18 12:04:11', '0000-00-00 00:00:00', '0000-00-00 00:00:00'),
(405, '54bb9347-66ec-43c4-99c4-0ba8a9baf6a0', 'Bagnibari', 'à¦¬à¦¾à¦—à§à¦¨à§€à¦¬à¦¾à§œà§€', 1, 54, 1, 4, 1, 0, 0, '2015-01-18 12:04:39', '0000-00-00 00:00:00', '0000-00-00 00:00:00'),
(406, '54bb9370-b274-40c8-9338-0ba8a9baf6a0', 'Birulia', 'à¦¬à¦¿à¦°à§à¦²à¦¿à§Ÿà¦¾', 1, 54, 1, 4, 1, 0, 0, '2015-01-18 12:05:20', '0000-00-00 00:00:00', '0000-00-00 00:00:00'),
(407, '54bb938f-b8e4-4785-a0ac-0ba8c0a80105', 'Boro kakaab', 'à¦¬à§œ à¦•à¦¾à¦•à¦¾à¦¬', 1, 54, 1, 4, 1, 0, 0, '2015-01-18 12:05:51', '0000-00-00 00:00:00', '0000-00-00 00:00:00'),
(408, '54bb93a8-bc08-403b-9203-0ba8c0a80105', 'Nairadi', 'à¦¨à¦¾à¦‡à¦°à¦¾à¦¦à§€', 1, 54, 1, 4, 1, 0, 0, '2015-01-18 12:06:16', '0000-00-00 00:00:00', '0000-00-00 00:00:00'),
(409, '54bb93c2-3840-473d-a298-0ba8c0a80105', 'Daampara', 'à¦¦à¦¾à¦®à¦ªà¦¾à§œà¦¾', 1, 54, 1, 4, 1, 0, 0, '2015-01-18 12:06:42', '0000-00-00 00:00:00', '0000-00-00 00:00:00'),
(410, '54bb93df-8d1c-47d0-b69e-0ba8a9baf6a0', 'Vomka', 'à¦­à§‹à¦®à¦•à¦¾', 1, 54, 1, 4, 1, 0, 0, '2015-01-18 12:07:11', '0000-00-00 00:00:00', '0000-00-00 00:00:00'),
(411, '54bb93fa-a5ec-426a-a76a-0ba8a9baf6a0', 'Jinjiraa', 'à¦œà¦¿à¦¨à¦œà¦¿à¦°à¦¾', 1, 54, 1, 4, 1, 0, 0, '2015-01-18 12:07:38', '0000-00-00 00:00:00', '0000-00-00 00:00:00'),
(412, '54bb941e-3bc8-4c97-aff0-0ba8a9baf6a0', 'Khagaan', 'à¦–à¦¾à¦—à¦¾à¦¨', 1, 54, 1, 4, 1, 0, 0, '2015-01-18 12:08:14', '0000-00-00 00:00:00', '0000-00-00 00:00:00'),
(413, '54bb9435-1e9c-4068-9841-0ba8a9baf6a0', 'Komlapur', 'à¦•à¦®à¦²à¦¾à¦ªà§à¦°', 1, 54, 1, 4, 1, 0, 0, '2015-01-18 12:08:37', '0000-00-00 00:00:00', '0000-00-00 00:00:00'),
(414, '54bb944b-3644-4088-8f5b-0ba8a9baf6a0', 'Oalia', 'à¦“à§Ÿà¦¾à¦²à¦¿à§Ÿà¦¾', 1, 54, 1, 4, 1, 0, 0, '2015-01-18 12:08:59', '0000-00-00 00:00:00', '0000-00-00 00:00:00'),
(415, '54bb9464-fd4c-4bf1-b038-0ba8a9baf6a0', 'Shampur', 'à¦¶à§à¦¯à¦¾à¦®à¦ªà§à¦°', 1, 54, 1, 4, 1, 0, 0, '2015-01-18 12:09:24', '0000-00-00 00:00:00', '0000-00-00 00:00:00'),
(416, '54bb947b-eba4-43c7-8576-0ba8a9baf6a0', 'Moistapara', 'à¦®à§ˆà¦¸à§à¦¤à¦¾à¦ªà¦¾à§œà¦¾', 1, 54, 1, 4, 1, 0, 0, '2015-01-18 12:09:47', '0000-00-00 00:00:00', '0000-00-00 00:00:00'),
(417, '54bb949a-a3b0-40ab-b395-0ba8a9baf6a0', 'Kumarkhoda', 'à¦•à§à¦®à¦¾à¦°à¦–à§‹à¦¦à¦¾à¦¾', 1, 54, 1, 4, 1, 0, 0, '2015-01-18 12:10:18', '0000-00-00 00:00:00', '0000-00-00 00:00:00'),
(418, '54bb94b1-3f78-4a97-8f16-0ba8a9baf6a0', 'Bashutia', 'à¦¬à¦¾à¦¸à§à§à§à¦Ÿà¦¿à§Ÿà¦¾', 1, 54, 1, 4, 1, 0, 0, '2015-01-18 12:10:41', '0000-00-00 00:00:00', '0000-00-00 00:00:00'),
(419, '54bb94d6-4f84-49fe-bf2f-0ba8a9baf6a0', 'Kheagaat', 'à¦–à§‡à§Ÿà¦¾à¦˜à¦¾à¦Ÿ', 1, 54, 1, 4, 1, 0, 0, '2015-01-18 12:11:18', '0000-00-00 00:00:00', '0000-00-00 00:00:00'),
(420, '54bb94f6-3764-424d-be53-0ba8a9baf6a0', 'Dodawanbari', 'à¦¦à¦¦à§‡à¦“à§Ÿà¦¾à¦¨à¦¬à¦¾à§œà§€  ', 1, 54, 1, 4, 1, 0, 0, '2015-01-18 12:11:50', '0000-00-00 00:00:00', '0000-00-00 00:00:00'),
(421, '54bb950d-3b6c-49f0-97d6-0ba8a9baf6a0', 'Daul', 'à¦¦à§‡à¦‰à¦²', 1, 54, 1, 4, 1, 0, 0, '2015-01-18 12:12:13', '0000-00-00 00:00:00', '0000-00-00 00:00:00'),
(422, '54bb952a-3b1c-416a-9d00-0ba8a9baf6a0', 'Shipara', 'à¦¸à¦¾à¦‡à¦ªà¦¾à§œà¦¾  ', 1, 54, 1, 4, 1, 0, 0, '2015-01-18 12:12:42', '0000-00-00 00:00:00', '0000-00-00 00:00:00'),
(423, '54bb9543-42d4-47f7-839e-0ba8a9baf6a0', 'Dottaraa', ' à¦¦à¦¤à§à¦¤à¦¾à§œà¦¾ ', 1, 54, 1, 4, 1, 0, 0, '2015-01-18 12:13:07', '0000-00-00 00:00:00', '0000-00-00 00:00:00'),
(424, '54bc8a3e-31ac-4620-a56b-08d4a9baf6a0', 'Bypail', 'à¦¬à¦¾à¦‡à¦ªà¦¾à¦‡à¦²', 1, 53, 1, 4, 1, 0, 0, '2015-01-19 05:38:22', '0000-00-00 00:00:00', '0000-00-00 00:00:00'),
(425, '54bc8a66-c7f4-4612-a348-08d4a9baf6a0', 'Dokhin Gazirchot', 'à¦¦à¦ƒ à¦—à¦¾à¦œà¦¿à¦°à¦šà¦Ÿ', 1, 53, 1, 4, 1, 0, 0, '2015-01-19 05:39:02', '0000-00-00 00:00:00', '0000-00-00 00:00:00'),
(426, '54bc8a8a-97c8-4253-a70c-08d4a9baf6a0', 'Uttor Gazirchot', 'à¦‰à¦ƒ à¦—à¦¾à¦œà¦¿à¦°à¦šà¦Ÿ', 1, 53, 1, 4, 1, 0, 0, '2015-01-19 05:39:38', '0000-00-00 00:00:00', '0000-00-00 00:00:00'),
(427, '54bc8aaa-75f0-4231-9c88-08d4a9baf6a0', 'Bashbari', 'à¦¬à¦¾à¦¶à¦¬à¦¾à§œà§€', 1, 53, 1, 4, 1, 0, 0, '2015-01-19 05:40:10', '0000-00-00 00:00:00', '0000-00-00 00:00:00'),
(428, '54bc8acc-e08c-4672-8f2f-08d4a9baf6a0', 'Kychabari', 'à¦•à¦¾à¦‡à¦šà¦¾à¦¬à¦¾à§œà§€', 1, 53, 1, 4, 1, 0, 0, '2015-01-19 05:40:44', '0000-00-00 00:00:00', '0000-00-00 00:00:00'),
(429, '54bc8ae7-74c4-4d7e-9b48-08d4a9baf6a0', 'Dogortoli', 'à¦¡à¦—à¦°à¦¤à¦²à§€', 1, 53, 1, 4, 1, 0, 0, '2015-01-19 05:41:11', '0000-00-00 00:00:00', '0000-00-00 00:00:00'),
(430, '54bc8b0d-9218-4523-8444-08d4a9baf6a0', 'Soto Paichail', 'à¦›à§‹à¦Ÿ à¦ªà¦¾à¦‡à¦›à¦¾à¦‡à¦²', 1, 53, 1, 4, 1, 0, 0, '2015-01-19 05:41:49', '0000-00-00 00:00:00', '0000-00-00 00:00:00'),
(431, '54bc8b25-415c-479d-adb2-08d4a9baf6a0', 'Dahra', 'à¦¦à§‡à¦¹à¦°à¦¾', 1, 53, 1, 4, 1, 0, 0, '2015-01-19 05:42:13', '0000-00-00 00:00:00', '0000-00-00 00:00:00'),
(432, '54bc8b3d-06f8-4981-a494-08d4a9baf6a0', 'Konda', 'à¦•à¦¨à§à¦¡à¦¾', 1, 53, 1, 4, 1, 0, 0, '2015-01-19 05:42:37', '0000-00-00 00:00:00', '0000-00-00 00:00:00'),
(433, '54bc8b55-be74-49cc-a5ab-08d4a9baf6a0', 'Sonteki', 'à¦›à¦¨à¦Ÿà§‡à¦•à§€', 1, 53, 1, 4, 1, 0, 0, '2015-01-19 05:43:01', '0000-00-00 00:00:00', '0000-00-00 00:00:00'),
(434, '54bc8b6e-7344-4105-8c8f-08d4a9baf6a0', 'Alobdi', 'à¦†à¦²à§‹à¦¬à§à¦¦à§€', 1, 53, 1, 4, 1, 0, 0, '2015-01-19 05:43:26', '0000-00-00 00:00:00', '0000-00-00 00:00:00'),
(435, '54bc8b8e-b314-458b-b145-08d4a9baf6a0', 'Noyatek', 'à¦¨à§Ÿà¦¾à¦Ÿà§‡à¦•', 1, 53, 1, 4, 1, 0, 0, '2015-01-19 05:43:58', '0000-00-00 00:00:00', '0000-00-00 00:00:00'),
(436, '54bc8ba9-1e0c-4628-8faf-08d4a9baf6a0', 'Notunnagar', 'à¦¨à¦¤à§à¦¨à¦¨à¦—à¦°', 1, 53, 1, 4, 1, 0, 0, '2015-01-19 05:44:25', '0000-00-00 00:00:00', '0000-00-00 00:00:00'),
(437, '54bc8bc2-8714-4fd4-b03a-08d4a9baf6a0', 'Sitbari', 'à¦¸à¦¿à¦Ÿà¦¬à¦¾à§œà§€', 1, 53, 1, 4, 1, 0, 0, '2015-01-19 05:44:50', '0000-00-00 00:00:00', '0000-00-00 00:00:00'),
(438, '54bc8bdb-9b68-4789-b5a7-08d4a9baf6a0', 'Debdosha', 'à¦¦à§‡à¦¬à¦¦à¦¶à¦¾', 1, 53, 1, 4, 1, 0, 0, '2015-01-19 05:45:15', '0000-00-00 00:00:00', '0000-00-00 00:00:00'),
(439, '54bc8bf1-2208-4295-ac68-08d4a9baf6a0', 'Dhamsona', 'à¦§à¦¾à¦®à¦¸à§‹à¦¨à¦¾', 1, 53, 1, 4, 1, 0, 0, '2015-01-19 05:45:37', '0000-00-00 00:00:00', '0000-00-00 00:00:00'),
(440, '54bc8c0a-e364-4a41-9778-08d4a9baf6a0', 'Anayetpur', 'à¦à¦¨à¦¾à§Ÿà§‡à¦¤à¦ªà§à¦°', 1, 53, 1, 4, 1, 0, 0, '2015-01-19 05:46:02', '0000-00-00 00:00:00', '0000-00-00 00:00:00'),
(441, '54bc8c23-8fb4-4341-94cf-08d4a9baf6a0', 'Gonakbari', 'à¦—à¦¨à¦•à¦¬à¦¾à§œà§€', 1, 53, 1, 4, 1, 0, 0, '2015-01-19 05:46:27', '0000-00-00 00:00:00', '0000-00-00 00:00:00'),
(442, '54bc8c3c-dba0-4b28-b11e-08d4a9baf6a0', 'Modhubari', 'à¦®à¦§à§à¦ªà§à¦°', 1, 53, 1, 4, 1, 0, 0, '2015-01-19 05:46:52', '0000-00-00 00:00:00', '0000-00-00 00:00:00'),
(443, '54bc8c52-acc4-4efe-88e1-08d4a9baf6a0', 'Sriipur', 'à¦¶à§à¦°à§€à¦ªà§à¦°', 1, 53, 1, 4, 1, 0, 0, '2015-01-19 05:47:14', '0000-00-00 00:00:00', '0000-00-00 00:00:00'),
(444, '54bc8c69-3e88-444e-ae5a-08d4a9baf6a0', 'Vadail', 'à¦­à¦¾à¦¦à¦¾à¦‡à¦²', 1, 53, 1, 4, 1, 0, 0, '2015-01-19 05:47:37', '0000-00-00 00:00:00', '0000-00-00 00:00:00'),
(445, '54bc8c8b-6f3c-40a9-90e6-08d4a9baf6a0', 'Pobnartek', 'à¦ªà¦¬à¦¨à¦¾à¦°à¦Ÿà§‡à¦•', 1, 53, 1, 4, 1, 0, 0, '2015-01-19 05:48:11', '0000-00-00 00:00:00', '0000-00-00 00:00:00'),
(446, '54bc8ca8-1aec-4875-b884-08d4a9baf6a0', 'Faruk Nagar', 'à¦«à¦¾à¦°à§à¦• à¦¨à¦—à¦°', 1, 53, 1, 4, 1, 0, 0, '2015-01-19 05:48:40', '0000-00-00 00:00:00', '0000-00-00 00:00:00'),
(447, '54bc8cc2-a454-4aab-a1f5-08d4a9baf6a0', 'Myjhail', 'à¦®à¦¾à¦‡à¦à¦¾à¦‡à¦²', 1, 53, 1, 4, 1, 0, 0, '2015-01-19 05:49:06', '0000-00-00 00:00:00', '0000-00-00 00:00:00'),
(448, '54bc8ce0-1510-4ec5-a319-08d4a9baf6a0', 'Nolum', 'à¦¨à¦²à¦¾à¦®', 1, 53, 1, 4, 1, 0, 0, '2015-01-19 05:49:36', '0000-00-00 00:00:00', '0000-00-00 00:00:00'),
(449, '54bc8cfa-26e4-4eb0-b6b9-08d4a9baf6a0', 'Nolumbagbari', 'à¦¨à¦²à¦¾à¦®à¦¬à¦¾à¦—à¦¬à¦¾à§œà§€', 1, 53, 1, 4, 1, 0, 0, '2015-01-19 05:50:02', '0000-00-00 00:00:00', '0000-00-00 00:00:00'),
(450, '54bc8d11-f198-4b0c-8aa8-08d4a9baf6a0', 'Polashbari', 'à¦ªà¦²à¦¾à¦¶à¦¬à¦¾à§œà§€', 1, 53, 1, 4, 1, 0, 0, '2015-01-19 05:50:25', '0000-00-00 00:00:00', '0000-00-00 00:00:00'),
(451, '54bc8d28-f2a0-42ae-ad72-08d4a9baf6a0', 'Dendabor', 'à¦¡à§‡à¦¨à§à¦¡à¦¾à¦¬à¦°', 1, 53, 1, 4, 1, 0, 0, '2015-01-19 05:50:48', '0000-00-00 00:00:00', '0000-00-00 00:00:00'),
(452, '54bc8d3d-609c-42d4-a086-08d4a9baf6a0', 'Subondi', 'à¦¸à§à¦¬à¦¨à§à¦¦à§€', 1, 53, 1, 4, 1, 0, 0, '2015-01-19 05:51:09', '0000-00-00 00:00:00', '0000-00-00 00:00:00'),
(453, '54bc8d58-a478-43ae-aa96-08d4a9baf6a0', 'Purbo Subondi', 'à¦ªà§‚à¦°à§à¦¬ à¦¸à§à¦¬à¦¨à§à¦¦à§€', 1, 53, 1, 4, 1, 0, 0, '2015-01-19 05:51:36', '0000-00-00 00:00:00', '0000-00-00 00:00:00');
INSERT INTO `locations` (`id`, `locationuuid`, `locationname`, `locationnamebn`, `locationisparent`, `locationparentid`, `locationisactive`, `locationstep`, `locationinsertid`, `locationupdateid`, `locationdeleteid`, `locationinsertdate`, `locationupdatedate`, `locationdeletedate`) VALUES
(454, '54bc8d84-bb8c-4052-ad20-08d4a9baf6a0', 'Poshim Subondi', 'à¦ªà¦¶à§à¦šà¦¿à¦® à¦¸à§à¦¬à¦¨à§à¦¦à§€', 1, 53, 1, 4, 1, 0, 0, '2015-01-19 05:52:20', '0000-00-00 00:00:00', '0000-00-00 00:00:00'),
(455, '54bc8d9c-b03c-4214-8aef-08d4a9baf6a0', 'Unail', 'à¦‰à¦¨à¦¾à¦‡à¦²', 1, 53, 1, 4, 1, 0, 0, '2015-01-19 05:52:44', '0000-00-00 00:00:00', '0000-00-00 00:00:00'),
(456, '54bc8dbe-5d8c-4f8c-ab57-08d4a9baf6a0', 'Gopalbari', 'à¦—à§‹à¦ªà¦¾à¦²à¦¬à¦¾à§œà§€', 1, 53, 1, 4, 1, 0, 0, '2015-01-19 05:53:18', '0000-00-00 00:00:00', '0000-00-00 00:00:00'),
(457, '54bc8e26-0150-4741-b25f-08d4a9baf6a0', 'Kasoir', 'à¦•à¦¾à¦›à§ˆà¦°', 1, 50, 1, 4, 1, 0, 0, '2015-01-19 05:55:02', '0000-00-00 00:00:00', '0000-00-00 00:00:00'),
(458, '54bc8e46-8b04-434f-b764-08d4a9baf6a0', 'Bagbari', 'à¦¬à¦¾à¦—à¦¬à¦¾à§œà§€', 1, 50, 1, 4, 1, 0, 0, '2015-01-19 05:55:34', '0000-00-00 00:00:00', '0000-00-00 00:00:00'),
(459, '54bc8e68-3240-4a84-af50-08d4a9baf6a0', 'Ronosthol', 'à¦°à¦¨à¦¸à§à¦¥à¦²', 1, 50, 1, 4, 1, 0, 0, '2015-01-19 05:56:08', '0000-00-00 00:00:00', '0000-00-00 00:00:00'),
(460, '54bc8e82-6d18-4c36-834d-08d4a9baf6a0', 'Noyapara', 'à¦¨à§Ÿà¦¾à¦ªà¦¾à§œà¦¾', 1, 50, 1, 4, 1, 0, 0, '2015-01-19 05:56:34', '0000-00-00 00:00:00', '0000-00-00 00:00:00'),
(461, '54bc8e9c-6a44-4bbf-b871-08d4a9baf6a0', 'Bainteki', 'à¦¬à¦¾à¦‡à¦¨à¦Ÿà§‡à¦•à§€', 1, 50, 1, 4, 1, 0, 0, '2015-01-19 05:57:00', '0000-00-00 00:00:00', '0000-00-00 00:00:00'),
(462, '54bc8eb4-1614-492c-88e7-08d4a9baf6a0', 'Vikumpur', 'à¦­à¦¿à¦•à§à¦®à¦ªà§à¦°', 1, 50, 1, 4, 1, 0, 0, '2015-01-19 05:57:24', '0000-00-00 00:00:00', '0000-00-00 00:00:00'),
(463, '54bc8ecd-b978-4d43-8bfa-08d4a9baf6a0', 'Modhopara', 'à¦®à¦§à§à¦¯à¦ªà¦¾à§œà¦¾', 1, 50, 1, 4, 1, 0, 0, '2015-01-19 05:57:49', '0000-00-00 00:00:00', '0000-00-00 00:00:00'),
(464, '54bc8ee8-5a4c-4805-8707-08d4a9baf6a0', 'Dashpara', 'à¦¦à¦¾à¦¸à¦ªà¦¾à§œà¦¾', 1, 50, 1, 4, 1, 0, 0, '2015-01-19 05:58:16', '0000-00-00 00:00:00', '0000-00-00 00:00:00'),
(465, '54bc8f0c-6fc8-4a25-89e8-08d4a9baf6a0', 'Kalikapur', 'à¦•à¦¾à¦²à¦¿à¦•à¦¾à¦ªà§à¦°', 1, 50, 1, 4, 1, 0, 0, '2015-01-19 05:58:52', '0000-00-00 00:00:00', '0000-00-00 00:00:00'),
(466, '54bc8f2f-4024-4d8a-af7f-08d4a9baf6a0', 'Bororishipara', 'à¦¬à§œà¦‹à¦·à¦¿à¦ªà¦¾à§œà¦¾', 1, 50, 1, 4, 1, 0, 0, '2015-01-19 05:59:27', '0000-00-00 00:00:00', '0000-00-00 00:00:00'),
(467, '54bc8f5e-c120-4050-89a7-08d4a9baf6a0', 'Soto Rishipara', 'à¦›à§‹à¦Ÿ à¦‹à¦·à¦¿à¦ªà¦¾à§œà¦¾', 1, 50, 1, 4, 1, 0, 0, '2015-01-19 06:00:14', '0000-00-00 00:00:00', '0000-00-00 00:00:00'),
(468, '54bc8f80-4520-4ef6-b0b2-08d4a9baf6a0', 'Chokrabortipara', 'à¦šà¦•à§à¦°à¦¬à¦°à§à¦¤à§€à¦ªà¦¾à§œà¦¾', 1, 50, 1, 4, 1, 0, 0, '2015-01-19 06:00:48', '0000-00-00 00:00:00', '0000-00-00 00:00:00'),
(469, '54bc8f9a-a024-4248-8649-08d4a9baf6a0', 'Paantapara', 'à¦ªà¦¾à¦¨à§à¦¤à¦¾à¦ªà¦¾à§œà¦¾', 1, 50, 1, 4, 1, 0, 0, '2015-01-19 06:01:14', '0000-00-00 00:00:00', '0000-00-00 00:00:00'),
(470, '54bc8fbf-f108-45ed-be1b-08d4a9baf6a0', 'Nishsintopur', 'à¦¨à¦¿à¦¶à§à¦šà¦¿à¦¨à§à¦¤à¦ªà§à¦°', 1, 50, 1, 4, 1, 0, 0, '2015-01-19 06:01:51', '0000-00-00 00:00:00', '0000-00-00 00:00:00'),
(471, '54bc8fdd-364c-4658-b3eb-08d4a9baf6a0', 'Aanailbari', 'à¦†à¦¨à¦¾à¦‡à¦²à¦¬à¦¾à§œà§€', 1, 50, 1, 4, 1, 0, 0, '2015-01-19 06:02:21', '0000-00-00 00:00:00', '0000-00-00 00:00:00'),
(472, '54bc8ff7-190c-4929-9907-08d4c0a80104', 'Lalartek', 'à¦²à¦¾à¦²à¦¾à¦°à¦Ÿà§‡à¦•', 1, 50, 1, 4, 1, 0, 0, '2015-01-19 06:02:47', '0000-00-00 00:00:00', '0000-00-00 00:00:00'),
(473, '54bc9012-c020-4804-8c38-08d4c0a80104', 'Baddokarpara', 'à¦¬à¦¾à¦¦à§à¦¯à¦•à¦°à¦ªà¦¾à§œà¦¾', 1, 50, 1, 4, 1, 0, 0, '2015-01-19 06:03:14', '0000-00-00 00:00:00', '0000-00-00 00:00:00'),
(474, '54bc902f-7898-49b2-a03e-08d4c0a80104', 'Tatipara', 'à¦¤à¦¾à¦¤à§€à¦ªà¦¾à§œà¦¾', 1, 50, 1, 4, 1, 0, 0, '2015-01-19 06:03:43', '0000-00-00 00:00:00', '0000-00-00 00:00:00'),
(475, '54bc9051-3d90-497f-a823-08d4a9baf6a0', 'Aamudiapara', 'à¦†à¦®à§à¦¦à¦¿à§Ÿà¦¾à¦ªà¦¾à§œà¦¾', 1, 50, 1, 4, 1, 0, 0, '2015-01-19 06:04:17', '0000-00-00 00:00:00', '0000-00-00 00:00:00'),
(476, '54bc9072-5178-4081-adfb-08d4a9baf6a0', 'Raipara', 'à¦°à¦¾à§Ÿà¦ªà¦¾à§œà¦¾', 1, 50, 1, 4, 1, 0, 0, '2015-01-19 06:04:50', '0000-00-00 00:00:00', '0000-00-00 00:00:00'),
(477, '54bc908b-9414-4f17-b9d7-08d4a9baf6a0', 'Boronagar', 'à¦¬à§œà¦¨à¦—à¦°', 1, 50, 1, 4, 1, 0, 0, '2015-01-19 06:05:15', '0000-00-00 00:00:00', '0000-00-00 00:00:00'),
(478, '54bc90ab-dd70-4855-ba8e-08d4a9baf6a0', 'Kormakarpara', 'à¦•à¦°à§à¦®à¦•à¦¾à¦°à¦ªà¦¾à§œà¦¾', 1, 50, 1, 4, 1, 0, 0, '2015-01-19 06:05:47', '0000-00-00 00:00:00', '0000-00-00 00:00:00'),
(479, '54bc90c9-d114-42ed-956b-08d4a9baf6a0', 'Shantipara', 'à¦¶à¦¾à¦¨à§à¦¤à¦¿à¦ªà¦¾à§œà¦¾', 1, 50, 1, 4, 1, 0, 0, '2015-01-19 06:06:17', '0000-00-00 00:00:00', '0000-00-00 00:00:00'),
(480, '54bc925b-4fa8-4e3f-9f1f-08d4a9baf6a0', 'Chalapara', 'à¦šà¦¾à¦²à¦¾à¦ªà¦¾à§œà¦¾', 1, 50, 1, 4, 1, 0, 0, '2015-01-19 06:12:59', '0000-00-00 00:00:00', '0000-00-00 00:00:00'),
(481, '54bc9276-7224-42e1-95a9-08d4a9baf6a0', 'Kantapara', 'à¦•à¦¾à¦¨à§à¦ à¦¾à¦ªà¦¾à§œà¦¾', 1, 50, 1, 4, 1, 0, 0, '2015-01-19 06:13:26', '0000-00-00 00:00:00', '0000-00-00 00:00:00'),
(482, '54bc929a-1db4-4c4b-8b5a-08d4a9baf6a0', 'Odhikaripara', 'à¦…à¦§à¦¿à¦•à¦¾à¦°à§€à¦ªà¦¾à§œà¦¾', 1, 50, 1, 4, 1, 0, 0, '2015-01-19 06:14:02', '0000-00-00 00:00:00', '0000-00-00 00:00:00'),
(483, '54bc92bb-0f7c-4949-8568-08d4a9baf6a0', 'Changirdia', 'à¦šà¦¾à¦™à§à¦—à¦¿à¦°à¦¦à¦¿à§Ÿà¦¾', 1, 50, 1, 4, 1, 0, 0, '2015-01-19 06:14:35', '0000-00-00 00:00:00', '0000-00-00 00:00:00'),
(484, '54bc92d7-caec-42b2-8a23-08d4a9baf6a0', 'Khamarpara', 'à¦–à¦¾à¦®à¦¾à¦°à¦ªà¦¾à§œà¦¾', 1, 50, 1, 4, 1, 0, 0, '2015-01-19 06:15:03', '0000-00-00 00:00:00', '0000-00-00 00:00:00'),
(485, '54bc92ed-e1ac-4434-ba5b-08d4a9baf6a0', 'Norpara', 'à¦¨à¦°à¦ªà¦¾à§œà¦¾', 1, 50, 1, 4, 1, 0, 0, '2015-01-19 06:15:25', '0000-00-00 00:00:00', '0000-00-00 00:00:00'),
(486, '54bc930f-21c0-4979-9c9b-08d4a9baf6a0', 'Notunbondor', 'à¦¨à¦¤à§à¦¨à¦¬à¦¨à§à¦¦à¦°', 1, 50, 1, 4, 1, 0, 0, '2015-01-19 06:15:59', '0000-00-00 00:00:00', '0000-00-00 00:00:00'),
(487, '54bc932d-e068-4601-9bdb-08d4a9baf6a0', 'Bottacharjopara', 'à¦­à¦Ÿà§à¦°à¦¾à¦šà¦¾à¦°à§à¦¯à¦ªà¦¾à§œà¦¾', 1, 50, 1, 4, 1, 0, 0, '2015-01-19 06:16:29', '0000-00-00 00:00:00', '0000-00-00 00:00:00'),
(488, '54bc9342-81a4-4ef9-9cca-08d4a9baf6a0', 'Noihati', 'à¦¨à§ˆà¦¹à¦¾à¦Ÿà¦¿', 1, 50, 1, 4, 1, 0, 0, '2015-01-19 06:16:50', '0000-00-00 00:00:00', '0000-00-00 00:00:00'),
(489, '54bc9355-f388-4214-8ee1-08d4a9baf6a0', 'Paragram', 'à¦ªà¦¾à§œà¦¾à¦—à§à¦°à¦¾à¦®', 1, 50, 1, 4, 1, 0, 0, '2015-01-19 06:17:09', '0000-00-00 00:00:00', '0000-00-00 00:00:00'),
(490, '54bc936d-ac94-4f59-a185-08d4a9baf6a0', 'Sonteki', 'à¦›à¦¨à¦Ÿà§‡à¦•à§€', 1, 50, 1, 4, 1, 0, 0, '2015-01-19 06:17:33', '0000-00-00 00:00:00', '0000-00-00 00:00:00'),
(491, '54bc9389-96e0-4a2a-a649-08d4a9baf6a0', 'Kodaliateki', 'à¦•à§‹à¦¦à¦¾à¦²à¦¿à§Ÿà¦¾à¦Ÿà§‡à¦•à§€', 1, 50, 1, 4, 1, 0, 0, '2015-01-19 06:18:01', '0000-00-00 00:00:00', '0000-00-00 00:00:00'),
(492, '54bc93a1-cacc-460b-a70a-08d4a9baf6a0', 'Gopinpur', 'à¦—à§‹à¦ªà¦¿à¦¨à¦ªà§à¦°', 1, 50, 1, 4, 1, 0, 0, '2015-01-19 06:18:25', '0000-00-00 00:00:00', '0000-00-00 00:00:00'),
(493, '54bc93ba-4da0-44fe-89d1-08d4a9baf6a0', 'Gonokpara', 'à¦—à¦¨à¦•à¦ªà¦¾à§œà¦¾', 1, 50, 1, 4, 1, 0, 0, '2015-01-19 06:18:50', '0000-00-00 00:00:00', '0000-00-00 00:00:00'),
(494, '54bc93d0-5c70-483a-96a6-08d4a9baf6a0', 'Baunia', 'à¦¬à¦¾à¦‰à¦¨à¦¿à§Ÿà¦¾', 1, 50, 1, 4, 1, 0, 0, '2015-01-19 06:19:12', '0000-00-00 00:00:00', '0000-00-00 00:00:00'),
(495, '54bc93e8-355c-4c1d-b4a5-08d4a9baf6a0', 'Vatiakandhi', 'à¦­à¦¾à¦Ÿà¦¿à§Ÿà¦¾à¦•à¦¾à¦¨à§à¦¦à¦¿', 1, 50, 1, 4, 1, 0, 0, '2015-01-19 06:19:36', '0000-00-00 00:00:00', '0000-00-00 00:00:00'),
(496, '54bc9402-3f8c-412f-ad86-08d4a9baf6a0', 'Uttor Nallapolla', 'à¦‰à¦¤à§à¦¤à¦° à¦¨à¦¾à¦²à§à¦²à¦¾à¦ªà§‹à¦²à§à¦²à¦¾', 1, 50, 1, 4, 1, 0, 0, '2015-01-19 06:20:02', '0000-00-00 00:00:00', '0000-00-00 00:00:00'),
(497, '54bc941f-e36c-48eb-b6c3-08d4a9baf6a0', 'Dokhin Nallapolla', 'à¦¦à¦•à§à¦·à¦¿à¦¨ à¦¨à¦¾à¦²à§à¦²à¦¾à¦ªà§‹à¦²à§à¦²à¦¾', 1, 50, 1, 4, 1, 0, 0, '2015-01-19 06:20:31', '0000-00-00 00:00:00', '0000-00-00 00:00:00'),
(498, '54bc9436-6da0-4ca1-b74e-08d4a9baf6a0', 'Kolashowri', 'à¦•à¦²à§‡à¦¶à§à¦¬à¦°à§€', 1, 50, 1, 4, 1, 0, 0, '2015-01-19 06:20:54', '0000-00-00 00:00:00', '0000-00-00 00:00:00'),
(499, '54bc9450-c488-4a59-8165-08d4a9baf6a0', 'Gazibari', 'à¦—à¦¾à¦œà§€à¦¬à¦¾à§œà§€', 1, 50, 1, 4, 1, 0, 0, '2015-01-19 06:21:20', '0000-00-00 00:00:00', '0000-00-00 00:00:00'),
(500, '54bc9467-2bc8-4c2f-be67-08d4a9baf6a0', 'Shamerteki', 'à¦¶à§à¦¯à¦¾à¦®à§‡à¦°à¦Ÿà§‡à¦•à§€', 1, 50, 1, 4, 1, 0, 0, '2015-01-19 06:21:43', '0000-00-00 00:00:00', '0000-00-00 00:00:00'),
(501, '54bc9487-0ad0-424c-8722-08d4a9baf6a0', 'Ashariteki', 'à¦†à¦·à¦¾à§à¦¿à§Ÿà¦¾à¦Ÿà§‡à¦•à§€', 1, 50, 1, 4, 1, 0, 0, '2015-01-19 06:22:15', '0000-00-00 00:00:00', '0000-00-00 00:00:00'),
(502, '54bc94a0-41b0-4316-b531-08d4a9baf6a0', 'Gohailbari', 'à¦—à§‹à¦¹à¦¾à¦‡à¦²à¦¬à¦¾à§œà§€', 1, 50, 1, 4, 1, 0, 0, '2015-01-19 06:22:40', '0000-00-00 00:00:00', '0000-00-00 00:00:00'),
(503, '54bc94b6-65e4-4a7d-bd9f-08d4a9baf6a0', 'Gussogram', 'à¦—à§à¦šà§à¦›à¦—à§à¦°à¦¾à¦®', 1, 50, 1, 4, 1, 0, 0, '2015-01-19 06:23:02', '0000-00-00 00:00:00', '0000-00-00 00:00:00'),
(504, '54bc94d0-8570-4965-a0d2-08d4a9baf6a0', 'Digirpar', 'à¦¦à¦¿à¦˜à§€à¦°à¦ªà¦¾à§œ', 1, 50, 1, 4, 1, 0, 0, '2015-01-19 06:23:28', '0000-00-00 00:00:00', '0000-00-00 00:00:00'),
(505, '54bc94e9-ed88-466e-8437-08d4a9baf6a0', 'Koltasuti', 'à¦•à¦²à¦¤à¦¾à¦¸à§à¦¤à§€', 1, 50, 1, 4, 1, 0, 0, '2015-01-19 06:23:53', '0000-00-00 00:00:00', '0000-00-00 00:00:00'),
(506, '54bc94fe-54a4-447f-a473-08d4a9baf6a0', 'Barol', 'à¦¬à¦¾à¦°à¦²', 1, 50, 1, 4, 1, 0, 0, '2015-01-19 06:24:14', '0000-00-00 00:00:00', '0000-00-00 00:00:00'),
(507, '54bc9518-935c-47cc-b316-08d4a9baf6a0', 'Moriskata', 'à¦®à¦°à¦¿à¦šà¦•à¦¾à¦Ÿà¦¾', 1, 50, 1, 4, 1, 0, 0, '2015-01-19 06:24:40', '0000-00-00 00:00:00', '0000-00-00 00:00:00'),
(508, '54bc952f-73fc-421c-8068-08d4a9baf6a0', 'Tenguri', 'à¦Ÿà§‡à¦‚à¦—à§à¦°à§€', 1, 50, 1, 4, 1, 0, 0, '2015-01-19 06:25:03', '0000-00-00 00:00:00', '0000-00-00 00:00:00'),
(509, '54bc9545-2840-4a3a-a4ec-08d4a9baf6a0', 'Konapara', 'à¦•à§‹à¦¨à¦¾à¦ªà¦¾à§œà¦¾', 1, 50, 1, 4, 1, 0, 0, '2015-01-19 06:25:25', '0000-00-00 00:00:00', '0000-00-00 00:00:00'),
(510, '54bc955b-94d8-49d6-b475-08d4a9baf6a0', 'Kobirpur', 'à¦•à¦¬à¦¿à¦°à¦ªà§à¦°', 1, 50, 1, 4, 1, 0, 0, '2015-01-19 06:25:47', '0000-00-00 00:00:00', '0000-00-00 00:00:00'),
(511, '54bc9574-35a4-4367-ad8f-08d4a9baf6a0', 'Baidgram', 'à¦¬à¦¾à¦‡à¦¦à¦—à§à¦°à¦¾à¦®', 1, 50, 1, 4, 1, 0, 0, '2015-01-19 06:26:12', '0000-00-00 00:00:00', '0000-00-00 00:00:00'),
(512, '54bc95b1-249c-45bf-8924-08d4a9baf6a0', 'Baripara', 'à¦¬à¦¾à§œà¦‡à¦ªà¦¾à§œà¦¾', 1, 50, 1, 4, 1, 0, 0, '2015-01-19 06:27:13', '0000-00-00 00:00:00', '0000-00-00 00:00:00'),
(513, '54bc95cb-0bb0-44af-ae8e-08d4a9baf6a0', 'Madhobteki', 'à¦®à¦¾à¦§à¦¬à¦Ÿà§‡à¦•à§€', 1, 50, 1, 4, 1, 0, 0, '2015-01-19 06:27:39', '0000-00-00 00:00:00', '0000-00-00 00:00:00'),
(514, '54bc960c-c584-47c1-99f4-08d4a9baf6a0', 'Purbo Baidgaon', 'à¦ªà§‚à¦°à§à¦¬ à¦¬à¦¾à¦‡à¦¦à¦—à¦¾à¦à¦“', 1, 50, 1, 4, 1, 0, 0, '2015-01-19 06:28:44', '0000-00-00 00:00:00', '0000-00-00 00:00:00'),
(515, '54bc9628-b7d8-49a1-a34f-08d4a9baf6a0', 'Noyapara', 'à¦¨à§Ÿà¦¾à¦ªà¦¾à§œà¦¾', 1, 50, 1, 4, 1, 0, 0, '2015-01-19 06:29:12', '0000-00-00 00:00:00', '0000-00-00 00:00:00'),
(516, '54bc997a-9a48-414f-b027-08d4a9baf6a0', 'Jaamgora', 'à¦œà¦¾à¦®à¦—à§œà¦¾', 1, 48, 1, 4, 1, 0, 0, '2015-01-19 06:43:22', '0000-00-00 00:00:00', '0000-00-00 00:00:00'),
(517, '54bc9991-4938-41d9-ba74-08d4a9baf6a0', 'Beron', 'à¦¬à§‡à¦°à¦¨ ', 1, 48, 1, 4, 1, 0, 0, '2015-01-19 06:43:45', '0000-00-00 00:00:00', '0000-00-00 00:00:00'),
(518, '54bc99a9-b170-47fb-bec6-08d4a9baf6a0', 'Gorut', 'à¦—à§‹à¦°à¦¾à¦Ÿ ', 1, 48, 1, 4, 1, 0, 0, '2015-01-19 06:44:09', '0000-00-00 00:00:00', '0000-00-00 00:00:00'),
(519, '54bc99c8-d9b8-46f9-abb2-08d4a9baf6a0', 'Dhonaid', 'à¦§à¦¨à¦¾à¦‡à¦¦ ', 1, 48, 1, 4, 1, 0, 0, '2015-01-19 06:44:40', '0000-00-00 00:00:00', '0000-00-00 00:00:00'),
(520, '54bc99e0-e7b4-4b76-9f51-08d4a9baf6a0', 'Taajpur', 'à¦¤à¦¾à¦œà¦ªà§à¦°', 1, 48, 1, 4, 1, 0, 0, '2015-01-19 06:45:04', '0000-00-00 00:00:00', '0000-00-00 00:00:00'),
(521, '54bc99f7-47c8-4005-b57c-08d4a9baf6a0', 'Diakhali', 'à¦¦à¦¿à§Ÿà¦¾à¦–à¦¾à¦²à§€', 1, 48, 1, 4, 1, 0, 0, '2015-01-19 06:45:27', '0000-00-00 00:00:00', '0000-00-00 00:00:00'),
(522, '54bc9a10-ed50-4228-9f18-08d4a9baf6a0', 'Yearpur', 'à¦‡à§Ÿà¦¾à¦°à¦ªà§à¦° ', 1, 48, 1, 4, 1, 0, 0, '2015-01-19 06:45:52', '0000-00-00 00:00:00', '0000-00-00 00:00:00'),
(523, '54bc9a2f-74c4-44e5-974a-08d4a9baf6a0', 'Gomail', 'à¦—à§‹à¦®à¦¾à¦‡à¦² ', 1, 48, 1, 4, 1, 0, 0, '2015-01-19 06:46:23', '0000-00-00 00:00:00', '0000-00-00 00:00:00'),
(524, '54bc9a48-9db0-48b2-af87-08d4a9baf6a0', 'Burirpara', 'à¦¬à§à§œà¦¿à¦°à¦ªà¦¾à§œà¦¾ ', 1, 48, 1, 4, 1, 0, 0, '2015-01-19 06:46:48', '0000-00-00 00:00:00', '0000-00-00 00:00:00'),
(525, '54bc9a65-7498-46b4-823b-08d4a9baf6a0', 'Nishsintopur', 'à¦¨à¦¿à¦¶à§à¦šà¦¿à¦¨à¦¤à§à¦®à¦ªà§à¦° ', 1, 48, 1, 4, 1, 0, 0, '2015-01-19 06:47:17', '0000-00-00 00:00:00', '0000-00-00 00:00:00'),
(526, '54bc9a82-c740-40ce-afae-08d4a9baf6a0', 'Norshingpur', 'à¦¨à¦°à¦¸à¦¿à¦‚à¦¹à¦ªà§à¦° ', 1, 48, 1, 4, 1, 0, 0, '2015-01-19 06:47:46', '0000-00-00 00:00:00', '0000-00-00 00:00:00'),
(527, '54bc9a9b-21b0-40a7-b3e4-08d4a9baf6a0', 'Chitroshail', 'à¦šà¦¿à¦¤à§à¦°à¦¶à¦¾à¦‡à¦² ', 1, 48, 1, 4, 1, 0, 0, '2015-01-19 06:48:11', '0000-00-00 00:00:00', '0000-00-00 00:00:00'),
(528, '54bc9ab2-ba78-491e-a362-08d4a9baf6a0', 'Goshbag', 'à¦˜à§‹à¦·à¦¬à¦¾à¦— ', 1, 48, 1, 4, 1, 0, 0, '2015-01-19 06:48:34', '0000-00-00 00:00:00', '0000-00-00 00:00:00'),
(529, '54bc9ac9-82bc-4d92-973f-08d4a9baf6a0', 'Kundolbag', 'à¦•à§à¦¨à§à¦¡à¦²à¦¬à¦¾à¦— ', 1, 48, 1, 4, 1, 0, 0, '2015-01-19 06:48:57', '0000-00-00 00:00:00', '0000-00-00 00:00:00'),
(530, '54bc9ae1-e6b0-4eb6-a6e4-08d4a9baf6a0', 'Jirabo', 'à¦œà¦¿à¦°à¦¾à¦¬à§‹', 1, 48, 1, 4, 1, 0, 0, '2015-01-19 06:49:21', '0000-00-00 00:00:00', '0000-00-00 00:00:00'),
(531, '54bc9afb-8260-46dc-b3db-08d4a9baf6a0', 'Shataishkandhi', 'à¦¸à¦¾à¦¤à¦¾à¦‡à¦¶à¦•à¦¾à¦¨à§à¦¦à§€  ', 1, 48, 1, 4, 1, 0, 0, '2015-01-19 06:49:47', '0000-00-00 00:00:00', '0000-00-00 00:00:00'),
(532, '54bc9b15-3970-4b44-a4f1-08d4a9baf6a0', 'Isorkandhi', 'à¦‡à¦›à¦°à¦•à¦¾à¦¨à§à¦¦à§€', 1, 48, 1, 4, 1, 0, 0, '2015-01-19 06:50:13', '0000-00-00 00:00:00', '0000-00-00 00:00:00'),
(533, '54bc9b2e-0cdc-4398-8559-08d4a9baf6a0', 'Toyebpur', 'à¦¤à§ˆà§Ÿà¦¬à¦ªà§à¦°', 1, 48, 1, 4, 1, 0, 0, '2015-01-19 06:50:38', '0000-00-00 00:00:00', '0000-00-00 00:00:00'),
(534, '54bcb8c9-d8a4-4a60-8821-08d4a9baf6a0', 'Naliyashur', 'à¦¨à¦¾à¦²à¦¿à§Ÿà¦¾à¦¸à§à¦°', 1, 55, 1, 4, 1, 0, 0, '2015-01-19 08:56:57', '0000-00-00 00:00:00', '0000-00-00 00:00:00'),
(535, '54bcb8e8-3f10-4dc4-ae28-08d4a9baf6a0', 'Harubia', 'à¦¹à¦¾à¦°à§à¦°à¦¿à§Ÿà¦¾', 1, 55, 1, 4, 1, 0, 0, '2015-01-19 08:57:28', '0000-00-00 00:00:00', '0000-00-00 00:00:00'),
(536, '54bcb924-aef0-4f3d-a60f-08d4a9baf6a0', 'Chairaa', 'à¦šà¦¾à¦‡à§œà¦¾', 1, 55, 1, 4, 1, 0, 0, '2015-01-19 08:58:28', '0000-00-00 00:00:00', '0000-00-00 00:00:00'),
(537, '54bcb94e-b7dc-4f36-86d4-08d4a9baf6a0', 'Mushurikhola', 'à¦®à§à¦¶à§à¦°à§€à¦–à§‹à¦²à¦¾', 1, 55, 1, 4, 1, 0, 0, '2015-01-19 08:59:10', '0000-00-00 00:00:00', '0000-00-00 00:00:00'),
(538, '54bcb96b-d898-4bc0-a371-08d4a9baf6a0', 'Tulatuli', 'à¦¤à§à¦²à¦¾à¦¤à§à¦²à¦¿', 1, 55, 1, 4, 1, 0, 0, '2015-01-19 08:59:39', '0000-00-00 00:00:00', '0000-00-00 00:00:00'),
(539, '54bcb98a-2864-442b-a523-08d4a9baf6a0', 'Chartulatuli', 'à¦šà¦°à¦¤à§à¦²à¦¾à¦¤à§à¦²à¦¿', 1, 55, 1, 4, 1, 0, 0, '2015-01-19 09:00:10', '0000-00-00 00:00:00', '0000-00-00 00:00:00'),
(540, '54bcb9a6-27bc-407c-81b9-08d4a9baf6a0', 'Dokhin Jhauchar', 'à¦¦à¦•à§à¦·à¦¿à¦£ à¦à¦¾à¦‰à¦šà¦°à¦ƒ', 1, 55, 1, 4, 1, 0, 0, '2015-01-19 09:00:38', '0000-00-00 00:00:00', '0000-00-00 00:00:00'),
(541, '54bcb9bf-c4a8-41f5-ac6e-08d4a9baf6a0', 'Baherchar', ' à¦¬à¦¾à¦¹à§‡à¦°à¦šà¦°', 1, 55, 1, 4, 1, 0, 0, '2015-01-19 09:01:03', '0000-00-00 00:00:00', '0000-00-00 00:00:00'),
(542, '54bcb9da-7ee4-43f7-8684-08d4a9baf6a0', 'Fringikandha', 'à¦«à¦¿à¦°à¦¿à¦™à§à¦—à§€à¦•à¦¾à¦¨à§à¦¦à¦¾à¦ƒ', 1, 55, 1, 4, 1, 0, 0, '2015-01-19 09:01:30', '0000-00-00 00:00:00', '0000-00-00 00:00:00'),
(543, '54bcb9f7-a6f4-4485-8701-08d4a9baf6a0', 'Saglakandhi', ' à¦›à¦¾à¦—à¦²à¦¾à¦•à¦¾à¦¨à§à¦¦à¦¿', 1, 55, 1, 4, 1, 0, 0, '2015-01-19 09:01:59', '0000-00-00 00:00:00', '0000-00-00 00:00:00'),
(544, '54bcba13-e1c8-4c62-822e-08d4a9baf6a0', 'Nonderkhamar', ' à¦¨à¦¨à§à¦¦à§‡à¦°à¦–à¦¾à¦®à¦¾à¦°', 1, 55, 1, 4, 1, 0, 0, '2015-01-19 09:02:27', '0000-00-00 00:00:00', '0000-00-00 00:00:00'),
(545, '54bcba2d-a274-4f0b-b2ff-08d4a9baf6a0', 'Shollapara', ' à¦¶à§‹à¦²à§à¦²à¦¾à¦ªà¦¾à§œà¦¾', 1, 55, 1, 4, 1, 0, 0, '2015-01-19 09:02:53', '0000-00-00 00:00:00', '0000-00-00 00:00:00'),
(546, '54bcba4b-c30c-47ba-9c6a-08d4a9baf6a0', 'Chunarchar', 'à¦šà§à¦¨à¦¾à¦°à¦šà¦°', 1, 55, 1, 4, 1, 0, 0, '2015-01-19 09:03:23', '0000-00-00 00:00:00', '0000-00-00 00:00:00'),
(547, '54bcba66-3780-4021-b597-08d4a9baf6a0', 'Nolaghoria', 'à¦¨à¦²à¦¾à¦—à¦°à¦¿à§Ÿà¦¾', 1, 55, 1, 4, 1, 0, 0, '2015-01-19 09:03:50', '0000-00-00 00:00:00', '0000-00-00 00:00:00'),
(548, '54bcba89-5e88-4066-9a80-08d4a9baf6a0', 'Domrakandha', 'à¦¡à§‹à¦®à¦°à¦¾à¦•à¦¾à¦¨à§à¦¦à¦¾', 1, 55, 1, 4, 1, 0, 0, '2015-01-19 09:04:25', '0000-00-00 00:00:00', '0000-00-00 00:00:00'),
(549, '54bcbaa8-a380-43e0-892e-08d4a9baf6a0', 'Kaisharchar', ' à¦•à¦¾à¦‡à¦¶à¦¾à¦°à¦šà¦°', 1, 55, 1, 4, 1, 0, 0, '2015-01-19 09:04:56', '0000-00-00 00:00:00', '0000-00-00 00:00:00'),
(550, '54bcbac3-0ffc-47a9-8b6f-08d4a9baf6a0', 'Khaguria', 'à¦–à¦¾à¦—à§à¦°à¦¿à§Ÿà¦¾', 1, 55, 1, 4, 1, 0, 0, '2015-01-19 09:05:23', '0000-00-00 00:00:00', '0000-00-00 00:00:00'),
(551, '54bcbae2-dfb0-40bc-9d08-08d4a9baf6a0', 'HinduVakurta', 'à¦¹à¦¿à¦¨à§à¦¦à§à¦­à¦¾à¦•à§à¦°à§à¦¤à¦¾', 1, 55, 1, 4, 1, 0, 0, '2015-01-19 09:05:54', '0000-00-00 00:00:00', '0000-00-00 00:00:00'),
(552, '54bcbaf8-a58c-403e-b5fb-08d4a9baf6a0', 'Vakurta', 'à¦­à¦¾à¦•à§à¦°à§à¦¤à¦¾', 1, 55, 1, 4, 1, 0, 0, '2015-01-19 09:06:16', '0000-00-00 00:00:00', '0000-00-00 00:00:00'),
(553, '54bcbb14-37ac-438a-ab0a-08d4a9baf6a0', 'KandiVakurta', 'à¦•à¦¾à¦¨à§à¦¦à¦¿à¦­à¦¾à¦•à§à¦°à§à¦¤à¦¾', 1, 55, 1, 4, 1, 0, 0, '2015-01-19 09:06:44', '0000-00-00 00:00:00', '0000-00-00 00:00:00'),
(554, '54bcbb2f-af30-4fc9-93b5-08d4a9baf6a0', 'Mograkandha', 'à¦®à§‹à¦—à§œà¦¾à¦•à¦¾à¦¨à§à¦¦à¦¾', 1, 55, 1, 4, 1, 0, 0, '2015-01-19 09:07:11', '0000-00-00 00:00:00', '0000-00-00 00:00:00'),
(555, '54bcbb43-1c34-49d0-83ad-08d4a9baf6a0', 'Chapra', 'à¦šà¦¾à¦ªà§œà¦¾', 1, 55, 1, 4, 1, 0, 0, '2015-01-19 09:07:31', '0000-00-00 00:00:00', '0000-00-00 00:00:00'),
(556, '54bcbb72-c088-4798-9f11-08d4a9baf6a0', 'Shamlashi Varaliapara', 'à¦¶à§à¦¯à¦¾à¦®à¦²à¦¾à¦¶à§€ à¦­à¦¾à§œà¦¾à¦²à¦¿à§Ÿà¦¾à¦ªà¦¾à§œà¦¾', 1, 55, 1, 4, 1, 0, 0, '2015-01-19 09:08:18', '0000-00-00 00:00:00', '0000-00-00 00:00:00'),
(557, '54bcbb92-d910-4798-a77b-08d4a9baf6a0', 'Shamlashi Kolatiapara', ' à¦¶à§à¦¯à¦¾à¦®à¦²à¦¾à¦¶à§€ à¦•à¦²à¦¾à¦¤à¦¿à§Ÿà¦¾à¦ªà¦¾à§œà¦¾', 1, 55, 1, 4, 1, 0, 0, '2015-01-19 09:08:50', '0000-00-00 00:00:00', '0000-00-00 00:00:00'),
(558, '54bcbbb7-86ec-4769-9e86-08d4a9baf6a0', 'Shamlashi Totaliapara', 'à¦¶à§à¦¯à¦¾à¦®à¦²à¦¾à¦¶à§€ à¦Ÿà§‹à¦Ÿà¦¾à¦²à¦¿à§Ÿà¦¾à¦ªà¦¾à§œà¦¾', 1, 55, 1, 4, 1, 0, 0, '2015-01-19 09:09:27', '0000-00-00 00:00:00', '0000-00-00 00:00:00'),
(559, '54bcbbd8-0d40-4011-b126-08d4a9baf6a0', 'Shamlashi Baherchar', ' à¦¶à§à¦¯à¦¾à¦®à¦²à¦¾à¦¶à§€ à¦¬à¦¾à¦¹à§‡à¦°à¦šà¦°', 1, 55, 1, 4, 1, 0, 0, '2015-01-19 09:10:00', '0000-00-00 00:00:00', '0000-00-00 00:00:00'),
(560, '54bcbbef-53f0-4ee8-a057-08d4a9baf6a0', 'Luter Char', 'à¦²à§à¦Ÿà§‡à¦° à¦šà¦°', 1, 55, 1, 4, 1, 0, 0, '2015-01-19 09:10:23', '0000-00-00 00:00:00', '0000-00-00 00:00:00'),
(561, '54d1d0f9-4d78-4768-b3ab-0dacc0a8006b', 'Shampur kodomtoli', 'à¦¶à§à¦¯à¦¾à¦®à¦ªà§à¦° à¦•à¦¦à¦®à¦¤à¦²à§€ ', 1, 110, 1, 4, 1, 0, 0, '2015-02-04 08:57:45', '0000-00-00 00:00:00', '0000-00-00 00:00:00'),
(562, '54d1d999-ce20-4ffb-a4a0-0dacc0a8006b', 'dhaka matches', 'à¦¢à¦¾à¦•à¦¾ à¦®à§à¦¯à¦¾à¦š ', 1, 561, 1, 5, 1, 0, 0, '2015-02-04 09:34:33', '0000-00-00 00:00:00', '0000-00-00 00:00:00'),
(563, '54d1d9d8-a3c0-4901-97ea-0dacc0a8006b', 'dhaka matches', 'à¦¢à¦¾à¦•à¦¾ à¦®à§à¦¯à¦¾à¦š ', 1, 561, 1, 5, 1, 0, 0, '2015-02-04 09:35:36', '0000-00-00 00:00:00', '0000-00-00 00:00:00'),
(564, '54d1d9fd-3560-4998-b88b-0dacc0a8006b', 'dhaka matches', 'à¦¢à¦¾à¦•à¦¾ à¦®à§à¦¯à¦¾à¦š ', 1, 561, 1, 5, 1, 0, 0, '2015-02-04 09:36:13', '0000-00-00 00:00:00', '0000-00-00 00:00:00'),
(565, '54d1da4d-83c4-400b-90fe-0dacc0a8006b', 'Dhaka matches', 'à¦¢à¦¾à¦•à¦¾ à¦®à§à¦¯à¦¾à¦š ', 1, 110, 1, 4, 1, 0, 0, '2015-02-04 09:37:33', '0000-00-00 00:00:00', '0000-00-00 00:00:00'),
(566, '54d5954c-f8bc-4344-80e4-0c58f4f1b0b9', 'test2', 'test2', 0, 1, 1, 1, 1, 0, 0, '2015-02-07 05:32:12', '0000-00-00 00:00:00', '0000-00-00 00:00:00');

-- --------------------------------------------------------

--
-- Table structure for table `menunarrations`
--

CREATE TABLE IF NOT EXISTS `menunarrations` (
  `id` int(11) NOT NULL AUTO_INCREMENT,
  `menu_id` int(11) NOT NULL,
  `menubeforename` varchar(50) NOT NULL,
  `menubeforenamebn` varchar(50) NOT NULL,
  `menuaftername` varchar(50) NOT NULL,
  `menuafternamebn` varchar(50) NOT NULL,
  `menunarration` text NOT NULL,
  `menuupdatedate` datetime NOT NULL,
  PRIMARY KEY (`id`)
) ENGINE=InnoDB DEFAULT CHARSET=utf8 AUTO_INCREMENT=1 ;

-- --------------------------------------------------------

--
-- Table structure for table `menuprivileges`
--

CREATE TABLE IF NOT EXISTS `menuprivileges` (
  `id` int(11) NOT NULL AUTO_INCREMENT,
  `privilegeuuid` char(36) NOT NULL,
  `privilegetype` varchar(10) NOT NULL,
  `user_id` int(11) NOT NULL,
  `group_id` int(11) NOT NULL,
  `menu_id` int(11) NOT NULL,
  `company_id` int(11) NOT NULL,
  `branch_id` int(11) NOT NULL,
  `privilegeinsertid` int(11) NOT NULL,
  `privilegeupdateid` int(11) NOT NULL,
  `priviligedeleteid` int(11) NOT NULL,
  `priviligeinsertdate` datetime NOT NULL,
  `priviligeupdatedate` datetime NOT NULL,
  `priviligedeletedate` datetime NOT NULL,
  PRIMARY KEY (`id`)
) ENGINE=InnoDB  DEFAULT CHARSET=utf8 AUTO_INCREMENT=10204 ;

--
-- Dumping data for table `menuprivileges`
--

INSERT INTO `menuprivileges` (`id`, `privilegeuuid`, `privilegetype`, `user_id`, `group_id`, `menu_id`, `company_id`, `branch_id`, `privilegeinsertid`, `privilegeupdateid`, `priviligedeleteid`, `priviligeinsertdate`, `priviligeupdatedate`, `priviligedeletedate`) VALUES
(6322, '54dc6113-255c-48c8-81ef-0ce8c0a80066', '', 1, 3, 1, 1, 1, 1, 0, 0, '2015-02-12 09:15:15', '0000-00-00 00:00:00', '0000-00-00 00:00:00'),
(6323, '54dc6113-12e8-4bbe-8f45-0ce8c0a80066', '', 1, 3, 2, 1, 1, 1, 0, 0, '2015-02-12 09:15:15', '0000-00-00 00:00:00', '0000-00-00 00:00:00'),
(6324, '54dc6113-fb40-4e32-a95b-0ce8c0a80066', '', 1, 3, 3, 1, 1, 1, 0, 0, '2015-02-12 09:15:15', '0000-00-00 00:00:00', '0000-00-00 00:00:00'),
(6325, '54dc6113-56a8-46b9-ad6b-0ce8c0a80066', '', 1, 3, 7, 1, 1, 1, 0, 0, '2015-02-12 09:15:15', '0000-00-00 00:00:00', '0000-00-00 00:00:00'),
(6326, '54dc6113-b210-42a8-b68a-0ce8c0a80066', '', 1, 3, 9, 1, 1, 1, 0, 0, '2015-02-12 09:15:15', '0000-00-00 00:00:00', '0000-00-00 00:00:00'),
(6327, '54dc6113-9418-4474-94fb-0ce8c0a80066', '', 1, 3, 12, 1, 1, 1, 0, 0, '2015-02-12 09:15:15', '0000-00-00 00:00:00', '0000-00-00 00:00:00'),
(6328, '54dc6113-ef80-42fd-8e6d-0ce8c0a80066', '', 1, 3, 13, 1, 1, 1, 0, 0, '2015-02-12 09:15:15', '0000-00-00 00:00:00', '0000-00-00 00:00:00'),
(6329, '54dc6113-4ae8-4f62-8191-0ce8c0a80066', '', 1, 3, 22, 1, 1, 1, 0, 0, '2015-02-12 09:15:15', '0000-00-00 00:00:00', '0000-00-00 00:00:00'),
(6330, '54dc6114-cba0-465b-8fe9-0ce8c0a80066', '', 1, 3, 31, 1, 1, 1, 0, 0, '2015-02-12 09:15:16', '0000-00-00 00:00:00', '0000-00-00 00:00:00'),
(6331, '54dc6114-3fcc-4ea6-83a1-0ce8c0a80066', '', 1, 3, 70, 1, 1, 1, 0, 0, '2015-02-12 09:15:16', '0000-00-00 00:00:00', '0000-00-00 00:00:00'),
(6332, '54dc6114-0fc4-4674-b980-0ce8c0a80066', '', 1, 3, 71, 1, 1, 1, 0, 0, '2015-02-12 09:15:16', '0000-00-00 00:00:00', '0000-00-00 00:00:00'),
(6333, '54dc6114-c630-404f-93ab-0ce8c0a80066', '', 1, 3, 72, 1, 1, 1, 0, 0, '2015-02-12 09:15:16', '0000-00-00 00:00:00', '0000-00-00 00:00:00'),
(6334, '54dc6114-a838-4304-8f1b-0ce8c0a80066', '', 1, 3, 92, 1, 1, 1, 0, 0, '2015-02-12 09:15:16', '0000-00-00 00:00:00', '0000-00-00 00:00:00'),
(6335, '54dc6114-cce4-4c4e-a2e1-0ce8c0a80066', '', 1, 3, 114, 1, 1, 1, 0, 0, '2015-02-12 09:15:16', '0000-00-00 00:00:00', '0000-00-00 00:00:00'),
(6336, '54dc6114-284c-4b68-a7d1-0ce8c0a80066', '', 1, 3, 115, 1, 1, 1, 0, 0, '2015-02-12 09:15:16', '0000-00-00 00:00:00', '0000-00-00 00:00:00'),
(9981, '551293d4-81a4-44f8-ab06-107cf4f1b0b9', '', 1, 1, 1, 1, 1, 1, 0, 0, '2015-03-25 16:54:12', '0000-00-00 00:00:00', '0000-00-00 00:00:00'),
(9982, '551293d4-2e48-4e59-9ccc-107cf4f1b0b9', '', 1, 1, 2, 1, 1, 1, 0, 0, '2015-03-25 16:54:12', '0000-00-00 00:00:00', '0000-00-00 00:00:00'),
(9983, '551293d4-7c70-4d50-9378-107cf4f1b0b9', '', 1, 1, 3, 1, 1, 1, 0, 0, '2015-03-25 16:54:12', '0000-00-00 00:00:00', '0000-00-00 00:00:00'),
(9984, '551293d4-bb9c-48ec-8c67-107cf4f1b0b9', '', 1, 1, 5, 1, 1, 1, 0, 0, '2015-03-25 16:54:12', '0000-00-00 00:00:00', '0000-00-00 00:00:00'),
(9985, '551293d4-6684-4cf4-b3c1-107cf4f1b0b9', '', 1, 1, 6, 1, 1, 1, 0, 0, '2015-03-25 16:54:12', '0000-00-00 00:00:00', '0000-00-00 00:00:00'),
(9986, '551293d4-cdd4-4c34-96b0-107cf4f1b0b9', '', 1, 1, 7, 1, 1, 1, 0, 0, '2015-03-25 16:54:12', '0000-00-00 00:00:00', '0000-00-00 00:00:00'),
(9987, '551293d4-6804-48a1-8782-107cf4f1b0b9', '', 1, 1, 8, 1, 1, 1, 0, 0, '2015-03-25 16:54:12', '0000-00-00 00:00:00', '0000-00-00 00:00:00'),
(9988, '551293d4-9144-48b0-b284-107cf4f1b0b9', '', 1, 1, 9, 1, 1, 1, 0, 0, '2015-03-25 16:54:12', '0000-00-00 00:00:00', '0000-00-00 00:00:00'),
(9989, '551293d4-2368-40f9-bdbd-107cf4f1b0b9', '', 1, 1, 11, 1, 1, 1, 0, 0, '2015-03-25 16:54:12', '0000-00-00 00:00:00', '0000-00-00 00:00:00'),
(9990, '551293d4-1314-453e-a61a-107cf4f1b0b9', '', 1, 1, 12, 1, 1, 1, 0, 0, '2015-03-25 16:54:12', '0000-00-00 00:00:00', '0000-00-00 00:00:00'),
(9991, '551293d4-d6c0-49c0-878c-107cf4f1b0b9', '', 1, 1, 13, 1, 1, 1, 0, 0, '2015-03-25 16:54:12', '0000-00-00 00:00:00', '0000-00-00 00:00:00'),
(9992, '551293d4-306c-4850-aab5-107cf4f1b0b9', '', 1, 1, 14, 1, 1, 1, 0, 0, '2015-03-25 16:54:12', '0000-00-00 00:00:00', '0000-00-00 00:00:00'),
(9993, '551293d4-cb00-4c22-8228-107cf4f1b0b9', '', 1, 1, 15, 1, 1, 1, 0, 0, '2015-03-25 16:54:12', '0000-00-00 00:00:00', '0000-00-00 00:00:00'),
(9994, '551293d4-d684-4bc9-ac60-107cf4f1b0b9', '', 1, 1, 16, 1, 1, 1, 0, 0, '2015-03-25 16:54:12', '0000-00-00 00:00:00', '0000-00-00 00:00:00'),
(9995, '551293d4-efac-482c-ba5d-107cf4f1b0b9', '', 1, 1, 17, 1, 1, 1, 0, 0, '2015-03-25 16:54:12', '0000-00-00 00:00:00', '0000-00-00 00:00:00'),
(9996, '551293d5-bb14-416a-852d-107cf4f1b0b9', '', 1, 1, 18, 1, 1, 1, 0, 0, '2015-03-25 16:54:13', '0000-00-00 00:00:00', '0000-00-00 00:00:00'),
(9997, '551293d5-65c0-4294-8dd3-107cf4f1b0b9', '', 1, 1, 19, 1, 1, 1, 0, 0, '2015-03-25 16:54:13', '0000-00-00 00:00:00', '0000-00-00 00:00:00'),
(9998, '551293d5-3a88-440a-b3f3-107cf4f1b0b9', '', 1, 1, 20, 1, 1, 1, 0, 0, '2015-03-25 16:54:13', '0000-00-00 00:00:00', '0000-00-00 00:00:00'),
(9999, '551293d5-0f50-4f71-9f12-107cf4f1b0b9', '', 1, 1, 21, 1, 1, 1, 0, 0, '2015-03-25 16:54:13', '0000-00-00 00:00:00', '0000-00-00 00:00:00'),
(10000, '551293d5-1ad4-4bf7-abef-107cf4f1b0b9', '', 1, 1, 22, 1, 1, 1, 0, 0, '2015-03-25 16:54:13', '0000-00-00 00:00:00', '0000-00-00 00:00:00'),
(10001, '551293d5-acf8-4ec8-9a61-107cf4f1b0b9', '', 1, 1, 23, 1, 1, 1, 0, 0, '2015-03-25 16:54:13', '0000-00-00 00:00:00', '0000-00-00 00:00:00'),
(10002, '551293d5-3f80-4a30-8492-107cf4f1b0b9', '', 1, 1, 24, 1, 1, 1, 0, 0, '2015-03-25 16:54:13', '0000-00-00 00:00:00', '0000-00-00 00:00:00'),
(10003, '551293d5-d1a4-441f-9a3f-107cf4f1b0b9', '', 1, 1, 25, 1, 1, 1, 0, 0, '2015-03-25 16:54:13', '0000-00-00 00:00:00', '0000-00-00 00:00:00'),
(10004, '551293d5-ea68-41f7-9a68-107cf4f1b0b9', '', 1, 1, 26, 1, 1, 1, 0, 0, '2015-03-25 16:54:13', '0000-00-00 00:00:00', '0000-00-00 00:00:00'),
(10005, '551293d5-7c8c-4ab1-ab26-107cf4f1b0b9', '', 1, 1, 27, 1, 1, 1, 0, 0, '2015-03-25 16:54:13', '0000-00-00 00:00:00', '0000-00-00 00:00:00'),
(10006, '551293d5-0f14-46b7-9710-107cf4f1b0b9', '', 1, 1, 28, 1, 1, 1, 0, 0, '2015-03-25 16:54:13', '0000-00-00 00:00:00', '0000-00-00 00:00:00'),
(10007, '551293d5-8340-4040-a728-107cf4f1b0b9', '', 1, 1, 29, 1, 1, 1, 0, 0, '2015-03-25 16:54:13', '0000-00-00 00:00:00', '0000-00-00 00:00:00'),
(10008, '551293d5-22a4-453e-ae58-107cf4f1b0b9', '', 1, 1, 30, 1, 1, 1, 0, 0, '2015-03-25 16:54:13', '0000-00-00 00:00:00', '0000-00-00 00:00:00'),
(10009, '551293d5-a788-4425-aa6b-107cf4f1b0b9', '', 1, 1, 31, 1, 1, 1, 0, 0, '2015-03-25 16:54:13', '0000-00-00 00:00:00', '0000-00-00 00:00:00'),
(10010, '551293d5-c0b0-4559-982a-107cf4f1b0b9', '', 1, 1, 32, 1, 1, 1, 0, 0, '2015-03-25 16:54:13', '0000-00-00 00:00:00', '0000-00-00 00:00:00'),
(10011, '551293d5-52d4-4389-a09c-107cf4f1b0b9', '', 1, 1, 33, 1, 1, 1, 0, 0, '2015-03-25 16:54:13', '0000-00-00 00:00:00', '0000-00-00 00:00:00'),
(10012, '551293d5-e4f8-4008-9c68-107cf4f1b0b9', '', 1, 1, 34, 1, 1, 1, 0, 0, '2015-03-25 16:54:13', '0000-00-00 00:00:00', '0000-00-00 00:00:00'),
(10013, '551293d5-7780-4fb3-9906-107cf4f1b0b9', '', 1, 1, 35, 1, 1, 1, 0, 0, '2015-03-25 16:54:13', '0000-00-00 00:00:00', '0000-00-00 00:00:00'),
(10014, '551293d5-09a4-4988-b293-107cf4f1b0b9', '', 1, 1, 36, 1, 1, 1, 0, 0, '2015-03-25 16:54:13', '0000-00-00 00:00:00', '0000-00-00 00:00:00'),
(10015, '551293d5-9bc8-401f-b32c-107cf4f1b0b9', '', 1, 1, 37, 1, 1, 1, 0, 0, '2015-03-25 16:54:13', '0000-00-00 00:00:00', '0000-00-00 00:00:00'),
(10016, '551293d5-2dec-4f50-8ea5-107cf4f1b0b9', '', 1, 1, 38, 1, 1, 1, 0, 0, '2015-03-25 16:54:13', '0000-00-00 00:00:00', '0000-00-00 00:00:00'),
(10017, '551293d5-b178-4084-83cd-107cf4f1b0b9', '', 1, 1, 39, 1, 1, 1, 0, 0, '2015-03-25 16:54:13', '0000-00-00 00:00:00', '0000-00-00 00:00:00'),
(10018, '551293d5-291c-40c1-a75f-107cf4f1b0b9', '', 1, 1, 40, 1, 1, 1, 0, 0, '2015-03-25 16:54:13', '0000-00-00 00:00:00', '0000-00-00 00:00:00'),
(10019, '551293d5-bb40-4f77-acbf-107cf4f1b0b9', '', 1, 1, 41, 1, 1, 1, 0, 0, '2015-03-25 16:54:13', '0000-00-00 00:00:00', '0000-00-00 00:00:00'),
(10020, '551293d5-4d64-4c46-825f-107cf4f1b0b9', '', 1, 1, 42, 1, 1, 1, 0, 0, '2015-03-25 16:54:13', '0000-00-00 00:00:00', '0000-00-00 00:00:00'),
(10021, '551293d5-6628-410d-b7bd-107cf4f1b0b9', '', 1, 1, 43, 1, 1, 1, 0, 0, '2015-03-25 16:54:13', '0000-00-00 00:00:00', '0000-00-00 00:00:00'),
(10022, '551293d5-7f50-42be-b9ff-107cf4f1b0b9', '', 1, 1, 44, 1, 1, 1, 0, 0, '2015-03-25 16:54:13', '0000-00-00 00:00:00', '0000-00-00 00:00:00'),
(10023, '551293d6-c298-4b36-9556-107cf4f1b0b9', '', 1, 1, 45, 1, 1, 1, 0, 0, '2015-03-25 16:54:14', '0000-00-00 00:00:00', '0000-00-00 00:00:00'),
(10024, '551293d6-ce1c-4510-a151-107cf4f1b0b9', '', 1, 1, 46, 1, 1, 1, 0, 0, '2015-03-25 16:54:14', '0000-00-00 00:00:00', '0000-00-00 00:00:00'),
(10025, '551293d6-60a4-40cb-a4a2-107cf4f1b0b9', '', 1, 1, 47, 1, 1, 1, 0, 0, '2015-03-25 16:54:14', '0000-00-00 00:00:00', '0000-00-00 00:00:00'),
(10026, '551293d6-f2c8-42c2-a30a-107cf4f1b0b9', '', 1, 1, 48, 1, 1, 1, 0, 0, '2015-03-25 16:54:14', '0000-00-00 00:00:00', '0000-00-00 00:00:00'),
(10027, '551293d6-0b8c-4a08-88dd-107cf4f1b0b9', '', 1, 1, 49, 1, 1, 1, 0, 0, '2015-03-25 16:54:14', '0000-00-00 00:00:00', '0000-00-00 00:00:00'),
(10028, '551293d6-9db0-4524-b589-107cf4f1b0b9', '', 1, 1, 50, 1, 1, 1, 0, 0, '2015-03-25 16:54:14', '0000-00-00 00:00:00', '0000-00-00 00:00:00'),
(10029, '551293d6-f918-411b-bd56-107cf4f1b0b9', '', 1, 1, 51, 1, 1, 1, 0, 0, '2015-03-25 16:54:14', '0000-00-00 00:00:00', '0000-00-00 00:00:00'),
(10030, '551293d6-1240-4c8f-8dce-107cf4f1b0b9', '', 1, 1, 52, 1, 1, 1, 0, 0, '2015-03-25 16:54:14', '0000-00-00 00:00:00', '0000-00-00 00:00:00'),
(10031, '551293d6-a464-43a1-bc35-107cf4f1b0b9', '', 1, 1, 53, 1, 1, 1, 0, 0, '2015-03-25 16:54:14', '0000-00-00 00:00:00', '0000-00-00 00:00:00'),
(10032, '551293d6-3688-4c68-8e8d-107cf4f1b0b9', '', 1, 1, 54, 1, 1, 1, 0, 0, '2015-03-25 16:54:14', '0000-00-00 00:00:00', '0000-00-00 00:00:00'),
(10033, '551293d6-7770-4241-99fd-107cf4f1b0b9', '', 1, 1, 55, 1, 1, 1, 0, 0, '2015-03-25 16:54:14', '0000-00-00 00:00:00', '0000-00-00 00:00:00'),
(10034, '551293d7-4c90-485e-9b55-107cf4f1b0b9', '', 1, 1, 56, 1, 1, 1, 0, 0, '2015-03-25 16:54:15', '0000-00-00 00:00:00', '0000-00-00 00:00:00'),
(10035, '551293d7-b538-495f-8937-107cf4f1b0b9', '', 1, 1, 57, 1, 1, 1, 0, 0, '2015-03-25 16:54:15', '0000-00-00 00:00:00', '0000-00-00 00:00:00'),
(10036, '551293d7-475c-4bb3-991e-107cf4f1b0b9', '', 1, 1, 58, 1, 1, 1, 0, 0, '2015-03-25 16:54:15', '0000-00-00 00:00:00', '0000-00-00 00:00:00'),
(10037, '551293d7-d9e4-498f-869a-107cf4f1b0b9', '', 1, 1, 59, 1, 1, 1, 0, 0, '2015-03-25 16:54:15', '0000-00-00 00:00:00', '0000-00-00 00:00:00'),
(10038, '551293d7-f2a8-41fe-8426-107cf4f1b0b9', '', 1, 1, 60, 1, 1, 1, 0, 0, '2015-03-25 16:54:15', '0000-00-00 00:00:00', '0000-00-00 00:00:00'),
(10039, '551293d7-4e10-444a-a7d7-107cf4f1b0b9', '', 1, 1, 61, 1, 1, 1, 0, 0, '2015-03-25 16:54:15', '0000-00-00 00:00:00', '0000-00-00 00:00:00'),
(10040, '551293d7-a978-46bb-8ff2-107cf4f1b0b9', '', 1, 1, 62, 1, 1, 1, 0, 0, '2015-03-25 16:54:15', '0000-00-00 00:00:00', '0000-00-00 00:00:00'),
(10041, '551293d7-3b9c-4b3e-b259-107cf4f1b0b9', '', 1, 1, 63, 1, 1, 1, 0, 0, '2015-03-25 16:54:15', '0000-00-00 00:00:00', '0000-00-00 00:00:00'),
(10042, '551293d7-6204-4ac8-9f60-107cf4f1b0b9', '', 1, 1, 64, 1, 1, 1, 0, 0, '2015-03-25 16:54:15', '0000-00-00 00:00:00', '0000-00-00 00:00:00'),
(10043, '551293d7-43a8-422a-9803-107cf4f1b0b9', '', 1, 1, 65, 1, 1, 1, 0, 0, '2015-03-25 16:54:15', '0000-00-00 00:00:00', '0000-00-00 00:00:00'),
(10044, '551293d7-4250-4748-9d98-107cf4f1b0b9', '', 1, 1, 66, 1, 1, 1, 0, 0, '2015-03-25 16:54:15', '0000-00-00 00:00:00', '0000-00-00 00:00:00'),
(10045, '551293d7-fc34-453b-b6ea-107cf4f1b0b9', '', 1, 1, 67, 1, 1, 1, 0, 0, '2015-03-25 16:54:15', '0000-00-00 00:00:00', '0000-00-00 00:00:00'),
(10046, '551293d7-64dc-453a-b7f7-107cf4f1b0b9', '', 1, 1, 68, 1, 1, 1, 0, 0, '2015-03-25 16:54:15', '0000-00-00 00:00:00', '0000-00-00 00:00:00'),
(10047, '551293d7-11e4-471b-b8cb-107cf4f1b0b9', '', 1, 1, 69, 1, 1, 1, 0, 0, '2015-03-25 16:54:15', '0000-00-00 00:00:00', '0000-00-00 00:00:00'),
(10048, '551293d7-1d68-49c3-b2b2-107cf4f1b0b9', '', 1, 1, 70, 1, 1, 1, 0, 0, '2015-03-25 16:54:15', '0000-00-00 00:00:00', '0000-00-00 00:00:00'),
(10049, '551293d7-bccc-4d90-a3f3-107cf4f1b0b9', '', 1, 1, 71, 1, 1, 1, 0, 0, '2015-03-25 16:54:15', '0000-00-00 00:00:00', '0000-00-00 00:00:00'),
(10050, '551293d7-c850-4302-91df-107cf4f1b0b9', '', 1, 1, 72, 1, 1, 1, 0, 0, '2015-03-25 16:54:15', '0000-00-00 00:00:00', '0000-00-00 00:00:00'),
(10051, '551293d7-23b8-42c6-8f64-107cf4f1b0b9', '', 1, 1, 73, 1, 1, 1, 0, 0, '2015-03-25 16:54:15', '0000-00-00 00:00:00', '0000-00-00 00:00:00'),
(10052, '551293d7-1144-4feb-85f8-107cf4f1b0b9', '', 1, 1, 74, 1, 1, 1, 0, 0, '2015-03-25 16:54:15', '0000-00-00 00:00:00', '0000-00-00 00:00:00'),
(10053, '551293d7-19b4-4d89-8a6c-107cf4f1b0b9', '', 1, 1, 75, 1, 1, 1, 0, 0, '2015-03-25 16:54:15', '0000-00-00 00:00:00', '0000-00-00 00:00:00'),
(10054, '551293d7-9e98-424f-83f5-107cf4f1b0b9', '', 1, 1, 76, 1, 1, 1, 0, 0, '2015-03-25 16:54:15', '0000-00-00 00:00:00', '0000-00-00 00:00:00'),
(10055, '551293d8-6a3c-48a8-8d19-107cf4f1b0b9', '', 1, 1, 77, 1, 1, 1, 0, 0, '2015-03-25 16:54:16', '0000-00-00 00:00:00', '0000-00-00 00:00:00'),
(10056, '551293d8-7fec-4d2e-b12b-107cf4f1b0b9', '', 1, 1, 78, 1, 1, 1, 0, 0, '2015-03-25 16:54:16', '0000-00-00 00:00:00', '0000-00-00 00:00:00'),
(10057, '551293d8-4a10-47df-ae7e-107cf4f1b0b9', '', 1, 1, 79, 1, 1, 1, 0, 0, '2015-03-25 16:54:16', '0000-00-00 00:00:00', '0000-00-00 00:00:00'),
(10058, '551293d8-ceb8-4e89-b1d2-107cf4f1b0b9', '', 1, 1, 80, 1, 1, 1, 0, 0, '2015-03-25 16:54:16', '0000-00-00 00:00:00', '0000-00-00 00:00:00'),
(10059, '551293d8-08b0-436d-b367-107cf4f1b0b9', '', 1, 1, 81, 1, 1, 1, 0, 0, '2015-03-25 16:54:16', '0000-00-00 00:00:00', '0000-00-00 00:00:00'),
(10060, '551293d8-2f18-473c-a17f-107cf4f1b0b9', '', 1, 1, 82, 1, 1, 1, 0, 0, '2015-03-25 16:54:16', '0000-00-00 00:00:00', '0000-00-00 00:00:00'),
(10061, '551293d8-b3fc-49b3-a58e-107cf4f1b0b9', '', 1, 1, 83, 1, 1, 1, 0, 0, '2015-03-25 16:54:16', '0000-00-00 00:00:00', '0000-00-00 00:00:00'),
(10062, '551293d8-60a0-4390-b3b2-107cf4f1b0b9', '', 1, 1, 84, 1, 1, 1, 0, 0, '2015-03-25 16:54:16', '0000-00-00 00:00:00', '0000-00-00 00:00:00'),
(10063, '551293d8-aec8-4114-973b-107cf4f1b0b9', '', 1, 1, 85, 1, 1, 1, 0, 0, '2015-03-25 16:54:16', '0000-00-00 00:00:00', '0000-00-00 00:00:00'),
(10064, '551293d8-1770-4f41-b4a8-107cf4f1b0b9', '', 1, 1, 86, 1, 1, 1, 0, 0, '2015-03-25 16:54:16', '0000-00-00 00:00:00', '0000-00-00 00:00:00'),
(10065, '551293d8-15b4-4878-9ab0-107cf4f1b0b9', '', 1, 1, 87, 1, 1, 1, 0, 0, '2015-03-25 16:54:16', '0000-00-00 00:00:00', '0000-00-00 00:00:00'),
(10066, '551293d8-a7d8-4d8e-87ce-107cf4f1b0b9', '', 1, 1, 88, 1, 1, 1, 0, 0, '2015-03-25 16:54:16', '0000-00-00 00:00:00', '0000-00-00 00:00:00'),
(10067, '551293d8-c100-48fa-90dd-107cf4f1b0b9', '', 1, 1, 89, 1, 1, 1, 0, 0, '2015-03-25 16:54:16', '0000-00-00 00:00:00', '0000-00-00 00:00:00'),
(10068, '551293d8-e704-4912-a794-107cf4f1b0b9', '', 1, 1, 90, 1, 1, 1, 0, 0, '2015-03-25 16:54:16', '0000-00-00 00:00:00', '0000-00-00 00:00:00'),
(10069, '551293d8-4df0-431b-b06f-107cf4f1b0b9', '', 1, 1, 91, 1, 1, 1, 0, 0, '2015-03-25 16:54:16', '0000-00-00 00:00:00', '0000-00-00 00:00:00'),
(10070, '551293d8-5974-4d51-be03-107cf4f1b0b9', '', 1, 1, 92, 1, 1, 1, 0, 0, '2015-03-25 16:54:16', '0000-00-00 00:00:00', '0000-00-00 00:00:00'),
(10071, '551293d8-f93c-4601-99c7-107cf4f1b0b9', '', 1, 1, 93, 1, 1, 1, 0, 0, '2015-03-25 16:54:16', '0000-00-00 00:00:00', '0000-00-00 00:00:00'),
(10072, '551293d8-7e20-4056-80a2-107cf4f1b0b9', '', 1, 1, 94, 1, 1, 1, 0, 0, '2015-03-25 16:54:16', '0000-00-00 00:00:00', '0000-00-00 00:00:00'),
(10073, '551293d9-05c8-46c1-9fee-107cf4f1b0b9', '', 1, 1, 95, 1, 1, 1, 0, 0, '2015-03-25 16:54:17', '0000-00-00 00:00:00', '0000-00-00 00:00:00'),
(10074, '551293d9-550c-497c-975a-107cf4f1b0b9', '', 1, 1, 96, 1, 1, 1, 0, 0, '2015-03-25 16:54:17', '0000-00-00 00:00:00', '0000-00-00 00:00:00'),
(10075, '551293d9-60f4-4ba6-b1e5-107cf4f1b0b9', '', 1, 1, 97, 1, 1, 1, 0, 0, '2015-03-25 16:54:17', '0000-00-00 00:00:00', '0000-00-00 00:00:00'),
(10076, '551293d9-0058-44e7-a436-107cf4f1b0b9', '', 1, 1, 98, 1, 1, 1, 0, 0, '2015-03-25 16:54:17', '0000-00-00 00:00:00', '0000-00-00 00:00:00'),
(10077, '551293d9-fce0-4922-92bb-107cf4f1b0b9', '', 1, 1, 99, 1, 1, 1, 0, 0, '2015-03-25 16:54:17', '0000-00-00 00:00:00', '0000-00-00 00:00:00'),
(10078, '551293d9-c468-4c03-8c0a-107cf4f1b0b9', '', 1, 1, 100, 1, 1, 1, 0, 0, '2015-03-25 16:54:17', '0000-00-00 00:00:00', '0000-00-00 00:00:00'),
(10079, '551293d9-494c-448b-a9ec-107cf4f1b0b9', '', 1, 1, 101, 1, 1, 1, 0, 0, '2015-03-25 16:54:17', '0000-00-00 00:00:00', '0000-00-00 00:00:00'),
(10080, '551293d9-7b38-4573-a1a9-107cf4f1b0b9', '', 1, 1, 102, 1, 1, 1, 0, 0, '2015-03-25 16:54:17', '0000-00-00 00:00:00', '0000-00-00 00:00:00'),
(10081, '551293d9-e224-472d-92e2-107cf4f1b0b9', '', 1, 1, 103, 1, 1, 1, 0, 0, '2015-03-25 16:54:17', '0000-00-00 00:00:00', '0000-00-00 00:00:00'),
(10082, '551293d9-7448-4523-8220-107cf4f1b0b9', '', 1, 1, 104, 1, 1, 1, 0, 0, '2015-03-25 16:54:17', '0000-00-00 00:00:00', '0000-00-00 00:00:00'),
(10083, '551293d9-8d0c-4f7a-9a74-107cf4f1b0b9', '', 1, 1, 105, 1, 1, 1, 0, 0, '2015-03-25 16:54:17', '0000-00-00 00:00:00', '0000-00-00 00:00:00'),
(10084, '551293d9-61d4-458d-a1f5-107cf4f1b0b9', '', 1, 1, 106, 1, 1, 1, 0, 0, '2015-03-25 16:54:17', '0000-00-00 00:00:00', '0000-00-00 00:00:00'),
(10085, '551293da-0348-42c4-a595-107cf4f1b0b9', '', 1, 1, 107, 1, 1, 1, 0, 0, '2015-03-25 16:54:18', '0000-00-00 00:00:00', '0000-00-00 00:00:00'),
(10086, '551293da-f0d4-413c-85d8-107cf4f1b0b9', '', 1, 1, 108, 1, 1, 1, 0, 0, '2015-03-25 16:54:18', '0000-00-00 00:00:00', '0000-00-00 00:00:00'),
(10087, '551293dc-524c-4a7d-9df4-107cf4f1b0b9', '', 1, 1, 109, 1, 1, 1, 0, 0, '2015-03-25 16:54:20', '0000-00-00 00:00:00', '0000-00-00 00:00:00'),
(10088, '551293dd-f5b8-4ca3-bdc8-107cf4f1b0b9', '', 1, 1, 110, 1, 1, 1, 0, 0, '2015-03-25 16:54:21', '0000-00-00 00:00:00', '0000-00-00 00:00:00'),
(10089, '551293dd-b80c-4115-99f7-107cf4f1b0b9', '', 1, 1, 111, 1, 1, 1, 0, 0, '2015-03-25 16:54:21', '0000-00-00 00:00:00', '0000-00-00 00:00:00'),
(10090, '551293dd-e9f8-4dc5-8522-107cf4f1b0b9', '', 1, 1, 112, 1, 1, 1, 0, 0, '2015-03-25 16:54:21', '0000-00-00 00:00:00', '0000-00-00 00:00:00'),
(10091, '551293dd-1b80-4872-9639-107cf4f1b0b9', '', 1, 1, 113, 1, 1, 1, 0, 0, '2015-03-25 16:54:21', '0000-00-00 00:00:00', '0000-00-00 00:00:00'),
(10092, '551293dd-0970-4b03-9d02-107cf4f1b0b9', '', 1, 1, 114, 1, 1, 1, 0, 0, '2015-03-25 16:54:21', '0000-00-00 00:00:00', '0000-00-00 00:00:00'),
(10093, '551293dd-4524-4377-81d0-107cf4f1b0b9', '', 1, 1, 115, 1, 1, 1, 0, 0, '2015-03-25 16:54:21', '0000-00-00 00:00:00', '0000-00-00 00:00:00'),
(10094, '551293dd-35c4-4cc8-b67d-107cf4f1b0b9', '', 1, 1, 116, 1, 1, 1, 0, 0, '2015-03-25 16:54:21', '0000-00-00 00:00:00', '0000-00-00 00:00:00'),
(10095, '551293dd-c84c-436e-bb8a-107cf4f1b0b9', '', 1, 1, 117, 1, 1, 1, 0, 0, '2015-03-25 16:54:21', '0000-00-00 00:00:00', '0000-00-00 00:00:00'),
(10096, '551293dd-aa54-42ba-a11a-107cf4f1b0b9', '', 1, 1, 118, 1, 1, 1, 0, 0, '2015-03-25 16:54:21', '0000-00-00 00:00:00', '0000-00-00 00:00:00'),
(10097, '551293dd-49b8-4ea0-bf4a-107cf4f1b0b9', '', 1, 1, 119, 1, 1, 1, 0, 0, '2015-03-25 16:54:21', '0000-00-00 00:00:00', '0000-00-00 00:00:00'),
(10098, '551293dd-ce9c-45d2-8708-107cf4f1b0b9', '', 1, 1, 120, 1, 1, 1, 0, 0, '2015-03-25 16:54:21', '0000-00-00 00:00:00', '0000-00-00 00:00:00'),
(10099, '551293dd-60c0-45c0-9841-107cf4f1b0b9', '', 1, 1, 121, 1, 1, 1, 0, 0, '2015-03-25 16:54:21', '0000-00-00 00:00:00', '0000-00-00 00:00:00'),
(10100, '551293dd-79e8-4bb7-b3bf-107cf4f1b0b9', '', 1, 1, 122, 1, 1, 1, 0, 0, '2015-03-25 16:54:21', '0000-00-00 00:00:00', '0000-00-00 00:00:00'),
(10101, '551293dd-856c-4dcc-9d05-107cf4f1b0b9', '', 1, 1, 123, 1, 1, 1, 0, 0, '2015-03-25 16:54:21', '0000-00-00 00:00:00', '0000-00-00 00:00:00'),
(10102, '551293dd-ee14-4e33-835d-107cf4f1b0b9', '', 1, 1, 124, 1, 1, 1, 0, 0, '2015-03-25 16:54:21', '0000-00-00 00:00:00', '0000-00-00 00:00:00'),
(10103, '551293dd-a4e4-49df-aa91-107cf4f1b0b9', '', 1, 1, 125, 1, 1, 1, 0, 0, '2015-03-25 16:54:21', '0000-00-00 00:00:00', '0000-00-00 00:00:00'),
(10104, '551293dd-b874-4c40-8af3-107cf4f1b0b9', '', 1, 1, 126, 1, 1, 1, 0, 0, '2015-03-25 16:54:21', '0000-00-00 00:00:00', '0000-00-00 00:00:00'),
(10105, '551293de-d5b8-43fd-802a-107cf4f1b0b9', '', 1, 1, 127, 1, 1, 1, 0, 0, '2015-03-25 16:54:22', '0000-00-00 00:00:00', '0000-00-00 00:00:00'),
(10106, '551293de-eee0-4466-bdce-107cf4f1b0b9', '', 1, 1, 128, 1, 1, 1, 0, 0, '2015-03-25 16:54:22', '0000-00-00 00:00:00', '0000-00-00 00:00:00'),
(10107, '551293de-8104-401a-af78-107cf4f1b0b9', '', 1, 1, 129, 1, 1, 1, 0, 0, '2015-03-25 16:54:22', '0000-00-00 00:00:00', '0000-00-00 00:00:00'),
(10108, '551293de-704c-47ac-a13a-107cf4f1b0b9', '', 1, 1, 130, 1, 1, 1, 0, 0, '2015-03-25 16:54:22', '0000-00-00 00:00:00', '0000-00-00 00:00:00'),
(10109, '551293de-6e90-4c26-b475-107cf4f1b0b9', '', 1, 1, 131, 1, 1, 1, 0, 0, '2015-03-25 16:54:22', '0000-00-00 00:00:00', '0000-00-00 00:00:00'),
(10110, '551293de-8754-4021-8ac1-107cf4f1b0b9', '', 1, 1, 132, 1, 1, 1, 0, 0, '2015-03-25 16:54:22', '0000-00-00 00:00:00', '0000-00-00 00:00:00'),
(10111, '551293de-a07c-43a7-83f5-107cf4f1b0b9', '', 1, 1, 133, 1, 1, 1, 0, 0, '2015-03-25 16:54:22', '0000-00-00 00:00:00', '0000-00-00 00:00:00'),
(10112, '551293de-ac00-4699-9ac6-107cf4f1b0b9', '', 1, 1, 134, 1, 1, 1, 0, 0, '2015-03-25 16:54:22', '0000-00-00 00:00:00', '0000-00-00 00:00:00'),
(10113, '551293de-3e24-469c-84e4-107cf4f1b0b9', '', 1, 1, 135, 1, 1, 1, 0, 0, '2015-03-25 16:54:22', '0000-00-00 00:00:00', '0000-00-00 00:00:00'),
(10114, '551293de-a6cc-4c70-b5fe-107cf4f1b0b9', '', 1, 1, 136, 1, 1, 1, 0, 0, '2015-03-25 16:54:22', '0000-00-00 00:00:00', '0000-00-00 00:00:00'),
(10115, '551293de-b250-4036-911b-107cf4f1b0b9', '', 1, 1, 137, 1, 1, 1, 0, 0, '2015-03-25 16:54:22', '0000-00-00 00:00:00', '0000-00-00 00:00:00'),
(10116, '551293de-be38-4f74-b180-107cf4f1b0b9', '', 1, 1, 138, 1, 1, 1, 0, 0, '2015-03-25 16:54:22', '0000-00-00 00:00:00', '0000-00-00 00:00:00'),
(10117, '551293de-d6fc-4acc-ad83-107cf4f1b0b9', '', 1, 1, 139, 1, 1, 1, 0, 0, '2015-03-25 16:54:22', '0000-00-00 00:00:00', '0000-00-00 00:00:00'),
(10118, '551293de-efc0-40fb-8977-107cf4f1b0b9', '', 1, 1, 140, 1, 1, 1, 0, 0, '2015-03-25 16:54:22', '0000-00-00 00:00:00', '0000-00-00 00:00:00'),
(10119, '551293de-4b28-4c80-9439-107cf4f1b0b9', '', 1, 1, 141, 1, 1, 1, 0, 0, '2015-03-25 16:54:22', '0000-00-00 00:00:00', '0000-00-00 00:00:00'),
(10120, '551293de-dd4c-4330-9645-107cf4f1b0b9', '', 1, 1, 142, 1, 1, 1, 0, 0, '2015-03-25 16:54:22', '0000-00-00 00:00:00', '0000-00-00 00:00:00'),
(10121, '551293de-6fd4-4c22-91cc-107cf4f1b0b9', '', 1, 1, 143, 1, 1, 1, 0, 0, '2015-03-25 16:54:22', '0000-00-00 00:00:00', '0000-00-00 00:00:00'),
(10122, '551293de-0f38-4047-8a6e-107cf4f1b0b9', '', 1, 1, 144, 1, 1, 1, 0, 0, '2015-03-25 16:54:22', '0000-00-00 00:00:00', '0000-00-00 00:00:00'),
(10123, '551293de-1abc-4981-8386-107cf4f1b0b9', '', 1, 1, 145, 1, 1, 1, 0, 0, '2015-03-25 16:54:22', '0000-00-00 00:00:00', '0000-00-00 00:00:00'),
(10124, '551293de-6728-4cf1-a733-107cf4f1b0b9', '', 1, 1, 146, 1, 1, 1, 0, 0, '2015-03-25 16:54:22', '0000-00-00 00:00:00', '0000-00-00 00:00:00'),
(10125, '551293de-2eb0-40f8-b84d-107cf4f1b0b9', '', 1, 1, 147, 1, 1, 1, 0, 0, '2015-03-25 16:54:22', '0000-00-00 00:00:00', '0000-00-00 00:00:00'),
(10126, '551293de-0000-4be5-8ee9-107cf4f1b0b9', '', 1, 1, 148, 1, 1, 1, 0, 0, '2015-03-25 16:54:22', '0000-00-00 00:00:00', '0000-00-00 00:00:00'),
(10127, '551293de-fc88-4857-9c99-107cf4f1b0b9', '', 1, 1, 149, 1, 1, 1, 0, 0, '2015-03-25 16:54:22', '0000-00-00 00:00:00', '0000-00-00 00:00:00'),
(10128, '551293de-2dd4-47e4-a0ac-107cf4f1b0b9', '', 1, 1, 150, 1, 1, 1, 0, 0, '2015-03-25 16:54:22', '0000-00-00 00:00:00', '0000-00-00 00:00:00'),
(10129, '551293de-d920-4f08-8dc7-107cf4f1b0b9', '', 1, 1, 151, 1, 1, 1, 0, 0, '2015-03-25 16:54:22', '0000-00-00 00:00:00', '0000-00-00 00:00:00'),
(10130, '551293df-ec60-4861-8a85-107cf4f1b0b9', '', 1, 1, 152, 1, 1, 1, 0, 0, '2015-03-25 16:54:23', '0000-00-00 00:00:00', '0000-00-00 00:00:00'),
(10131, '551293df-0524-4bf5-a1b1-107cf4f1b0b9', '', 1, 1, 153, 1, 1, 1, 0, 0, '2015-03-25 16:54:23', '0000-00-00 00:00:00', '0000-00-00 00:00:00'),
(10132, '551293df-9748-45fc-96fd-107cf4f1b0b9', '', 1, 1, 154, 1, 1, 1, 0, 0, '2015-03-25 16:54:23', '0000-00-00 00:00:00', '0000-00-00 00:00:00'),
(10133, '551293df-b070-40af-8add-107cf4f1b0b9', '', 1, 1, 155, 1, 1, 1, 0, 0, '2015-03-25 16:54:23', '0000-00-00 00:00:00', '0000-00-00 00:00:00'),
(10134, '551293df-bbf4-4c34-9eb6-107cf4f1b0b9', '', 1, 1, 156, 1, 1, 1, 0, 0, '2015-03-25 16:54:23', '0000-00-00 00:00:00', '0000-00-00 00:00:00'),
(10135, '551293df-d4b8-46f3-b44a-107cf4f1b0b9', '', 1, 1, 157, 1, 1, 1, 0, 0, '2015-03-25 16:54:23', '0000-00-00 00:00:00', '0000-00-00 00:00:00'),
(10136, '551293df-66dc-4f7d-b557-107cf4f1b0b9', '', 1, 1, 158, 1, 1, 1, 0, 0, '2015-03-25 16:54:23', '0000-00-00 00:00:00', '0000-00-00 00:00:00'),
(10137, '551293df-8004-42f6-bbc1-107cf4f1b0b9', '', 1, 1, 159, 1, 1, 1, 0, 0, '2015-03-25 16:54:23', '0000-00-00 00:00:00', '0000-00-00 00:00:00'),
(10138, '551293df-8b88-46d7-820e-107cf4f1b0b9', '', 1, 1, 160, 1, 1, 1, 0, 0, '2015-03-25 16:54:23', '0000-00-00 00:00:00', '0000-00-00 00:00:00'),
(10139, '551293df-6d90-44e8-b25a-107cf4f1b0b9', '', 1, 1, 161, 1, 1, 1, 0, 0, '2015-03-25 16:54:23', '0000-00-00 00:00:00', '0000-00-00 00:00:00'),
(10140, '551293df-7914-46d7-bd58-107cf4f1b0b9', '', 1, 1, 162, 1, 1, 1, 0, 0, '2015-03-25 16:54:23', '0000-00-00 00:00:00', '0000-00-00 00:00:00'),
(10141, '551293df-91d8-4c7b-b4f9-107cf4f1b0b9', '', 1, 1, 163, 1, 1, 1, 0, 0, '2015-03-25 16:54:23', '0000-00-00 00:00:00', '0000-00-00 00:00:00'),
(10142, '551293df-31a0-46f4-b3a0-107cf4f1b0b9', '', 1, 1, 164, 1, 1, 1, 0, 0, '2015-03-25 16:54:23', '0000-00-00 00:00:00', '0000-00-00 00:00:00'),
(10143, '551293df-b684-441d-8439-107cf4f1b0b9', '', 1, 1, 165, 1, 1, 1, 0, 0, '2015-03-25 16:54:23', '0000-00-00 00:00:00', '0000-00-00 00:00:00'),
(10144, '551293df-48a8-4324-924d-107cf4f1b0b9', '', 1, 1, 166, 1, 1, 1, 0, 0, '2015-03-25 16:54:23', '0000-00-00 00:00:00', '0000-00-00 00:00:00'),
(10145, '551293df-b150-467c-8dcc-107cf4f1b0b9', '', 1, 1, 167, 1, 1, 1, 0, 0, '2015-03-25 16:54:23', '0000-00-00 00:00:00', '0000-00-00 00:00:00'),
(10146, '551293df-bcd4-4e2d-97a9-107cf4f1b0b9', '', 1, 1, 168, 1, 1, 1, 0, 0, '2015-03-25 16:54:23', '0000-00-00 00:00:00', '0000-00-00 00:00:00'),
(10147, '551293df-4f5c-4696-9e27-107cf4f1b0b9', '', 1, 1, 169, 1, 1, 1, 0, 0, '2015-03-25 16:54:23', '0000-00-00 00:00:00', '0000-00-00 00:00:00'),
(10148, '551293df-6820-42df-b60e-107cf4f1b0b9', '', 1, 1, 170, 1, 1, 1, 0, 0, '2015-03-25 16:54:23', '0000-00-00 00:00:00', '0000-00-00 00:00:00'),
(10149, '551293df-fa44-4028-9a0a-107cf4f1b0b9', '', 1, 1, 171, 1, 1, 1, 0, 0, '2015-03-25 16:54:23', '0000-00-00 00:00:00', '0000-00-00 00:00:00'),
(10150, '551293df-8c68-44c9-93b1-107cf4f1b0b9', '', 1, 1, 172, 1, 1, 1, 0, 0, '2015-03-25 16:54:23', '0000-00-00 00:00:00', '0000-00-00 00:00:00'),
(10151, '551293df-b114-4415-9784-107cf4f1b0b9', '', 1, 1, 173, 1, 1, 1, 0, 0, '2015-03-25 16:54:23', '0000-00-00 00:00:00', '0000-00-00 00:00:00'),
(10152, '551293df-5db8-40d2-97e8-107cf4f1b0b9', '', 1, 1, 174, 1, 1, 1, 0, 0, '2015-03-25 16:54:23', '0000-00-00 00:00:00', '0000-00-00 00:00:00'),
(10153, '551293df-5bfc-4549-a994-107cf4f1b0b9', '', 1, 1, 175, 1, 1, 1, 0, 0, '2015-03-25 16:54:23', '0000-00-00 00:00:00', '0000-00-00 00:00:00'),
(10154, '551293df-ee84-42b5-b359-107cf4f1b0b9', '', 1, 1, 176, 1, 1, 1, 0, 0, '2015-03-25 16:54:23', '0000-00-00 00:00:00', '0000-00-00 00:00:00'),
(10155, '551293df-5570-4024-b26f-107cf4f1b0b9', '', 1, 1, 177, 1, 1, 1, 0, 0, '2015-03-25 16:54:23', '0000-00-00 00:00:00', '0000-00-00 00:00:00'),
(10156, '551293df-51f8-482f-896b-107cf4f1b0b9', '', 1, 1, 178, 1, 1, 1, 0, 0, '2015-03-25 16:54:23', '0000-00-00 00:00:00', '0000-00-00 00:00:00'),
(10157, '551293df-503c-4957-a3c9-107cf4f1b0b9', '', 1, 1, 179, 1, 1, 1, 0, 0, '2015-03-25 16:54:23', '0000-00-00 00:00:00', '0000-00-00 00:00:00'),
(10158, '551293df-7640-47dc-991b-107cf4f1b0b9', '', 1, 1, 180, 1, 1, 1, 0, 0, '2015-03-25 16:54:23', '0000-00-00 00:00:00', '0000-00-00 00:00:00'),
(10159, '551293e0-ba90-45c2-b9bf-107cf4f1b0b9', '', 1, 1, 181, 1, 1, 1, 0, 0, '2015-03-25 16:54:24', '0000-00-00 00:00:00', '0000-00-00 00:00:00'),
(10160, '551293e0-8f58-4c8e-af7d-107cf4f1b0b9', '', 1, 1, 182, 1, 1, 1, 0, 0, '2015-03-25 16:54:24', '0000-00-00 00:00:00', '0000-00-00 00:00:00'),
(10161, '551293e0-3c60-4092-ba01-107cf4f1b0b9', '', 1, 1, 183, 1, 1, 1, 0, 0, '2015-03-25 16:54:24', '0000-00-00 00:00:00', '0000-00-00 00:00:00'),
(10162, '551293e0-8a24-4306-b666-107cf4f1b0b9', '', 1, 1, 184, 1, 1, 1, 0, 0, '2015-03-25 16:54:24', '0000-00-00 00:00:00', '0000-00-00 00:00:00'),
(10163, '551293e0-1cac-4eb9-b33f-107cf4f1b0b9', '', 1, 1, 185, 1, 1, 1, 0, 0, '2015-03-25 16:54:24', '0000-00-00 00:00:00', '0000-00-00 00:00:00'),
(10164, '551293e0-aed0-47f2-94e0-107cf4f1b0b9', '', 1, 1, 186, 1, 1, 1, 0, 0, '2015-03-25 16:54:24', '0000-00-00 00:00:00', '0000-00-00 00:00:00'),
(10165, '551293e0-efb8-4aa1-b3e1-107cf4f1b0b9', '', 1, 1, 187, 1, 1, 1, 0, 0, '2015-03-25 16:54:24', '0000-00-00 00:00:00', '0000-00-00 00:00:00'),
(10166, '551293e0-d318-49a5-b1a4-107cf4f1b0b9', '', 1, 1, 188, 1, 1, 1, 0, 0, '2015-03-25 16:54:24', '0000-00-00 00:00:00', '0000-00-00 00:00:00'),
(10167, '551293e0-ec40-4f5d-af28-107cf4f1b0b9', '', 1, 1, 189, 1, 1, 1, 0, 0, '2015-03-25 16:54:24', '0000-00-00 00:00:00', '0000-00-00 00:00:00'),
(10168, '551293f9-0864-40de-a7ed-107cf4f1b0b9', '', 1, 2, 1, 1, 1, 1, 0, 0, '2015-03-25 16:54:49', '0000-00-00 00:00:00', '0000-00-00 00:00:00'),
(10169, '551293f9-ea6c-4fb8-b745-107cf4f1b0b9', '', 1, 2, 2, 1, 1, 1, 0, 0, '2015-03-25 16:54:49', '0000-00-00 00:00:00', '0000-00-00 00:00:00'),
(10170, '551293f9-7564-4def-b5c8-107cf4f1b0b9', '', 1, 2, 3, 1, 1, 1, 0, 0, '2015-03-25 16:54:49', '0000-00-00 00:00:00', '0000-00-00 00:00:00'),
(10171, '551293f9-f734-4108-a885-107cf4f1b0b9', '', 1, 2, 7, 1, 1, 1, 0, 0, '2015-03-25 16:54:49', '0000-00-00 00:00:00', '0000-00-00 00:00:00'),
(10172, '551293f9-e304-4e83-9204-107cf4f1b0b9', '', 1, 2, 13, 1, 1, 1, 0, 0, '2015-03-25 16:54:49', '0000-00-00 00:00:00', '0000-00-00 00:00:00'),
(10173, '551293f9-1648-4012-8c63-107cf4f1b0b9', '', 1, 2, 36, 1, 1, 1, 0, 0, '2015-03-25 16:54:49', '0000-00-00 00:00:00', '0000-00-00 00:00:00'),
(10174, '551293fa-5304-47bc-b67e-107cf4f1b0b9', '', 1, 2, 37, 1, 1, 1, 0, 0, '2015-03-25 16:54:50', '0000-00-00 00:00:00', '0000-00-00 00:00:00'),
(10175, '551293fa-18d0-4ec1-bd29-107cf4f1b0b9', '', 1, 2, 62, 1, 1, 1, 0, 0, '2015-03-25 16:54:50', '0000-00-00 00:00:00', '0000-00-00 00:00:00'),
(10176, '551293fa-7c44-47bc-a189-107cf4f1b0b9', '', 1, 2, 64, 1, 1, 1, 0, 0, '2015-03-25 16:54:50', '0000-00-00 00:00:00', '0000-00-00 00:00:00'),
(10177, '551293fa-9d78-4a88-9efe-107cf4f1b0b9', '', 1, 2, 65, 1, 1, 1, 0, 0, '2015-03-25 16:54:50', '0000-00-00 00:00:00', '0000-00-00 00:00:00'),
(10178, '551293fa-76d4-4cae-94a5-107cf4f1b0b9', '', 1, 2, 164, 1, 1, 1, 0, 0, '2015-03-25 16:54:50', '0000-00-00 00:00:00', '0000-00-00 00:00:00'),
(10179, '551293fa-1168-49ad-aa8b-107cf4f1b0b9', '', 1, 2, 165, 1, 1, 1, 0, 0, '2015-03-25 16:54:50', '0000-00-00 00:00:00', '0000-00-00 00:00:00'),
(10180, '551293fa-00b0-4665-bfd3-107cf4f1b0b9', '', 1, 2, 166, 1, 1, 1, 0, 0, '2015-03-25 16:54:50', '0000-00-00 00:00:00', '0000-00-00 00:00:00'),
(10181, '551293fa-8060-480d-9044-107cf4f1b0b9', '', 1, 2, 167, 1, 1, 1, 0, 0, '2015-03-25 16:54:50', '0000-00-00 00:00:00', '0000-00-00 00:00:00'),
(10182, '551293fa-1af4-4a18-a6ce-107cf4f1b0b9', '', 1, 2, 168, 1, 1, 1, 0, 0, '2015-03-25 16:54:50', '0000-00-00 00:00:00', '0000-00-00 00:00:00'),
(10183, '551293fa-fb40-495b-8f82-107cf4f1b0b9', '', 1, 2, 169, 1, 1, 1, 0, 0, '2015-03-25 16:54:50', '0000-00-00 00:00:00', '0000-00-00 00:00:00'),
(10184, '551293fa-bd94-4e3c-872e-107cf4f1b0b9', '', 1, 2, 170, 1, 1, 1, 0, 0, '2015-03-25 16:54:50', '0000-00-00 00:00:00', '0000-00-00 00:00:00'),
(10185, '551293fa-cc54-4ed5-9b28-107cf4f1b0b9', '', 1, 2, 171, 1, 1, 1, 0, 0, '2015-03-25 16:54:50', '0000-00-00 00:00:00', '0000-00-00 00:00:00'),
(10186, '551293fa-8324-4931-87f3-107cf4f1b0b9', '', 1, 2, 172, 1, 1, 1, 0, 0, '2015-03-25 16:54:50', '0000-00-00 00:00:00', '0000-00-00 00:00:00'),
(10187, '551293fb-8f74-4980-8641-107cf4f1b0b9', '', 1, 2, 173, 1, 1, 1, 0, 0, '2015-03-25 16:54:51', '0000-00-00 00:00:00', '0000-00-00 00:00:00'),
(10188, '551293fb-c0fc-4b66-be1b-107cf4f1b0b9', '', 1, 2, 174, 1, 1, 1, 0, 0, '2015-03-25 16:54:51', '0000-00-00 00:00:00', '0000-00-00 00:00:00'),
(10189, '551293fb-27e8-4dd9-8698-107cf4f1b0b9', '', 1, 2, 175, 1, 1, 1, 0, 0, '2015-03-25 16:54:51', '0000-00-00 00:00:00', '0000-00-00 00:00:00'),
(10190, '551293fb-edb4-4db3-9443-107cf4f1b0b9', '', 1, 2, 176, 1, 1, 1, 0, 0, '2015-03-25 16:54:51', '0000-00-00 00:00:00', '0000-00-00 00:00:00'),
(10191, '551293fb-a640-4b10-a84c-107cf4f1b0b9', '', 1, 2, 177, 1, 1, 1, 0, 0, '2015-03-25 16:54:51', '0000-00-00 00:00:00', '0000-00-00 00:00:00'),
(10192, '551293fb-a484-43ae-8d33-107cf4f1b0b9', '', 1, 2, 178, 1, 1, 1, 0, 0, '2015-03-25 16:54:51', '0000-00-00 00:00:00', '0000-00-00 00:00:00'),
(10193, '551293fb-a2c8-46c6-817e-107cf4f1b0b9', '', 1, 2, 179, 1, 1, 1, 0, 0, '2015-03-25 16:54:51', '0000-00-00 00:00:00', '0000-00-00 00:00:00'),
(10194, '551293fb-34ec-47e5-a479-107cf4f1b0b9', '', 1, 2, 180, 1, 1, 1, 0, 0, '2015-03-25 16:54:51', '0000-00-00 00:00:00', '0000-00-00 00:00:00'),
(10195, '551293fb-c5b8-4f58-8e20-107cf4f1b0b9', '', 1, 2, 181, 1, 1, 1, 0, 0, '2015-03-25 16:54:51', '0000-00-00 00:00:00', '0000-00-00 00:00:00'),
(10196, '551293fb-a604-4bb5-b947-107cf4f1b0b9', '', 1, 2, 182, 1, 1, 1, 0, 0, '2015-03-25 16:54:51', '0000-00-00 00:00:00', '0000-00-00 00:00:00'),
(10197, '551293fb-afcc-4476-a713-107cf4f1b0b9', '', 1, 2, 183, 1, 1, 1, 0, 0, '2015-03-25 16:54:51', '0000-00-00 00:00:00', '0000-00-00 00:00:00'),
(10198, '551293fb-3138-4243-9c1b-107cf4f1b0b9', '', 1, 2, 184, 1, 1, 1, 0, 0, '2015-03-25 16:54:51', '0000-00-00 00:00:00', '0000-00-00 00:00:00'),
(10199, '551293fb-7f60-49aa-9d02-107cf4f1b0b9', '', 1, 2, 185, 1, 1, 1, 0, 0, '2015-03-25 16:54:51', '0000-00-00 00:00:00', '0000-00-00 00:00:00'),
(10200, '551293fb-9668-492f-8611-107cf4f1b0b9', '', 1, 2, 186, 1, 1, 1, 0, 0, '2015-03-25 16:54:51', '0000-00-00 00:00:00', '0000-00-00 00:00:00'),
(10201, '551293fb-5c34-43aa-867f-107cf4f1b0b9', '', 1, 2, 187, 1, 1, 1, 0, 0, '2015-03-25 16:54:51', '0000-00-00 00:00:00', '0000-00-00 00:00:00'),
(10202, '551293fb-3c80-4b2b-8b5e-107cf4f1b0b9', '', 1, 2, 188, 1, 1, 1, 0, 0, '2015-03-25 16:54:51', '0000-00-00 00:00:00', '0000-00-00 00:00:00'),
(10203, '551293fb-612c-49d9-bc70-107cf4f1b0b9', '', 1, 2, 189, 1, 1, 1, 0, 0, '2015-03-25 16:54:51', '0000-00-00 00:00:00', '0000-00-00 00:00:00');

-- --------------------------------------------------------

--
-- Table structure for table `menus`
--

CREATE TABLE IF NOT EXISTS `menus` (
  `id` int(11) NOT NULL AUTO_INCREMENT,
  `menuuuid` char(36) NOT NULL,
  `menuname` varchar(50) NOT NULL,
  `menuurl` varchar(255) NOT NULL,
  `menuispermanent` tinyint(1) NOT NULL,
  `menuisactive` tinyint(3) NOT NULL,
  `menuisparent` tinyint(1) NOT NULL,
  `parentmenu` int(11) NOT NULL DEFAULT '0',
  `menuishidden` int(1) NOT NULL DEFAULT '0',
  `menuinsertid` int(11) NOT NULL,
  `menuupdateid` int(11) NOT NULL,
  `menudeleteid` int(11) NOT NULL,
  `menuinsertdate` datetime NOT NULL,
  `menuupdatedate` datetime NOT NULL,
  `menudeletedate` datetime NOT NULL,
  PRIMARY KEY (`id`)
) ENGINE=InnoDB  DEFAULT CHARSET=utf8 AUTO_INCREMENT=190 ;

--
-- Dumping data for table `menus`
--

INSERT INTO `menus` (`id`, `menuuuid`, `menuname`, `menuurl`, `menuispermanent`, `menuisactive`, `menuisparent`, `parentmenu`, `menuishidden`, `menuinsertid`, `menuupdateid`, `menudeleteid`, `menuinsertdate`, `menuupdatedate`, `menudeletedate`) VALUES
(1, '54895f2c-f9a0-4df7-92a7-0ce8a9baf6a0', 'User Manage', '#', 1, 1, 1, 0, 0, 1, 1, 0, '2014-12-11 10:09:00', '2014-12-18 07:19:56', '0000-00-00 00:00:00'),
(2, '54895fa9-c934-4e8c-85e4-0ce8a9baf6a0', 'Add User', 'users/userinsertupdate', 1, 1, 0, 1, 1, 1, 1, 0, '2014-12-11 10:11:05', '2014-12-18 07:38:27', '0000-00-00 00:00:00'),
(3, '5489612b-5c78-41c1-b46c-0ce8a9baf6a0', 'User', 'users/usermanage', 1, 1, 0, 1, 0, 1, 1, 0, '2014-12-11 10:17:31', '2014-12-11 11:56:27', '0000-00-00 00:00:00'),
(5, '548974f9-3784-4692-a6c8-0ce8a9baf6a0', 'Add Group', 'groups/groupinsertupdate', 1, 1, 0, 1, 1, 1, 0, 0, '2014-12-11 11:42:01', '0000-00-00 00:00:00', '0000-00-00 00:00:00'),
(6, '54897541-70a8-44a0-b92c-0ce8a9baf6a0', 'Group', 'groups/groupmanage', 1, 1, 0, 1, 0, 1, 0, 0, '2014-12-11 11:43:13', '0000-00-00 00:00:00', '0000-00-00 00:00:00'),
(7, '54897597-e16c-4feb-a608-0ce8a9baf6a0', 'Company Manage', '#', 1, 1, 1, 0, 0, 1, 0, 0, '2014-12-11 11:44:39', '0000-00-00 00:00:00', '0000-00-00 00:00:00'),
(8, '5489761e-7390-468f-81fd-0ce8a9baf6a0', 'Add Company', 'companies/companyinsertupdate', 1, 1, 0, 7, 1, 1, 0, 0, '2014-12-11 11:46:54', '0000-00-00 00:00:00', '0000-00-00 00:00:00'),
(9, '5489770f-6df8-4859-9bba-0ce8a9baf6a0', 'Company', 'companies/companymanage', 1, 1, 0, 7, 0, 1, 1, 0, '2014-12-11 11:50:55', '2015-01-07 05:50:54', '0000-00-00 00:00:00'),
(11, '54897801-d464-4fab-b5b1-0ce8a9baf6a0', 'Add Branch', 'branches/branchinsertupdate', 1, 1, 0, 7, 1, 1, 0, 0, '2014-12-11 11:54:57', '0000-00-00 00:00:00', '0000-00-00 00:00:00'),
(12, '54897830-f36c-4a1a-8093-0ce8c0a80103', 'Branch', 'branches/branchmanage', 1, 1, 0, 7, 0, 1, 0, 0, '2014-12-11 11:55:44', '0000-00-00 00:00:00', '0000-00-00 00:00:00'),
(13, '548d4bf9-6cdc-47a9-91f8-0c4ca9baf6a0', 'Logout', 'logins/logout', 1, 1, 0, 1, 0, 1, 0, 0, '2014-12-14 09:36:09', '0000-00-00 00:00:00', '0000-00-00 00:00:00'),
(14, '548d511c-2b50-4b9d-b2e4-0c4cc0a80104', 'Chart of Account', '#', 1, 1, 1, 0, 0, 1, 0, 0, '2014-12-14 09:58:04', '0000-00-00 00:00:00', '0000-00-00 00:00:00'),
(15, '548d5172-3564-4a77-a66d-0c4ca9baf6a0', 'Type', 'coas/coatypemanage', 1, 1, 0, 14, 0, 1, 0, 0, '2014-12-14 09:59:30', '0000-00-00 00:00:00', '0000-00-00 00:00:00'),
(16, '548d51a3-4c4c-4d41-88e4-0c4ca9baf6a0', 'Group', 'coas/coagroupmanage', 1, 1, 0, 14, 0, 1, 0, 0, '2014-12-14 10:00:19', '0000-00-00 00:00:00', '0000-00-00 00:00:00'),
(17, '548d51f2-825c-4f21-897b-0c4ca9baf6a0', 'Chart of Account', 'coas/coamanage', 1, 1, 0, 14, 0, 1, 0, 0, '2014-12-14 10:01:38', '0000-00-00 00:00:00', '0000-00-00 00:00:00'),
(18, '548d5325-4fdc-47d4-9dbf-0c4ca9baf6a0', 'Menu Manage', '#', 1, 1, 1, 0, 0, 1, 0, 0, '2014-12-14 10:06:45', '0000-00-00 00:00:00', '0000-00-00 00:00:00'),
(19, '548d55f3-1e7c-46cb-ba24-0c4ca9baf6a0', 'Add Menu', 'menus/menuinsertupdate', 1, 1, 0, 18, 1, 1, 0, 0, '2014-12-14 10:18:43', '0000-00-00 00:00:00', '0000-00-00 00:00:00'),
(20, '548d561c-35d0-46ef-bc73-0c4ca9baf6a0', 'Menu', 'menus/menumanage', 1, 1, 0, 18, 0, 1, 0, 0, '2014-12-14 10:19:24', '0000-00-00 00:00:00', '0000-00-00 00:00:00'),
(21, '548d5660-67d4-4c74-956b-0c4ca9baf6a0', 'Menu Privilege', 'menus/menuprivilege', 1, 1, 0, 18, 0, 1, 0, 0, '2014-12-14 10:20:32', '0000-00-00 00:00:00', '0000-00-00 00:00:00'),
(22, '548e9119-0680-481c-a0ac-0ec4a9baf6a0', 'Product Manage', '#', 1, 1, 1, 0, 0, 1, 0, 0, '2014-12-15 08:43:21', '0000-00-00 00:00:00', '0000-00-00 00:00:00'),
(23, '548e9185-c258-4d5d-8522-0ec4a9baf6a0', 'Product Type', 'products/producttypemanage', 1, 1, 0, 22, 0, 1, 0, 0, '2014-12-15 08:45:09', '0000-00-00 00:00:00', '0000-00-00 00:00:00'),
(24, '548ea5d4-1dd0-4871-bd4d-0ec4f4f1b0b9', 'Bank Manage', '#', 1, 1, 1, 0, 0, 1, 0, 0, '2014-12-15 10:11:48', '0000-00-00 00:00:00', '0000-00-00 00:00:00'),
(25, '548ea615-4b58-4fbb-85c5-0ec4f4f1b0b9', 'Bank', 'banks/bankmanage', 1, 1, 0, 24, 0, 1, 0, 0, '2014-12-15 10:12:53', '0000-00-00 00:00:00', '0000-00-00 00:00:00'),
(26, '548ea636-601c-4752-9916-0ec4f4f1b0b9', 'Bank Branch', 'banks/bankbranchmanage', 1, 1, 0, 24, 0, 1, 0, 0, '2014-12-15 10:13:26', '0000-00-00 00:00:00', '0000-00-00 00:00:00'),
(27, '548ea668-fa44-48e4-8366-0ec4f4f1b0b9', 'Bank Account Type', 'banks/bankaccounttypemanage', 1, 1, 0, 24, 0, 1, 0, 0, '2014-12-15 10:14:16', '0000-00-00 00:00:00', '0000-00-00 00:00:00'),
(28, '548ea6a6-5090-426f-afac-0ec4f4f1b0b9', 'Bank Account', 'banks/bankaccountmanage', 1, 1, 0, 24, 0, 1, 0, 0, '2014-12-15 10:15:18', '0000-00-00 00:00:00', '0000-00-00 00:00:00'),
(29, '548eae81-b754-40f7-8e3d-0ec4f4f1b0b9', 'Bank Cheque Book', 'banks/bankchequebookmanage', 1, 1, 0, 24, 0, 1, 0, 0, '2014-12-15 10:48:49', '0000-00-00 00:00:00', '0000-00-00 00:00:00'),
(30, '548eb4d7-ea50-47ab-8345-0ec4a9baf6a0', 'Product Category', 'products/productcategorymanage', 1, 1, 0, 22, 0, 1, 1, 1, '2014-12-15 11:15:51', '2014-12-18 07:36:59', '2014-12-18 07:36:02'),
(31, '5497abb3-7950-4f50-b875-0f4ca9baf6a0', 'Product', 'products/productmanage', 1, 1, 0, 22, 0, 1, 0, 0, '2014-12-22 06:27:15', '0000-00-00 00:00:00', '0000-00-00 00:00:00'),
(32, '5497ea22-9430-461e-9bb6-0f4cf4f1b0b9', 'Add New Bank', 'banks/bankinsertupdate', 1, 1, 0, 24, 1, 1, 0, 0, '2014-12-22 10:53:38', '0000-00-00 00:00:00', '0000-00-00 00:00:00'),
(33, '5497f302-2370-4f61-a3ec-0f4cf4f1b0b9', 'Bank DELETE', 'banks/bankdelete', 1, 1, 0, 24, 1, 1, 0, 0, '2014-12-22 11:31:30', '0000-00-00 00:00:00', '0000-00-00 00:00:00'),
(34, '5497fb02-7634-437d-820c-0f4cc0a80104', 'Add Product', 'products/productinsertupdate', 1, 1, 0, 22, 1, 1, 0, 0, '2014-12-22 12:05:38', '0000-00-00 00:00:00', '0000-00-00 00:00:00'),
(35, '5497fe04-4e64-4eca-b5e7-0f4cf4f1b0b9', 'Bank Details', 'banks/bankdetailsbyid', 1, 1, 0, 24, 1, 1, 0, 0, '2014-12-22 12:18:28', '0000-00-00 00:00:00', '0000-00-00 00:00:00'),
(36, '54991dfd-0c58-4ecc-88c2-0868a9baf6a0', 'View Profile', 'users/userprofile', 1, 1, 0, 1, 0, 1, 0, 0, '2014-12-23 08:47:09', '0000-00-00 00:00:00', '0000-00-00 00:00:00'),
(37, '5499469e-8334-4085-a5ae-0868a9baf6a0', 'Change Password', 'users/userchangepassword', 1, 1, 0, 1, 0, 1, 0, 0, '2014-12-23 11:40:30', '0000-00-00 00:00:00', '0000-00-00 00:00:00'),
(38, '549e79db-84e8-4bd8-9e50-0fe8f4f1b0b9', 'Bank Update', 'banks/bankinsertupdateaction', 1, 1, 0, 24, 1, 1, 0, 0, '2014-12-27 10:20:27', '0000-00-00 00:00:00', '0000-00-00 00:00:00'),
(39, '549e7a4c-4c74-4182-82b0-0fe8f4f1b0b9', 'Bank Branch Insert', 'banks/bankbranchinsertupdate', 1, 1, 0, 18, 1, 1, 1, 0, '2014-12-27 10:22:20', '2014-12-27 10:59:03', '0000-00-00 00:00:00'),
(40, '549e7a6c-93ac-435a-9ebd-0fe8f4f1b0b9', 'Menu Update', 'menus/menuinsertupdateaction', 1, 1, 0, 18, 1, 1, 0, 0, '2014-12-27 10:22:52', '0000-00-00 00:00:00', '0000-00-00 00:00:00'),
(41, '549e8304-0950-4d04-8b52-0fe8f4f1b0b9', 'Bank Branch Update', 'banks/bankbranchinsertupdateaction', 1, 1, 0, 24, 1, 1, 0, 0, '2014-12-27 10:59:32', '0000-00-00 00:00:00', '0000-00-00 00:00:00'),
(42, '549e834e-72ec-490f-9d79-0fe8f4f1b0b9', 'Bank Branch Details', 'banks/bankbranchdetailsbyid', 1, 1, 0, 24, 1, 1, 0, 0, '2014-12-27 11:00:46', '0000-00-00 00:00:00', '0000-00-00 00:00:00'),
(43, '549e8362-89ac-4dfc-8e66-0fe8f4f1b0b9', 'Bank Branch Delete', 'banks/bankbranchdelete', 1, 1, 0, 24, 1, 1, 0, 0, '2014-12-27 11:01:06', '0000-00-00 00:00:00', '0000-00-00 00:00:00'),
(44, '549e839f-865c-4b8e-b850-0fe8f4f1b0b9', 'Bank Account Type Insert', 'banks/bankaccounttypeinsertupdate', 1, 1, 0, 24, 1, 1, 0, 0, '2014-12-27 11:02:07', '0000-00-00 00:00:00', '0000-00-00 00:00:00'),
(45, '549e83b6-e110-47b6-b79e-0fe8f4f1b0b9', 'Bank Account Type Update', 'banks/bankaccounttypeinsertupdateaction', 1, 1, 0, 24, 1, 1, 0, 0, '2014-12-27 11:02:30', '0000-00-00 00:00:00', '0000-00-00 00:00:00'),
(46, '549e83d4-0520-4d81-a724-0fe8f4f1b0b9', 'Bank Account Type Details', 'banks/bankaccounttypedetailsbyid', 1, 1, 0, 24, 1, 1, 0, 0, '2014-12-27 11:03:00', '0000-00-00 00:00:00', '0000-00-00 00:00:00'),
(47, '549e83ee-3ee0-43de-adff-0fe8f4f1b0b9', 'Bank Account Type Delete', 'banks/bankaccounttypedelete', 1, 1, 0, 24, 1, 1, 0, 0, '2014-12-27 11:03:26', '0000-00-00 00:00:00', '0000-00-00 00:00:00'),
(48, '549e8afd-5340-4fb2-925c-0fe8c0a80104', 'Unit Type', 'units/unittypemanage', 1, 1, 0, 22, 0, 1, 0, 0, '2014-12-27 11:33:33', '0000-00-00 00:00:00', '0000-00-00 00:00:00'),
(49, '549e8b22-029c-46f2-97e2-0fe8c0a80104', 'Unit Type Add ', 'units/unittypeinsertupdate', 1, 1, 0, 22, 1, 1, 0, 0, '2014-12-27 11:34:10', '0000-00-00 00:00:00', '0000-00-00 00:00:00'),
(50, '549e8b3f-fd18-485b-9e8e-0fe8c0a80104', 'Unit Type Update', 'units/unittypeinsertupdateaction', 1, 1, 0, 22, 1, 1, 0, 0, '2014-12-27 11:34:39', '0000-00-00 00:00:00', '0000-00-00 00:00:00'),
(51, '549e8b85-5828-487d-82cb-0fe8c0a80104', 'Unit Type Details', 'units/unittypedetailsbyid', 1, 1, 0, 22, 1, 1, 0, 0, '2014-12-27 11:35:49', '0000-00-00 00:00:00', '0000-00-00 00:00:00'),
(52, '549e8ba0-970c-4d8d-b1a5-0fe8c0a80104', 'Unit Type Delete', 'units/unittypedelete', 1, 1, 0, 22, 1, 1, 0, 0, '2014-12-27 11:36:16', '0000-00-00 00:00:00', '0000-00-00 00:00:00'),
(53, '549e8edf-4118-42de-bdc0-0fe8f4f1b0b9', 'Bank Account Insert', 'banks/bankaccountinsertupdate', 1, 1, 0, 24, 1, 1, 0, 0, '2014-12-27 11:50:07', '0000-00-00 00:00:00', '0000-00-00 00:00:00'),
(54, '549e8f00-8384-44c6-a5c9-0fe8f4f1b0b9', 'Bank Account Update', 'banks/bankaccountinsertupdateaction', 1, 1, 0, 24, 1, 1, 1, 0, '2014-12-27 11:50:40', '2015-01-11 07:27:02', '0000-00-00 00:00:00'),
(55, '549e8f33-3b1c-4e68-88ec-0fe8f4f1b0b9', 'Bank Account Details', 'banks/bankaccountdetailsbyid', 1, 1, 0, 24, 1, 1, 0, 0, '2014-12-27 11:51:31', '0000-00-00 00:00:00', '0000-00-00 00:00:00'),
(56, '549e8f57-12fc-4bdf-a17b-0fe8f4f1b0b9', 'Bank Account Delete', 'banks/bankaccountdelete', 1, 1, 0, 24, 1, 1, 0, 0, '2014-12-27 11:52:07', '0000-00-00 00:00:00', '0000-00-00 00:00:00'),
(57, '549e8fcb-caec-4ac3-93db-0fe8f4f1b0b9', 'Bank Cheque Book Add', 'banks/bankchequebookinsertupdate', 1, 1, 0, 24, 1, 1, 1, 0, '2014-12-27 11:54:03', '2014-12-27 11:55:09', '0000-00-00 00:00:00'),
(58, '549e9001-44d4-4789-b5d3-0fe8f4f1b0b9', 'Bank Cheque Book Update', 'banks/bankchequebookinsertupdateaction', 1, 1, 0, 24, 1, 1, 0, 0, '2014-12-27 11:54:57', '0000-00-00 00:00:00', '0000-00-00 00:00:00'),
(59, '549e902b-59e4-4f97-a6a9-0fe8f4f1b0b9', 'Bank Cheque Book Details', 'banks/bankchequebookdetailsbyid', 1, 1, 0, 24, 1, 1, 0, 0, '2014-12-27 11:55:39', '0000-00-00 00:00:00', '0000-00-00 00:00:00'),
(60, '549e904d-7470-4c6c-b0a6-0fe8f4f1b0b9', 'Bank Cheque Book Delete', 'banks/bankchequebookdelete', 1, 1, 0, 24, 1, 1, 0, 0, '2014-12-27 11:56:13', '0000-00-00 00:00:00', '0000-00-00 00:00:00'),
(61, '549e9688-0038-4c83-a9c4-0fe8f4f1b0b9', 'Group Update', 'groups/groupinsertupdateaction', 1, 1, 0, 1, 1, 1, 0, 0, '2014-12-27 12:22:48', '0000-00-00 00:00:00', '0000-00-00 00:00:00'),
(62, '549e96a9-a340-48a6-8d57-0fe8f4f1b0b9', 'Group Details', 'groups/groupdetailsbyid', 1, 1, 0, 7, 1, 1, 0, 0, '2014-12-27 12:23:21', '0000-00-00 00:00:00', '0000-00-00 00:00:00'),
(63, '549e96c5-7bb8-46f4-8fc2-0fe8f4f1b0b9', 'Group Delete', 'groups/groupdelete', 1, 1, 0, 7, 1, 1, 0, 0, '2014-12-27 12:23:49', '0000-00-00 00:00:00', '0000-00-00 00:00:00'),
(64, '549e9733-e1e0-4329-a528-0fe8f4f1b0b9', 'User Update', 'users/userinsertupdateaction', 1, 1, 0, 1, 1, 1, 0, 0, '2014-12-27 12:25:39', '0000-00-00 00:00:00', '0000-00-00 00:00:00'),
(65, '549e974e-0bb4-4cac-8371-0fe8f4f1b0b9', 'User Details', 'users/userdetailsbyid', 1, 1, 0, 1, 1, 1, 0, 0, '2014-12-27 12:26:06', '0000-00-00 00:00:00', '0000-00-00 00:00:00'),
(66, '549e976b-ebec-46f1-bc17-0fe8f4f1b0b9', 'User Delete', 'users/userdelete', 1, 1, 0, 1, 1, 1, 0, 0, '2014-12-27 12:26:35', '0000-00-00 00:00:00', '0000-00-00 00:00:00'),
(67, '549e97aa-c5d0-4a00-98cd-0fe8f4f1b0b9', 'Company Update', 'companies/companyinsertupdateaction', 1, 1, 0, 7, 1, 1, 0, 0, '2014-12-27 12:27:38', '0000-00-00 00:00:00', '0000-00-00 00:00:00'),
(68, '549e97c0-76c8-4e35-a425-0fe8f4f1b0b9', 'Company Details', 'companies/companydetailsbyid', 1, 1, 0, 7, 1, 1, 0, 0, '2014-12-27 12:28:00', '0000-00-00 00:00:00', '0000-00-00 00:00:00'),
(69, '549e97dc-458c-415e-b8dc-0fe8f4f1b0b9', 'Company Delete', 'companies/companydelete', 1, 1, 0, 7, 1, 1, 0, 0, '2014-12-27 12:28:28', '0000-00-00 00:00:00', '0000-00-00 00:00:00'),
(70, '549e980e-2994-4209-baa7-0fe8f4f1b0b9', 'Branch Update', 'branches/branchinsertupdateaction', 1, 1, 0, 7, 1, 1, 0, 0, '2014-12-27 12:29:18', '0000-00-00 00:00:00', '0000-00-00 00:00:00'),
(71, '549e9827-9484-4354-9288-0fe8f4f1b0b9', 'Branch Details', 'branches/branchdetailsbyid', 1, 1, 0, 7, 1, 1, 0, 0, '2014-12-27 12:29:43', '0000-00-00 00:00:00', '0000-00-00 00:00:00'),
(72, '549e9842-6170-4998-abee-0fe8f4f1b0b9', 'Branch Delete', 'branches/branchdelete', 1, 1, 0, 7, 1, 1, 0, 0, '2014-12-27 12:30:10', '0000-00-00 00:00:00', '0000-00-00 00:00:00'),
(73, '549e9945-5364-49aa-9280-0fe8f4f1b0b9', 'Chart of Account Type Insert', 'coas/coatypeinsertupdate', 1, 1, 0, 14, 1, 1, 0, 0, '2014-12-27 12:34:29', '0000-00-00 00:00:00', '0000-00-00 00:00:00'),
(74, '549e995d-0b54-4b78-bc67-0fe8f4f1b0b9', 'Chart of Account Type Update', 'coas/coatypeinsertupdateaction', 1, 1, 0, 14, 1, 1, 0, 0, '2014-12-27 12:34:53', '0000-00-00 00:00:00', '0000-00-00 00:00:00'),
(75, '549e9973-095c-474a-947a-0fe8f4f1b0b9', 'Chart of Account Type Details', 'coas/coatypedetailsbyid', 1, 1, 0, 14, 1, 1, 0, 0, '2014-12-27 12:35:15', '0000-00-00 00:00:00', '0000-00-00 00:00:00'),
(76, '549e998b-1470-4f1a-9806-0fe8f4f1b0b9', 'Chart of Account Type Delete', 'coas/coatypedelete', 1, 1, 0, 14, 1, 1, 0, 0, '2014-12-27 12:35:39', '0000-00-00 00:00:00', '0000-00-00 00:00:00'),
(77, '549e99be-c82c-4dac-abb4-0fe8f4f1b0b9', 'Chart of Account Group Insert', 'coas/coagroupinsertupdate', 1, 1, 0, 14, 1, 1, 0, 0, '2014-12-27 12:36:30', '0000-00-00 00:00:00', '0000-00-00 00:00:00'),
(78, '549e99ea-8e40-4f6a-9dde-0fe8f4f1b0b9', 'Chart of Account Group Update', 'coas/coagroupinsertupdateaction', 1, 1, 0, 14, 1, 1, 0, 0, '2014-12-27 12:37:14', '0000-00-00 00:00:00', '0000-00-00 00:00:00'),
(79, '549e9a13-73e4-4be0-9578-0fe8f4f1b0b9', 'Chart of Account Group Details', 'coas/coagroupdetailsbyid', 1, 1, 0, 14, 1, 1, 0, 0, '2014-12-27 12:37:55', '0000-00-00 00:00:00', '0000-00-00 00:00:00'),
(80, '549e9a36-eb74-4f36-8e8e-0fe8f4f1b0b9', 'Chart of Account Group Delete', 'coas/coagroupdelete', 1, 1, 0, 14, 1, 1, 0, 0, '2014-12-27 12:38:30', '0000-00-00 00:00:00', '0000-00-00 00:00:00'),
(81, '549e9a6f-fde0-4d2a-853e-0fe8f4f1b0b9', 'Chart of Account Insert', 'coas/coainsertupdate', 1, 1, 0, 14, 1, 1, 0, 0, '2014-12-27 12:39:27', '0000-00-00 00:00:00', '0000-00-00 00:00:00'),
(82, '549e9a95-626c-4dc3-b37d-0fe8f4f1b0b9', 'Chart of Account Update', 'coas/coainsertupdateaction', 1, 1, 0, 14, 1, 1, 1, 0, '2014-12-27 12:40:05', '2015-01-19 08:44:55', '0000-00-00 00:00:00'),
(83, '549e9ab8-8660-4328-a8e7-0fe8f4f1b0b9', 'Chart of Account Details', 'coas/coadetailsbyid', 1, 1, 0, 14, 1, 1, 0, 0, '2014-12-27 12:40:40', '0000-00-00 00:00:00', '0000-00-00 00:00:00'),
(84, '549e9ad3-304c-4924-a2f7-0fe8f4f1b0b9', 'Chart of Account Delete', 'coas/coadelete', 1, 1, 0, 14, 1, 1, 0, 0, '2014-12-27 12:41:07', '0000-00-00 00:00:00', '0000-00-00 00:00:00'),
(85, '549e9b35-2018-4bb1-a239-0fe8f4f1b0b9', 'Menu Details', 'menus/menudetailsbyid', 1, 1, 0, 18, 1, 1, 0, 0, '2014-12-27 12:42:45', '0000-00-00 00:00:00', '0000-00-00 00:00:00'),
(86, '549e9b51-9984-456b-954a-0fe8f4f1b0b9', 'Menu Delete', 'menus/menudelete', 1, 1, 0, 18, 1, 1, 0, 0, '2014-12-27 12:43:13', '0000-00-00 00:00:00', '0000-00-00 00:00:00'),
(87, '549f8286-c774-4fff-841a-0d48a9baf6a0', 'Unit', 'units/unitmanage', 1, 1, 0, 22, 0, 1, 0, 0, '2014-12-28 05:09:42', '0000-00-00 00:00:00', '0000-00-00 00:00:00'),
(88, '549f8582-0a70-4dc2-b480-0d48a9baf6a0', 'Unit Insert', 'units/unitinsertupdate', 1, 1, 0, 22, 1, 1, 0, 0, '2014-12-28 05:22:26', '0000-00-00 00:00:00', '0000-00-00 00:00:00'),
(89, '549f85b4-2950-40e1-8f50-0d48a9baf6a0', 'Unit Update', 'units/unitinsertupdateaction', 1, 1, 0, 22, 1, 1, 0, 0, '2014-12-28 05:23:16', '0000-00-00 00:00:00', '0000-00-00 00:00:00'),
(90, '549f8840-2724-4d1c-8c78-0d48a9baf6a0', 'Unit Details', 'units/unitdetailsbyid', 1, 1, 0, 22, 1, 1, 0, 0, '2014-12-28 05:34:08', '0000-00-00 00:00:00', '0000-00-00 00:00:00'),
(91, '549f8e61-42fc-465b-93eb-0d48a9baf6a0', 'Unit Delete', 'units/unitdelete', 1, 1, 0, 22, 1, 1, 0, 0, '2014-12-28 06:00:16', '0000-00-00 00:00:00', '0000-00-00 00:00:00'),
(92, '549f9c39-81c0-47d8-a8f0-0d48a9baf6a0', 'Product Insert', 'products/productinsertupdate', 1, 1, 0, 22, 1, 1, 0, 0, '2014-12-28 06:59:21', '0000-00-00 00:00:00', '0000-00-00 00:00:00'),
(93, '549f9c64-7a4c-4008-94ad-0d48a9baf6a0', 'Product Update', 'products/productinsertupdateaction', 1, 1, 0, 22, 1, 1, 0, 0, '2014-12-28 07:00:04', '0000-00-00 00:00:00', '0000-00-00 00:00:00'),
(94, '549f9c9c-283c-4425-9b6a-0d48a9baf6a0', 'Product Details', 'products/productdetailsbyid', 1, 1, 0, 22, 1, 1, 0, 0, '2014-12-28 07:01:00', '0000-00-00 00:00:00', '0000-00-00 00:00:00'),
(95, '549f9cc6-8314-425a-9375-0d48a9baf6a0', 'Product Delete', 'products/productdelete', 1, 1, 0, 22, 1, 1, 0, 0, '2014-12-28 07:01:42', '0000-00-00 00:00:00', '0000-00-00 00:00:00'),
(96, '549f9dbe-a894-4eb6-9c04-0d48a9baf6a0', 'Product Type Insert', 'products/producttypeinsertupdate', 1, 1, 0, 22, 1, 1, 0, 0, '2014-12-28 07:05:50', '0000-00-00 00:00:00', '0000-00-00 00:00:00'),
(97, '549f9e06-f3c4-4581-ae62-0d48a9baf6a0', 'Product Type Update', 'products/producttypeinsertupdateaction', 1, 1, 0, 22, 1, 1, 0, 0, '2014-12-28 07:07:02', '0000-00-00 00:00:00', '0000-00-00 00:00:00'),
(98, '549f9e42-dd70-47f0-b3ef-0d48a9baf6a0', 'Product Type Details', 'products/producttypedetailsbyid', 1, 1, 0, 22, 1, 1, 0, 0, '2014-12-28 07:08:02', '0000-00-00 00:00:00', '0000-00-00 00:00:00'),
(99, '549f9e5f-90c4-40e8-902b-0d48a9baf6a0', 'Product Type Delete', 'products/producttypedelete', 1, 1, 0, 22, 1, 1, 0, 0, '2014-12-28 07:08:31', '0000-00-00 00:00:00', '0000-00-00 00:00:00'),
(100, '549fa1a3-7c8c-424b-89ff-0d48a9baf6a0', 'Product Category Insert', 'products/productcategoryinsertupdate', 1, 1, 0, 22, 1, 1, 0, 0, '2014-12-28 07:22:27', '0000-00-00 00:00:00', '0000-00-00 00:00:00'),
(101, '549fa1c4-e49c-4998-aa87-0d48a9baf6a0', 'Product Category Update', 'products/productcategoryinsertupdateaction', 1, 1, 0, 22, 1, 1, 0, 0, '2014-12-28 07:23:00', '0000-00-00 00:00:00', '0000-00-00 00:00:00'),
(102, '549fa1f6-4388-45f0-97d7-0d48a9baf6a0', 'Product Category Details', 'products/productcategorydetailsbyid', 1, 1, 0, 22, 1, 1, 0, 0, '2014-12-28 07:23:50', '0000-00-00 00:00:00', '0000-00-00 00:00:00'),
(103, '549fa21a-732c-4cda-8b42-0d48a9baf6a0', 'Product Category Delete', 'products/productcategorydelete', 1, 1, 0, 22, 1, 1, 0, 0, '2014-12-28 07:24:26', '0000-00-00 00:00:00', '0000-00-00 00:00:00'),
(104, '54a0edbb-c068-44f1-bcd2-0f8ca9baf6a0', 'Stocklocation', 'stocklocations/stocklocationmanage', 1, 1, 0, 22, 0, 1, 0, 0, '2014-12-29 06:59:23', '0000-00-00 00:00:00', '0000-00-00 00:00:00'),
(105, '54a0ee1a-c86c-4a1c-a266-0f8ca9baf6a0', 'Stocklocation Insert', 'stocklocations/stocklocationinsertupdate', 1, 1, 0, 22, 1, 1, 0, 0, '2014-12-29 07:00:58', '0000-00-00 00:00:00', '0000-00-00 00:00:00'),
(106, '54a0ee39-9040-4e23-8055-0f8ca9baf6a0', 'Stocklocation Update', 'stocklocations/stocklocationinsertupdateaction', 1, 1, 0, 22, 1, 1, 0, 0, '2014-12-29 07:01:29', '0000-00-00 00:00:00', '0000-00-00 00:00:00'),
(107, '54a0f07d-0594-478b-a581-0f8ca9baf6a0', 'Stocklocation Details', 'stocklocations/stocklocationdetailsbyid', 1, 1, 0, 22, 1, 1, 0, 0, '2014-12-29 07:11:09', '0000-00-00 00:00:00', '0000-00-00 00:00:00'),
(108, '54a0f176-36b0-4956-94d4-0f8ca9baf6a0', 'Stocklocation Delete', 'stocklocations/stocklocationdelete', 1, 1, 0, 22, 1, 1, 0, 0, '2014-12-29 07:15:18', '0000-00-00 00:00:00', '0000-00-00 00:00:00'),
(109, '54a3d58c-8da8-42a8-9b28-0eb4f4f1b0b9', 'Bank Transaction', 'banks/banktransactionmanage', 1, 1, 0, 24, 0, 1, 0, 0, '2014-12-31 11:53:00', '0000-00-00 00:00:00', '0000-00-00 00:00:00'),
(110, '54a4e3be-3790-4adb-b098-074cf4f1b0b9', 'Bank Transaction Add', 'banks/banktransactioninsertupdate', 1, 1, 0, 24, 1, 1, 0, 0, '2015-01-01 07:05:50', '0000-00-00 00:00:00', '0000-00-00 00:00:00'),
(111, '54a4e3e6-3fd0-425f-b982-074cf4f1b0b9', 'Bank Transaction Update', 'banks/banktransactioninsertupdateaction', 1, 1, 0, 24, 1, 1, 0, 0, '2015-01-01 07:06:30', '0000-00-00 00:00:00', '0000-00-00 00:00:00'),
(112, '54a4e409-8b0c-4c00-aee3-074cf4f1b0b9', 'Bank Transaction Details', 'banks/banktransactiondetailsbyid', 1, 1, 0, 24, 1, 1, 0, 0, '2015-01-01 07:07:05', '0000-00-00 00:00:00', '0000-00-00 00:00:00'),
(113, '54a4e422-0e1c-430d-994d-074cf4f1b0b9', 'Bank Transaction Delete', 'banks/banktransactiondelete', 1, 1, 0, 24, 1, 1, 0, 0, '2015-01-01 07:07:30', '0000-00-00 00:00:00', '0000-00-00 00:00:00'),
(114, '54b0f0c8-1c1c-4f4f-9094-0dacf4f1b0b9', 'Order Manage', '#', 1, 1, 1, 0, 0, 1, 0, 0, '2015-01-10 10:28:40', '0000-00-00 00:00:00', '0000-00-00 00:00:00'),
(115, '54b0f0f9-5bdc-40cb-950b-0dacf4f1b0b9', 'Sales', 'orders/ordermanage', 1, 1, 0, 114, 0, 1, 1, 0, '2015-01-10 10:29:29', '2015-02-11 05:49:42', '0000-00-00 00:00:00'),
(116, '54b504e9-30cc-414c-a381-0a10f4f1b0b9', 'Transaction Manage', '#', 1, 1, 1, 0, 0, 1, 0, 0, '2015-01-13 12:43:37', '0000-00-00 00:00:00', '0000-00-00 00:00:00'),
(117, '54b50511-d4bc-40e4-bc6a-0a10f4f1b0b9', 'Transaction Type', 'transactions/transactiontypemanage', 1, 1, 0, 116, 0, 1, 0, 0, '2015-01-13 12:44:17', '0000-00-00 00:00:00', '0000-00-00 00:00:00'),
(118, '54b50533-2ed8-4370-bca7-0a10f4f1b0b9', 'Transaction Type Add', 'transactions/transactiontypeinsertupdate', 1, 1, 0, 116, 1, 1, 0, 0, '2015-01-13 12:44:51', '0000-00-00 00:00:00', '0000-00-00 00:00:00'),
(119, '54b5055a-2a70-4a36-a643-0a10f4f1b0b9', 'Transaction Type Update', 'transactions/transactiontypeinsertupdateaction', 1, 1, 0, 116, 1, 1, 0, 0, '2015-01-13 12:45:30', '0000-00-00 00:00:00', '0000-00-00 00:00:00'),
(120, '54b50594-2124-4801-a74a-0a10f4f1b0b9', 'Transaction Type Details', 'transactions/transactiontypedetailsbyid', 1, 1, 0, 116, 1, 1, 0, 0, '2015-01-13 12:46:28', '0000-00-00 00:00:00', '0000-00-00 00:00:00'),
(121, '54b505b5-02e0-4a99-ab3e-0a10f4f1b0b9', 'Transaction Type Delete', 'transactions/transactiontypedelete', 1, 1, 0, 116, 1, 1, 0, 0, '2015-01-13 12:47:01', '0000-00-00 00:00:00', '0000-00-00 00:00:00'),
(122, '54b60d46-e62c-4d82-9d83-0850f4f1b0b9', 'Location Manage', '#', 1, 1, 1, 0, 0, 1, 0, 0, '2015-01-14 07:31:34', '0000-00-00 00:00:00', '0000-00-00 00:00:00'),
(123, '54b60d7f-a0d4-417e-a330-0850f4f1b0b9', 'Location', 'locations/locationmanage', 1, 1, 0, 122, 0, 1, 0, 0, '2015-01-14 07:32:31', '0000-00-00 00:00:00', '0000-00-00 00:00:00'),
(124, '54b60da1-8cec-4095-abb0-0850f4f1b0b9', 'Location Add', 'locations/locationinsertupdate', 1, 1, 0, 122, 1, 1, 0, 0, '2015-01-14 07:33:05', '0000-00-00 00:00:00', '0000-00-00 00:00:00'),
(125, '54b60dba-e75c-4ef0-a4e5-0850f4f1b0b9', 'Location Update', 'locations/locationinsertupdateaction', 1, 1, 0, 122, 1, 1, 0, 0, '2015-01-14 07:33:30', '0000-00-00 00:00:00', '0000-00-00 00:00:00'),
(126, '54b60df1-384c-4425-84d0-0850f4f1b0b9', 'Location Details', 'locations/locationdetailsbyid', 1, 1, 0, 122, 1, 1, 0, 0, '2015-01-14 07:34:25', '0000-00-00 00:00:00', '0000-00-00 00:00:00'),
(127, '54b60e0e-ccf4-449d-8fe1-0850f4f1b0b9', 'Location Delete', 'locations/locationdelete', 1, 1, 0, 122, 1, 1, 0, 0, '2015-01-14 07:34:54', '0000-00-00 00:00:00', '0000-00-00 00:00:00'),
(128, '54be25c1-65d4-4f7c-b1b2-0f4cf4f1b0b9', 'Journal', 'reports/journalmanage', 1, 1, 0, 24, 0, 1, 1, 0, '2015-01-20 10:54:09', '2015-01-20 10:54:40', '0000-00-00 00:00:00'),
(129, '54c71d7c-0838-493f-bd46-04c4f4f1b0b9', 'Balance Sheet', 'reports/balancesheetmanage', 1, 1, 0, 24, 0, 1, 0, 0, '2015-01-27 06:09:16', '0000-00-00 00:00:00', '0000-00-00 00:00:00'),
(130, '54c864fc-5f54-415a-bfc2-0f8cf4f1b0b9', 'Sales Add', 'orders/orderinsertupdate', 1, 1, 0, 114, 1, 1, 1, 0, '2015-01-28 05:26:36', '2015-02-11 05:50:18', '0000-00-00 00:00:00'),
(131, '54c888f1-9b7c-43b7-af0d-0f8cf4f1b0b9', 'Purchase Add', 'purchases/purchaseinsertupdate', 1, 1, 0, 114, 1, 1, 1, 0, '2015-01-28 08:00:01', '2015-02-11 12:42:18', '0000-00-00 00:00:00'),
(132, '54c8bffc-cc20-4bc8-bdc3-0d50f4f1b0b9', 'Manufactured Update', 'orders/manufacturedinsertupdateaction', 1, 1, 0, 114, 1, 1, 1, 0, '2015-01-28 11:54:52', '2015-02-11 06:13:15', '0000-00-00 00:00:00'),
(133, '54dadd4a-a314-44da-ab35-0a2cf4f1b0b9', 'Sales Update', 'orders/orderinsertupdateaction', 1, 1, 0, 114, 1, 1, 1, 0, '2015-02-11 05:40:42', '2015-02-11 05:50:52', '0000-00-00 00:00:00'),
(134, '54dadd94-f0d8-4317-9b03-0a2cf4f1b0b9', 'Sales Details', 'orders/orderdetailsbyid', 1, 1, 0, 114, 1, 1, 1, 0, '2015-02-11 05:41:56', '2015-02-11 05:50:39', '0000-00-00 00:00:00'),
(135, '54daddc2-f7d0-43ad-955b-0a2cf4f1b0b9', 'Sales Delete', 'orders/orderdelete', 1, 1, 0, 114, 1, 1, 1, 0, '2015-02-11 05:42:42', '2015-02-11 05:50:29', '0000-00-00 00:00:00'),
(136, '54dae4a5-27f8-4346-8b99-0a2cf4f1b0b9', 'Manufactured', 'orders/manufacturedmanage', 1, 1, 0, 114, 0, 1, 0, 0, '2015-02-11 06:12:05', '0000-00-00 00:00:00', '0000-00-00 00:00:00'),
(137, '54dae4c5-d0ac-4797-adc4-0a2cf4f1b0b9', 'Manufactured Add', 'orders/manufacturedinsertupdate', 1, 1, 0, 114, 1, 1, 0, 0, '2015-02-11 06:12:37', '0000-00-00 00:00:00', '0000-00-00 00:00:00'),
(138, '54dae519-4f1c-452e-8835-0a2cf4f1b0b9', 'Manufactured Details', 'orders/manufactureddetailsbyid', 1, 1, 0, 114, 1, 1, 0, 0, '2015-02-11 06:14:01', '0000-00-00 00:00:00', '0000-00-00 00:00:00'),
(139, '54dae53c-27bc-4729-b504-0a2cf4f1b0b9', 'Manufactured Delete', 'orders/manufactureddelete', 1, 1, 0, 114, 1, 1, 0, 0, '2015-02-11 06:14:36', '0000-00-00 00:00:00', '0000-00-00 00:00:00'),
(140, '54db4036-545c-4f71-bb5a-0a2cf4f1b0b9', 'Purchase', 'purchases/purchasemanage', 1, 1, 0, 114, 0, 1, 1, 0, '2015-02-11 12:42:46', '2015-02-11 12:46:06', '0000-00-00 00:00:00'),
(141, '54db4070-1610-4862-a1c3-0a2cf4f1b0b9', 'Purchase Update', 'purchases/purchaseinsertupdateaction', 1, 1, 0, 114, 1, 1, 0, 0, '2015-02-11 12:43:44', '0000-00-00 00:00:00', '0000-00-00 00:00:00'),
(142, '54db409d-62e0-4d08-8fc4-0a2cf4f1b0b9', 'Purchase Details', 'purchases/purchasedetailsbyid', 1, 1, 0, 114, 1, 1, 0, 0, '2015-02-11 12:44:29', '0000-00-00 00:00:00', '0000-00-00 00:00:00'),
(143, '54db40c7-ed74-4e97-8e7b-0a2cf4f1b0b9', 'Purchase Delete', 'purchases/purchasedelete', 1, 1, 0, 114, 1, 1, 0, 0, '2015-02-11 12:45:11', '0000-00-00 00:00:00', '0000-00-00 00:00:00'),
(144, '54e1c1cc-dba8-458f-aab4-0cfcf4f1b0b9', 'Cash Transaction', 'cashs/cashtransactionmanage', 1, 1, 0, 116, 0, 1, 1, 0, '2015-02-16 11:09:16', '2015-02-16 11:10:24', '0000-00-00 00:00:00'),
(145, '54e1c1fb-4748-436a-bc4a-0cfcf4f1b0b9', 'Cash Transaction Add', 'cashs/cashtransactioninsertupdate', 1, 1, 0, 116, 1, 1, 0, 0, '2015-02-16 11:10:03', '0000-00-00 00:00:00', '0000-00-00 00:00:00'),
(146, '54e1c236-f210-4363-b843-0cfcf4f1b0b9', 'Cash Transaction Update', 'cashs/cashtransactioninsertupdateaction', 1, 1, 0, 116, 1, 1, 0, 0, '2015-02-16 11:11:02', '0000-00-00 00:00:00', '0000-00-00 00:00:00'),
(147, '54e1c26e-9688-4737-9b0f-0cfcf4f1b0b9', 'Cash Transaction Details', 'cashs/cashtransactiondetailsbyid', 1, 1, 0, 116, 1, 1, 0, 0, '2015-02-16 11:11:58', '0000-00-00 00:00:00', '0000-00-00 00:00:00'),
(148, '54e1c28f-fc48-41fc-a2f5-0cfcf4f1b0b9', 'Cash Transaction Delete', 'cashs/cashtransactiondelete', 1, 1, 0, 116, 1, 1, 0, 0, '2015-02-16 11:12:31', '0000-00-00 00:00:00', '0000-00-00 00:00:00'),
(149, '54eab22a-6e48-4d19-9687-0f24f4f1b0b9', 'Product Status', 'orders/productstatus', 1, 1, 0, 22, 0, 1, 1, 0, '2015-02-23 05:52:58', '2015-02-23 05:57:14', '0000-00-00 00:00:00'),
(150, '54ec4881-827c-49e8-97eb-1040c0a80068', 'Product Branch Insert', 'products/productbranchinsertupdate', 1, 1, 0, 22, 1, 1, 1, 0, '2015-02-24 10:46:41', '2015-02-26 05:36:09', '0000-00-00 00:00:00'),
(151, '54ed5fb6-5ba0-4719-ac97-0afcc0a80068', 'Product Branch', 'products/productbranchmanage', 1, 1, 0, 22, 0, 1, 0, 0, '2015-02-25 06:37:58', '0000-00-00 00:00:00', '0000-00-00 00:00:00'),
(152, '54ed613c-9b50-4548-8318-0afcc0a80068', 'Product Branch Update', 'products/productbranchinsertupdateaction', 1, 1, 0, 22, 1, 1, 0, 0, '2015-02-25 06:44:28', '0000-00-00 00:00:00', '0000-00-00 00:00:00'),
(153, '54ed61fd-1830-4e3a-840e-0afcc0a80068', 'Product Branch Details', 'products/productbranchdetailsbyid', 1, 1, 0, 22, 1, 1, 0, 0, '2015-02-25 06:47:41', '0000-00-00 00:00:00', '0000-00-00 00:00:00'),
(154, '54ed732b-f240-4c1a-9f76-0afcc0a80068', 'Product Branch Delete', 'products/productbranchdelete', 1, 1, 0, 22, 1, 1, 0, 0, '2015-02-25 08:00:59', '0000-00-00 00:00:00', '0000-00-00 00:00:00'),
(155, '54eee399-e8f0-4ade-ad38-0d0cc0a80067', 'User Group', 'users/usergroupmanage', 1, 1, 0, 1, 0, 1, 0, 0, '2015-02-26 10:12:57', '0000-00-00 00:00:00', '0000-00-00 00:00:00'),
(156, '54eee3db-0d44-4ac8-ba93-0d0cc0a80067', 'User Group Insert', 'users/usergroupinsertupdate', 1, 1, 0, 1, 1, 1, 0, 0, '2015-02-26 10:14:03', '0000-00-00 00:00:00', '0000-00-00 00:00:00'),
(157, '54eee40c-9038-40cb-b857-0d0cc0a80067', 'User Group Update', 'users/usergroupinsertupdateaction', 1, 1, 0, 1, 1, 1, 0, 0, '2015-02-26 10:14:52', '0000-00-00 00:00:00', '0000-00-00 00:00:00'),
(158, '54eee444-1214-4e03-88c4-0d0cc0a80067', 'User Group Details', 'users/usergroupdetailsbyid', 1, 1, 0, 1, 1, 1, 0, 0, '2015-02-26 10:15:48', '0000-00-00 00:00:00', '0000-00-00 00:00:00'),
(159, '54eee475-8c08-4107-b055-0d0cc0a80067', 'User Group Delete', 'users/usergroupdelete', 1, 1, 0, 1, 1, 1, 0, 0, '2015-02-26 10:16:37', '0000-00-00 00:00:00', '0000-00-00 00:00:00'),
(160, '54f291f1-5a38-4859-9fa3-0fdcf4f1b0b9', 'Income Expences Statement', 'reports/incomeexpencesmanage', 1, 1, 0, 24, 0, 1, 0, 0, '2015-03-01 05:13:37', '0000-00-00 00:00:00', '0000-00-00 00:00:00'),
(161, '54f56e8a-a418-499a-8eb3-0c88f4f1b0b9', 'GL Transaction', 'gls/gltransactionmanage', 1, 1, 0, 116, 0, 1, 0, 0, '2015-03-03 09:19:22', '0000-00-00 00:00:00', '0000-00-00 00:00:00'),
(162, '54f56ed5-bf68-40fe-b096-0c88f4f1b0b9', 'GL Transaction Add', 'gls/gltransactioninsertupdate', 1, 1, 0, 116, 1, 1, 0, 0, '2015-03-03 09:20:37', '0000-00-00 00:00:00', '0000-00-00 00:00:00'),
(163, '54f56eef-110c-42ea-95b4-0c88f4f1b0b9', 'GL Transaction Update', 'gls/gltransactioninsertupdateaction', 1, 1, 0, 116, 1, 1, 0, 0, '2015-03-03 09:21:03', '0000-00-00 00:00:00', '0000-00-00 00:00:00'),
(164, '5506c5b5-9818-4f2e-a564-49d167153a0f', 'Department', 'companies/departmentmanage', 1, 1, 0, 7, 0, 1, 0, 0, '2015-03-16 11:59:49', '0000-00-00 00:00:00', '0000-00-00 00:00:00'),
(165, '5506c5d4-1c90-4995-9c3f-449667153a0f', 'Department Insert', 'companies/departmentinsertupdate', 1, 1, 0, 7, 1, 1, 0, 0, '2015-03-16 12:00:20', '0000-00-00 00:00:00', '0000-00-00 00:00:00'),
(166, '5506c602-50d8-496a-ae67-4d9667153a0f', 'Department Update', 'companies/departmentinsertupdateaction', 1, 1, 0, 7, 1, 1, 0, 0, '2015-03-16 12:01:06', '0000-00-00 00:00:00', '0000-00-00 00:00:00'),
(167, '5506c622-a5f4-4900-ad52-459b67153a0f', 'Department Details', 'companies/departmentdetailsbyid', 1, 1, 0, 7, 1, 1, 0, 0, '2015-03-16 12:01:38', '0000-00-00 00:00:00', '0000-00-00 00:00:00'),
(168, '5506c63e-8e70-4ce8-bb22-4a4567153a0f', 'Department Delete', 'companies/departmentdelete', 1, 1, 0, 7, 1, 1, 0, 0, '2015-03-16 12:02:06', '0000-00-00 00:00:00', '0000-00-00 00:00:00'),
(169, '55094f30-0b9c-4bad-84c3-4a3467153a0f', 'Designation', 'companies/designationmanage', 1, 1, 0, 7, 0, 1, 0, 0, '2015-03-18 10:10:56', '0000-00-00 00:00:00', '0000-00-00 00:00:00'),
(170, '55094f5a-ea2c-4332-ba6b-454367153a0f', 'Designation Insert', 'companies/designationinsertupdate', 1, 1, 0, 7, 1, 1, 0, 0, '2015-03-18 10:11:38', '0000-00-00 00:00:00', '0000-00-00 00:00:00'),
(171, '55094f7f-ecf8-4301-a3b5-41d667153a0f', 'Designation Update', 'companies/designationinsertupdateaction', 1, 1, 0, 7, 1, 1, 0, 0, '2015-03-18 10:12:15', '0000-00-00 00:00:00', '0000-00-00 00:00:00'),
(172, '55094faf-ccd4-47fe-8980-4c6667153a0f', 'Designation Details', 'companies/designationdetailsbyid', 1, 1, 0, 7, 1, 1, 0, 0, '2015-03-18 10:13:03', '0000-00-00 00:00:00', '0000-00-00 00:00:00'),
(173, '55094fd1-1dc8-4ca0-91c1-41f267153a0f', 'Designation Delete', 'companies/designationdelete', 1, 1, 0, 7, 1, 1, 0, 0, '2015-03-18 10:13:37', '0000-00-00 00:00:00', '0000-00-00 00:00:00'),
(174, '55124219-db90-434e-9938-107cf4f1b0b9', 'Working Area', 'workingareas/workingareamanage', 1, 1, 0, 7, 0, 1, 0, 0, '2015-03-25 11:05:29', '0000-00-00 00:00:00', '0000-00-00 00:00:00'),
(175, '5512424d-b6ac-4402-9900-107cf4f1b0b9', 'Working Area Insert', 'workingareas/workingareainsertupdate', 1, 1, 0, 7, 1, 1, 0, 0, '2015-03-25 11:06:21', '0000-00-00 00:00:00', '0000-00-00 00:00:00'),
(176, '55124271-27a0-4eef-8b2c-107cf4f1b0b9', 'Working Area Update', 'workingareas/workingareainsertupdateaction', 1, 1, 0, 7, 1, 1, 0, 0, '2015-03-25 11:06:57', '0000-00-00 00:00:00', '0000-00-00 00:00:00'),
(177, '5512429c-aa44-4598-b1a5-107cf4f1b0b9', 'Working Area Details', 'workingareas/workingareadetailsbyid', 1, 1, 0, 7, 1, 1, 0, 0, '2015-03-25 11:07:40', '0000-00-00 00:00:00', '0000-00-00 00:00:00'),
(178, '551242d0-076c-4d06-b016-107cf4f1b0b9', 'Working Area Delete', 'workingareas/workingareadelete', 1, 1, 0, 7, 1, 1, 0, 0, '2015-03-25 11:08:32', '0000-00-00 00:00:00', '0000-00-00 00:00:00'),
(179, '551254ed-e49c-4cb0-844b-107cf4f1b0b9', 'CRM', '#', 1, 1, 1, 0, 0, 1, 0, 0, '2015-03-25 12:25:49', '0000-00-00 00:00:00', '0000-00-00 00:00:00'),
(180, '551255c7-8adc-4f88-9f5b-107cf4f1b0b9', 'Question', 'questionanswers/questionmanage', 1, 1, 0, 179, 0, 1, 0, 0, '2015-03-25 12:29:27', '0000-00-00 00:00:00', '0000-00-00 00:00:00'),
(181, '551255fd-2088-43ae-84f0-107cf4f1b0b9', 'Question Insert', 'questionanswers/questioninsertupdate', 1, 1, 0, 179, 1, 1, 0, 0, '2015-03-25 12:30:21', '0000-00-00 00:00:00', '0000-00-00 00:00:00'),
(182, '5512561e-67b0-44ce-9233-107cf4f1b0b9', 'Question Update', 'questionanswers/questioninsertupdateaction', 1, 1, 0, 179, 1, 1, 0, 0, '2015-03-25 12:30:54', '0000-00-00 00:00:00', '0000-00-00 00:00:00'),
(183, '55125653-b69c-4a25-8c56-107cf4f1b0b9', 'Question Details', 'questionanswers/questiondetailsbyid', 1, 1, 0, 179, 1, 1, 0, 0, '2015-03-25 12:31:47', '0000-00-00 00:00:00', '0000-00-00 00:00:00'),
(184, '5512568b-7280-4e29-84d7-107cf4f1b0b9', 'Question Delete', 'questionanswers/questiondelete', 1, 1, 0, 179, 1, 1, 0, 0, '2015-03-25 12:32:43', '0000-00-00 00:00:00', '0000-00-00 00:00:00'),
(185, '5512908a-15b8-4fc0-ac77-107cf4f1b0b9', 'Answer', 'questionanswers/answermanage', 1, 1, 0, 179, 0, 1, 0, 0, '2015-03-25 16:40:10', '0000-00-00 00:00:00', '0000-00-00 00:00:00'),
(186, '551290bf-2408-462e-8448-107cf4f1b0b9', 'Answer Insert', 'questionanswers/answerinsertupdate', 1, 1, 0, 179, 1, 1, 0, 0, '2015-03-25 16:41:03', '0000-00-00 00:00:00', '0000-00-00 00:00:00'),
(187, '551290eb-c678-4b29-ae85-107cf4f1b0b9', 'Answer Update', 'questionanswers/answerinsertupdateaction', 1, 1, 0, 179, 1, 1, 0, 0, '2015-03-25 16:41:47', '0000-00-00 00:00:00', '0000-00-00 00:00:00'),
(188, '5512939d-f0e8-4fe1-bcb6-107cf4f1b0b9', 'Answer Details', 'questionanswers/answerdetailsbyid', 1, 1, 0, 179, 1, 1, 0, 0, '2015-03-25 16:53:17', '0000-00-00 00:00:00', '0000-00-00 00:00:00'),
(189, '551293c1-34d8-4156-a095-107cf4f1b0b9', 'Answer Delete', 'questionanswers/answerdelete', 1, 1, 0, 179, 1, 1, 0, 0, '2015-03-25 16:53:53', '0000-00-00 00:00:00', '0000-00-00 00:00:00');

-- --------------------------------------------------------

--
-- Table structure for table `orderdetails`
--

CREATE TABLE IF NOT EXISTS `orderdetails` (
  `id` int(11) NOT NULL AUTO_INCREMENT,
  `orderdetailuuid` varchar(255) NOT NULL DEFAULT '0',
  `product_id` int(11) NOT NULL DEFAULT '0',
  `transaction_id` int(11) NOT NULL DEFAULT '0',
  `company_id` int(11) NOT NULL,
  `branch_id` int(11) NOT NULL,
  `coa_id` int(11) NOT NULL DEFAULT '0',
  `transactiontype_id` int(11) NOT NULL DEFAULT '0',
  `productcode` varchar(255) NOT NULL DEFAULT '0',
  `description` text NOT NULL,
  `quantity` double NOT NULL,
  `unit_id` int(11) NOT NULL DEFAULT '0',
  `orderdetailmon` double NOT NULL,
  `orderdetailkg` double NOT NULL,
  `orderdetailgram` double NOT NULL,
  `orderdetailmonunitprice` double NOT NULL,
  `orderdetailkgunitprice` double NOT NULL,
  `orderdetailgramunitprice` double NOT NULL,
  `unitprice` double NOT NULL DEFAULT '0',
  `discount` double NOT NULL DEFAULT '0',
  `transactionamount` double NOT NULL DEFAULT '0',
  `transactiondate` datetime NOT NULL DEFAULT '0000-00-00 00:00:00',
  `stdcostunit` double NOT NULL DEFAULT '0',
  `quantityinvoiced` int(11) NOT NULL DEFAULT '0',
  `quantityreceived` int(11) NOT NULL DEFAULT '0',
  `quantityordered` int(11) NOT NULL DEFAULT '0',
  `orderdetailisactive` tinyint(1) NOT NULL DEFAULT '0',
  `orderdetailinsertid` int(11) DEFAULT '0',
  `orderdetailupdateid` int(11) DEFAULT '0',
  `orderdetaildeleteid` int(11) DEFAULT '0',
  `orderdetailinsertdate` datetime DEFAULT '0000-00-00 00:00:00',
  `orderdetailupdatedate` datetime DEFAULT '0000-00-00 00:00:00',
  `orderdetaildeletedate` datetime DEFAULT '0000-00-00 00:00:00',
  PRIMARY KEY (`id`)
) ENGINE=InnoDB  DEFAULT CHARSET=utf8 AUTO_INCREMENT=68 ;

--
-- Dumping data for table `orderdetails`
--

INSERT INTO `orderdetails` (`id`, `orderdetailuuid`, `product_id`, `transaction_id`, `company_id`, `branch_id`, `coa_id`, `transactiontype_id`, `productcode`, `description`, `quantity`, `unit_id`, `orderdetailmon`, `orderdetailkg`, `orderdetailgram`, `orderdetailmonunitprice`, `orderdetailkgunitprice`, `orderdetailgramunitprice`, `unitprice`, `discount`, `transactionamount`, `transactiondate`, `stdcostunit`, `quantityinvoiced`, `quantityreceived`, `quantityordered`, `orderdetailisactive`, `orderdetailinsertid`, `orderdetailupdateid`, `orderdetaildeleteid`, `orderdetailinsertdate`, `orderdetailupdatedate`, `orderdetaildeletedate`) VALUES
(1, '54d3360b-af30-4bf4-98d8-0c5cf4f1b0b9', 2, 1, 1, 5, 8, 8, '2', '', 100, 1, 5, 187.5, 187500, 40000, 40000, 40000, 5000, 5, 475000, '2015-02-05 10:21:15', 0, 0, 0, 0, 1, 1, 0, 0, '2015-02-05 10:21:15', '0000-00-00 00:00:00', '0000-00-00 00:00:00'),
(2, '54db2d91-0f58-445b-9237-0a2cf4f1b0b9', 2, 30, 1, 5, 8, 9, '2', '', -13.4, 1, -13.4, -500, -500000, 400, 10.72, 0.01072, 5000, 0, -5360, '2015-02-11 11:23:12', 0, 0, 0, 0, 1, 1, 0, 0, '2015-02-11 11:23:12', '0000-00-00 00:00:00', '0000-00-00 00:00:00'),
(3, '54d35875-e948-4bc8-b3c7-0c5cf4f1b0b9', 2, 4, 1, 5, 8, 8, '2', '', 5, 1, 5, 187.5, 187500, 2000, 2000, 2000, 1000, 2, 4900, '2015-02-05 12:48:05', 0, 0, 0, 0, 1, 1, 0, 0, '2015-02-05 12:48:05', '0000-00-00 00:00:00', '0000-00-00 00:00:00'),
(4, '54d5a3a2-3dc0-46cf-b653-0c58c0a80065', 2, 5, 1, 5, 8, 8, '2', '', 10, 1, 10, 337.5, 375000, 4000, 4000, 4000, 10, 1, 99, '2015-02-07 06:33:22', 0, 0, 0, 0, 1, 1, 0, 0, '2015-02-07 06:33:22', '0000-00-00 00:00:00', '0000-00-00 00:00:00'),
(5, '54d5b8b5-7f98-4802-a16d-0c58c0a80065', 2, 7, 1, 5, 8, 8, '2', '', 10, 1, 10, 375, 375000, 1000, 1000, 1000, 100, 5, 950, '2015-02-07 08:03:17', 0, 0, 0, 0, 1, 1, 0, 0, '2015-02-07 08:03:17', '0000-00-00 00:00:00', '0000-00-00 00:00:00'),
(6, '54d5d334-9d10-4edb-9644-0c58c0a80065', 2, 8, 1, 5, 8, 8, '2', '', 9, 1, 9, 337.5, 337500, 3600, 3600, 3600, 100, 5, 855, '2015-02-07 09:56:20', 0, 0, 0, 0, 1, 1, 0, 0, '2015-02-07 09:56:20', '0000-00-00 00:00:00', '0000-00-00 00:00:00'),
(9, '54d84ea3-ec1c-4130-a951-0f28c0a80069', 2, 13, 1, 5, 8, 8, '2', '', 5, 1, 5, 187.5, 187500, 2000, 2000, 2000, 100, 0, 500, '2015-02-09 07:07:31', 0, 0, 0, 0, 1, 1, 0, 0, '2015-02-09 07:07:31', '0000-00-00 00:00:00', '0000-00-00 00:00:00'),
(10, '54d88712-3758-43ed-b74c-0f28c0a80069', 2, 14, 1, 5, 8, 8, '2', '', 10, 1, 10, 375, 375000, 4000, 4000, 4000, 100, 1, 990, '2015-02-09 11:08:18', 0, 0, 0, 0, 1, 1, 0, 0, '2015-02-09 11:08:18', '0000-00-00 00:00:00', '0000-00-00 00:00:00'),
(11, '54d8918d-97e8-4fa6-b691-0f28c0a80069', 2, 16, 1, 5, 8, 8, '2', '', 5, 1, 5, 187.5, 187500, 250, 250, 250, 50, 5, 237.5, '2015-02-09 11:53:01', 0, 0, 0, 0, 1, 1, 0, 0, '2015-02-09 11:53:01', '0000-00-00 00:00:00', '0000-00-00 00:00:00'),
(12, '54d9914d-32c4-4918-9710-0950c0a80067', 2, 17, 1, 5, 8, 8, '2', '', 5, 1, 5, 187.5, 187500, 1000, 1000, 1000, 200, 5, 950, '2015-02-10 06:04:13', 0, 0, 0, 0, 1, 1, 0, 0, '2015-02-10 06:04:13', '0000-00-00 00:00:00', '0000-00-00 00:00:00'),
(13, '54d99857-48fc-45b5-bfdd-0950f4f1b0b9', 2, 18, 1, 5, 8, 8, '2', '', 54, 1, 54, 2025, 2025000, 54000, 54000, 54000, 1000, 0, 54000, '2015-02-10 06:34:15', 0, 0, 0, 0, 1, 1, 0, 0, '2015-02-10 06:34:15', '0000-00-00 00:00:00', '0000-00-00 00:00:00'),
(14, '54d9ae0f-0660-4e5b-8f4a-0950c0a80067', 2, 19, 1, 5, 8, 8, '2', '', 7, 1, 7, 262.5, 262500, 490, 490, 490, 70, 0, 490, '2015-02-10 08:06:55', 0, 0, 0, 0, 1, 1, 0, 0, '2015-02-10 08:06:55', '0000-00-00 00:00:00', '0000-00-00 00:00:00'),
(26, '54db2edf-0594-40a7-94ed-0a2cf4f1b0b9', 1, 0, 1, 5, 8, 9, '0', '', 10, 4, 13.4, 500, 500000, 373.13432835821, 10, 0.01, 0, 0, 5000, '2015-02-11 11:28:47', 0, 0, 0, 0, 1, 1, 0, 0, '2015-02-11 11:28:47', '0000-00-00 00:00:00', '0000-00-00 00:00:00'),
(27, '54db2edf-4ccc-428b-b405-0a2cf4f1b0b9', 2, 0, 1, 5, 8, 9, '0', '', -13.4, 1, -13.4, -500, -500000, 400, 10.72, 0.01072, 0, 0, -5360, '2015-02-11 11:28:47', 0, 0, 0, 0, 1, 1, 0, 0, '2015-02-11 11:28:47', '0000-00-00 00:00:00', '0000-00-00 00:00:00'),
(28, '54db2f49-6f30-47d3-85a2-0a2cf4f1b0b9', 1, 0, 1, 5, 8, 9, '0', '', 7, 4, 9.38, 350, 350000, 373.13432835821, 10, 0.01, 0, 0, 3500, '2015-02-11 11:30:33', 0, 0, 0, 0, 1, 1, 0, 0, '2015-02-11 11:30:33', '0000-00-00 00:00:00', '0000-00-00 00:00:00'),
(29, '54db2f49-c8a0-4187-b794-0a2cf4f1b0b9', 2, 28, 1, 5, 8, 9, '0', '', -9.38, 1, -9.38, -350, -350000, 400, 10.72, 0.01072, 0, 0, -3752, '2015-02-11 11:30:33', 0, 0, 0, 0, 1, 1, 0, 0, '2015-02-11 11:30:33', '0000-00-00 00:00:00', '0000-00-00 00:00:00'),
(30, '54db2d90-1c6c-41b7-9b45-0a2cf4f1b0b9', 1, 0, 1, 5, 8, 9, '0', '', 10, 4, 13.4, 500, 500000, 373.13432835821, 10, 0.01, 0, 0, 5000, '2015-02-11 11:23:12', 0, 0, 0, 0, 1, 1, 0, 0, '2015-02-11 11:23:12', '0000-00-00 00:00:00', '0000-00-00 00:00:00'),
(31, '54db2e96-0de0-44b4-90d7-0a2cf4f1b0b9', 1, 0, 1, 5, 8, 9, '0', '', 10, 4, 13.4, 500, 500000, 373.13432835821, 10, 0.01, 0, 0, 5000, '2015-02-11 11:27:34', 0, 0, 0, 0, 1, 1, 0, 0, '2015-02-11 11:27:34', '0000-00-00 00:00:00', '0000-00-00 00:00:00'),
(32, '54db2e9b-1ffc-42f3-86ed-0a2cf4f1b0b9', 1, 0, 1, 5, 8, 9, '0', '', 10, 4, 13.4, 500, 500000, 373.13432835821, 10, 0.01, 0, 0, 5000, '2015-02-11 11:27:39', 0, 0, 0, 0, 1, 1, 0, 0, '2015-02-11 11:27:39', '0000-00-00 00:00:00', '0000-00-00 00:00:00'),
(33, '54db42f0-f860-416a-8c67-0a2cc0a80069', 2, 20, 1, 5, 8, 8, '2', '', 10, 1, 88.82, 3300, 3337500, 100, 100, 100, 10, 0, 100, '2015-02-11 12:54:24', 0, 0, 0, 0, 1, 1, 0, 0, '2015-02-11 12:54:24', '0000-00-00 00:00:00', '0000-00-00 00:00:00'),
(34, '54dc804d-8c38-4d51-93fc-0ce8f4f1b0b9', 1, 0, 1, 5, 8, 9, '0', '', 10, 4, 13.4, 500, 500000, 373.13432835821, 10, 0.01, 0, 0, 5000, '2015-02-12 11:28:29', 0, 0, 0, 0, 1, 1, 0, 0, '2015-02-12 11:28:29', '0000-00-00 00:00:00', '0000-00-00 00:00:00'),
(35, '54dc804e-f5ac-401c-a923-0ce8f4f1b0b9', 2, 0, 1, 5, 8, 9, '0', '', -13.4, 1, -13.4, -500, -500000, 400, 10.72, 0.01072, 0, 0, -5360, '2015-02-12 11:28:29', 0, 0, 0, 0, 1, 1, 0, 0, '2015-02-12 11:28:29', '0000-00-00 00:00:00', '0000-00-00 00:00:00'),
(36, '54dc8313-34c8-4a14-9569-0ce8f4f1b0b9', 1, 0, 1, 5, 8, 9, '0', '', 20, 4, 26.8, 1000, 1000000, 373.13432835821, 10, 0.01, 0, 0, 10000, '2015-02-12 11:40:19', 0, 0, 0, 0, 1, 1, 0, 0, '2015-02-12 11:40:19', '0000-00-00 00:00:00', '0000-00-00 00:00:00'),
(37, '54e02ebb-5a04-4373-98d2-08bcc0a80067', 2, 21, 1, 5, 8, 8, '2', '', 12, 1, 12, 450, 450000, 1200, 1200, 1200, 100, 1, 1188, '2015-02-15 06:29:31', 0, 0, 0, 0, 1, 1, 0, 0, '2015-02-15 06:29:31', '0000-00-00 00:00:00', '0000-00-00 00:00:00'),
(38, '54e03a10-ce4c-4e6a-94a8-08bcc0a80067', 2, 22, 1, 5, 8, 8, '2', '', 2, 1, 2, 75, 75000, 2560, 2560, 2560, 1280, 0, 2560, '2015-02-15 07:17:52', 0, 0, 0, 0, 1, 1, 0, 0, '2015-02-15 07:17:52', '0000-00-00 00:00:00', '0000-00-00 00:00:00'),
(39, '54e31d0b-8c90-4511-9eb2-0e60f4f1b0b9', 1, 23, 1, 1, 8, 7, '0', '', -50, 4, -67, -2500, -2500000, 373.134328358209, 10, 0.01, 0, 0, -25000, '2015-02-17 04:02:17', 0, 0, 0, 0, 1, 1, 0, 0, '2015-02-17 04:02:17', '0000-00-00 00:00:00', '0000-00-00 00:00:00'),
(40, '54e31ddc-7e4c-4409-bf0c-0e60f4f1b0b9', 1, 24, 1, 1, 8, 7, '0', '', -10, 4, -13.4, -500, -500000, 373.134328358209, 10, 0.01, 0, 0, -5000, '2015-02-17 04:02:33', 0, 0, 0, 0, 1, 1, 0, 0, '2015-02-17 04:02:33', '0000-00-00 00:00:00', '0000-00-00 00:00:00'),
(41, '54e47d1e-de5c-4515-8c35-016cc0a80068', 2, 25, 1, 5, 8, 8, '2', '', 3, 1, 3, 112.5, 112500, 6000, 6000, 6000, 2000, 0, 6000, '2015-02-18 12:53:02', 0, 0, 0, 0, 1, 1, 0, 0, '2015-02-18 12:53:02', '0000-00-00 00:00:00', '0000-00-00 00:00:00'),
(42, '54e47d7f-4860-4f1f-847a-016cc0a80068', 2, 26, 1, 5, 8, 8, '2', '', 2, 1, 2, 75, 75000, 4000, 4000, 4000, 2000, 0, 4000, '2015-02-18 12:54:39', 0, 0, 0, 0, 1, 1, 0, 0, '2015-02-18 12:54:39', '0000-00-00 00:00:00', '0000-00-00 00:00:00'),
(43, '54ead90d-105c-4e20-8893-0f24f4f1b0b9', 1, 27, 1, 1, 8, 7, '0', '', -10, 4, -13.4, -500, -500000, 373.134328358209, 10, 0.01, 0, 0, -5000, '2015-02-23 01:02:48', 0, 0, 0, 0, 1, 1, 0, 0, '2015-02-23 01:02:48', '0000-00-00 00:00:00', '0000-00-00 00:00:00'),
(44, '54eadd6f-ec4c-448b-82ae-0f24f4f1b0b9', 1, 28, 1, 1, 8, 7, '0', '', -5, 4, -6.7, -250, -250000, 373.134328358209, 10, 0.01, 0, 0, -2500, '2015-02-23 01:02:31', 0, 0, 0, 0, 1, 1, 0, 0, '2015-02-23 01:02:31', '0000-00-00 00:00:00', '0000-00-00 00:00:00'),
(45, '54eade0d-08e0-41d4-af8e-0f24f4f1b0b9', 1, 29, 1, 1, 8, 7, '0', '', -50, 4, -67, -2500, -2500000, 373.134328358209, 10, 0.01, 0, 0, -25000, '2015-02-23 01:02:34', 0, 0, 0, 0, 1, 1, 0, 0, '2015-02-23 01:02:34', '0000-00-00 00:00:00', '0000-00-00 00:00:00'),
(46, '54eadeaf-4218-46d4-8d21-0f24f4f1b0b9', 1, 30, 1, 1, 8, 7, '0', '', -50, 4, -67, -2500, -2500000, 373.134328358209, 10, 0.01, 0, 0, -25000, '2015-02-23 01:02:34', 0, 0, 0, 0, 1, 1, 0, 0, '2015-02-23 01:02:34', '0000-00-00 00:00:00', '0000-00-00 00:00:00'),
(47, '54eadf03-40ac-4507-8942-0f24f4f1b0b9', 1, 31, 1, 1, 8, 7, '0', '', -50, 4, -67, -2500, -2500000, 373.134328358209, 10, 0.01, 0, 0, -25000, '2015-02-23 01:02:34', 0, 0, 0, 0, 1, 1, 0, 0, '2015-02-23 01:02:34', '0000-00-00 00:00:00', '0000-00-00 00:00:00'),
(48, '54eadf19-6984-4236-8bd6-0f24f4f1b0b9', 1, 32, 1, 1, 8, 7, '0', '', -50, 4, -67, -2500, -2500000, 373.134328358209, 10, 0.01, 0, 0, -25000, '2015-02-23 01:02:34', 0, 0, 0, 0, 1, 1, 0, 0, '2015-02-23 01:02:34', '0000-00-00 00:00:00', '0000-00-00 00:00:00'),
(49, '54eadf53-3a60-473d-a63f-0f24f4f1b0b9', 1, 33, 1, 1, 8, 7, '0', '', -50, 4, -67, -2500, -2500000, 373.134328358209, 10, 0.01, 0, 0, -25000, '2015-02-23 01:02:34', 0, 0, 0, 0, 1, 1, 0, 0, '2015-02-23 01:02:34', '0000-00-00 00:00:00', '0000-00-00 00:00:00'),
(50, '54ed946b-3728-4d36-81d6-0564f4f1b0b9', 11, 34, 1, 5, 8, 8, '11', '', 500, 1, 500, 18750, 18750000, 25000000, 25000000, 25000000, 50000, 0, 25000000, '2015-02-25 10:22:51', 0, 0, 0, 0, 1, 1, 0, 0, '2015-02-25 10:22:51', '0000-00-00 00:00:00', '0000-00-00 00:00:00'),
(51, '54ed98c2-782c-482c-b4bc-0564f4f1b0b9', 1, 0, 1, 5, 8, 9, '0', '', 50, 4, 67, 2500, 2500000, 3731.3432835821, 100, 0.1, 0, 0, 250000, '2015-02-25 10:41:22', 0, 0, 0, 0, 1, 1, 0, 0, '2015-02-25 10:41:22', '0000-00-00 00:00:00', '0000-00-00 00:00:00'),
(52, '54ed98ee-417c-46aa-b15f-0564f4f1b0b9', 1, 0, 1, 5, 8, 9, '0', '', 50, 4, 67, 2500, 2500000, 3731.3432835821, 100, 0.1, 0, 0, 250000, '2015-02-25 10:42:06', 0, 0, 0, 0, 1, 1, 0, 0, '2015-02-25 10:42:06', '0000-00-00 00:00:00', '0000-00-00 00:00:00'),
(53, '54ed98ee-b728-4fe6-a631-0564f4f1b0b9', 2, 52, 1, 5, 8, 9, '0', '', -67, 1, -67, -2500, -2500000, 400, 10.72, 0.01072, 0, 0, -26800, '2015-02-25 10:42:06', 0, 0, 0, 0, 1, 1, 0, 0, '2015-02-25 10:42:06', '0000-00-00 00:00:00', '0000-00-00 00:00:00'),
(54, '54ed9934-00d0-4ab2-9613-0564f4f1b0b9', 1, 35, 1, 1, 8, 7, '0', '', -100, 4, -134, -5000, -5000000, 2270.42752339993, 60.847457627118, 0.060847457627118, 0, 0, -304237.28813559, '2015-02-25 03:02:39', 0, 0, 0, 0, 1, 1, 0, 0, '2015-02-25 03:02:39', '0000-00-00 00:00:00', '0000-00-00 00:00:00'),
(55, '54ed9a25-7390-47f5-81aa-0564f4f1b0b9', 9, 37, 1, 5, 8, 8, '9', '', 500, 1, 500, 18750, 18750000, 500000, 500000, 500000, 1000, 0, 500000, '2015-02-25 10:47:17', 0, 0, 0, 0, 1, 1, 0, 0, '2015-02-25 10:47:17', '0000-00-00 00:00:00', '0000-00-00 00:00:00'),
(56, '54ed9ad5-ce04-49bf-abbc-0564f4f1b0b9', 10, 38, 1, 5, 8, 8, '10', '', 500, 1, 500, 18750, 18750000, 2500000, 2500000, 2500000, 5000, 0, 2500000, '2015-02-25 10:50:13', 0, 0, 0, 0, 1, 1, 0, 0, '2015-02-25 10:50:13', '0000-00-00 00:00:00', '0000-00-00 00:00:00'),
(57, '54f03e7d-6df0-49f9-92d0-0564f4f1b0b9', 1, 39, 1, 1, 8, 7, '0', '', -10, 4, -13.4, -500, -500000, 2270.42752339993, 60.847457627118, 0.060847457627118, 0, 0, -30423.728813559, '2015-02-27 03:02:00', 0, 0, 0, 0, 1, 1, 0, 0, '2015-02-27 03:02:00', '0000-00-00 00:00:00', '0000-00-00 00:00:00'),
(58, '54f03f9e-17e4-45f1-8fc2-0564f4f1b0b9', 1, 40, 1, 1, 8, 7, '0', '', -10, 4, -13.4, -500, -500000, 2270.42752339993, 60.847457627118, 0.060847457627118, 0, 0, -30423.728813559, '2015-02-27 03:02:55', 0, 0, 0, 0, 1, 1, 0, 0, '2015-02-27 03:02:55', '0000-00-00 00:00:00', '0000-00-00 00:00:00'),
(59, '54f0409d-7930-47dd-94fe-0564f4f1b0b9', 1, 41, 1, 1, 8, 7, '0', '', -7, 4, -9.38, -350, -350000, 2270.42752339993, 60.847457627118, 0.060847457627118, 0, 0, -21296.610169491, '2015-02-27 04:02:33', 0, 0, 0, 0, 1, 1, 0, 0, '2015-02-27 04:02:33', '0000-00-00 00:00:00', '0000-00-00 00:00:00'),
(60, '54f0414c-30ac-4051-b2f9-0564f4f1b0b9', 1, 42, 1, 1, 8, 7, '0', '', -10, 4, -13.4, -500, -500000, 2270.42752339993, 60.847457627118, 0.060847457627118, 0, 0, -30423.728813559, '2015-02-27 04:02:57', 0, 0, 0, 0, 1, 1, 0, 0, '2015-02-27 04:02:57', '0000-00-00 00:00:00', '0000-00-00 00:00:00'),
(61, '54f041f1-daf8-4acf-9b2c-0564f4f1b0b9', 1, 43, 1, 1, 8, 7, '0', '', -20, 4, -26.8, -1000, -1000000, 2270.42752339993, 60.847457627118, 0.060847457627118, 0, 0, -60847.457627118, '2015-02-27 04:02:56', 0, 0, 0, 0, 1, 1, 0, 0, '2015-02-27 04:02:56', '0000-00-00 00:00:00', '0000-00-00 00:00:00'),
(62, '54f042f0-7ec0-4056-a66b-0564f4f1b0b9', 10, 44, 1, 1, 8, 7, '0', '', -100, 1, -100, -3750, -3750000, 5000, 133.333333333333, 0.133333333333333, 0, 0, -500000, '2015-02-27 04:02:47', 0, 0, 0, 0, 1, 1, 0, 0, '2015-02-27 04:02:47', '0000-00-00 00:00:00', '0000-00-00 00:00:00'),
(63, '54f0445d-e424-4d43-beb5-0564f4f1b0b9', 10, 45, 1, 1, 8, 7, '0', '', -200, 1, -200, -7500, -7500000, 5000, 133.333333333333, 0.133333333333333, 0, 0, -1000000, '2015-02-27 04:02:44', 0, 0, 0, 0, 1, 1, 0, 0, '2015-02-27 04:02:44', '0000-00-00 00:00:00', '0000-00-00 00:00:00'),
(64, '54f0464e-359c-4b43-837f-0564f4f1b0b9', 10, 46, 1, 1, 8, 7, '0', '', -50, 1, -50, -1875, -1875000, 5000, 133.333333333333, 0.133333333333333, 0, 0, -250000, '2015-02-27 04:02:36', 0, 0, 0, 0, 1, 1, 0, 0, '2015-02-27 04:02:36', '0000-00-00 00:00:00', '0000-00-00 00:00:00'),
(65, '54f19859-cf54-4a9f-baa4-0564f4f1b0b9', 10, 47, 1, 1, 8, 7, '0', '', -25, 1, -25, -937.5, -937500, 5000, 133.333333333333, 0.133333333333333, 0, 0, -125000, '2015-02-28 04:02:58', 0, 0, 0, 0, 1, 1, 0, 0, '2015-02-28 04:02:58', '0000-00-00 00:00:00', '0000-00-00 00:00:00'),
(66, '54f19a21-bcf8-4c9c-b5be-0564f4f1b0b9', 10, 48, 1, 5, 8, 7, '0', '', -100, 1, -100, -3750, -3750000, 5000, 133.333333333333, 0.133333333333333, 0, 0, -500000, '2015-02-28 04:02:40', 0, 0, 0, 0, 1, 1, 0, 0, '2015-02-28 04:02:40', '0000-00-00 00:00:00', '0000-00-00 00:00:00'),
(67, '54f19ab6-ae04-4b28-bb09-0564f4f1b0b9', 10, 49, 1, 5, 8, 8, '10', '', 10000, 1, 10000, 375000, 375000000, 5000000, 5000000, 5000000, 500, 0, 5000000, '2015-02-28 11:38:46', 0, 0, 0, 0, 1, 1, 0, 0, '2015-02-28 11:38:46', '0000-00-00 00:00:00', '0000-00-00 00:00:00');

-- --------------------------------------------------------

--
-- Table structure for table `orders`
--

CREATE TABLE IF NOT EXISTS `orders` (
  `id` int(11) NOT NULL AUTO_INCREMENT,
  `bank_id` int(11) NOT NULL,
  `bankbranch_id` int(11) NOT NULL,
  `bankaccount_id` int(11) NOT NULL,
  `bankaccounttype_id` int(11) NOT NULL,
  `bankchequekbook_id` int(11) NOT NULL,
  `banktransaction_id` int(11) NOT NULL,
  `ordercheckno` varchar(255) NOT NULL DEFAULT '0',
  `company_id` int(11) NOT NULL,
  `branch_id` int(11) NOT NULL,
  `client_id` int(11) NOT NULL,
  `user_id` int(11) NOT NULL,
  `salesman_id` int(11) NOT NULL,
  `shipping_id` int(11) NOT NULL,
  `ordercustomerphone` text NOT NULL,
  `location_id` int(11) NOT NULL,
  `coa_id` int(11) NOT NULL,
  `orderuuid` varchar(255) NOT NULL,
  `transactiontype_id` int(11) NOT NULL DEFAULT '0',
  `orderdate` datetime NOT NULL DEFAULT '0000-00-00 00:00:00',
  `orderdeliveryaddress` text NOT NULL,
  `ordercheckdate` datetime NOT NULL DEFAULT '0000-00-00 00:00:00',
  `paymentterm_id` int(11) NOT NULL,
  `ordertotal` double NOT NULL,
  `orderdiscount` double NOT NULL DEFAULT '0',
  `transactionamount` double NOT NULL DEFAULT '0',
  `orderpayment` double NOT NULL,
  `orderdue` double NOT NULL,
  `orderduepaymentdate` datetime NOT NULL DEFAULT '0000-00-00 00:00:00',
  `ordertax` double NOT NULL,
  `ordercomment` text NOT NULL,
  `orderreferenceno` varchar(255) NOT NULL,
  `orderrequisition_no` varchar(255) NOT NULL,
  PRIMARY KEY (`id`)
) ENGINE=InnoDB  DEFAULT CHARSET=utf8 AUTO_INCREMENT=50 ;

--
-- Dumping data for table `orders`
--

INSERT INTO `orders` (`id`, `bank_id`, `bankbranch_id`, `bankaccount_id`, `bankaccounttype_id`, `bankchequekbook_id`, `banktransaction_id`, `ordercheckno`, `company_id`, `branch_id`, `client_id`, `user_id`, `salesman_id`, `shipping_id`, `ordercustomerphone`, `location_id`, `coa_id`, `orderuuid`, `transactiontype_id`, `orderdate`, `orderdeliveryaddress`, `ordercheckdate`, `paymentterm_id`, `ordertotal`, `orderdiscount`, `transactionamount`, `orderpayment`, `orderdue`, `orderduepaymentdate`, `ordertax`, `ordercomment`, `orderreferenceno`, `orderrequisition_no`) VALUES
(1, 19, 3, 1, 2, 1, 0, '0', 1, 5, 19, 1, 20, 2, '', 25, 9, '54d3360a-dd24-471a-b7b1-0c5cf4f1b0b9', 8, '2015-02-05 03:02:55', '', '2015-02-05 03:02:39', 1, 475000, 5, 0, 450000, 1250, '2015-02-05 03:02:39', 0, 'only for test', 'test-123', ''),
(2, 8, 93, 2, 1, 2, 0, '0', 1, 5, 18, 1, 20, 2, '', 127, 9, '54d345d5-68d8-49d7-ab3a-0c5cf4f1b0b9', 8, '2015-02-05 04:02:23', '', '2015-02-04 04:02:23', 1, 25000, 2, 0, 12250, 12250, '2015-02-05 04:02:23', 0, 'only for test', 'test-123', ''),
(3, 8, 3, 1, 2, 1, 0, '0', 1, 5, 18, 1, 15, 2, '', 127, 9, '54d35865-0d7c-492c-b4d0-0c5cf4f1b0b9', 8, '2015-02-05 05:02:47', '', '2015-02-05 05:02:48', 1, 5000, 2, 0, 4900, 0, '2015-02-05 05:02:48', 0, 'test', 'test-123', ''),
(4, 8, 3, 1, 2, 1, 0, '0', 1, 5, 18, 1, 15, 2, '', 127, 9, '54d35874-8818-44f9-8096-0c5cf4f1b0b9', 8, '2015-02-05 05:02:47', '', '2015-02-05 05:02:48', 1, 5000, 2, 0, 4900, 0, '2015-02-05 05:02:48', 0, 'test', 'test-123', ''),
(5, 19, 3, 1, 2, 1, 0, '0', 1, 5, 17, 1, 15, 2, '', 124, 9, '54d5a3a1-f474-4ef2-9358-0c58c0a80065', 8, '2015-02-07 11:02:53', '', '2015-02-07 11:02:53', 1, 99, 1, 0, 90, 8.01000000000001, '2015-02-28 11:02:53', 0, 'test 07-02-2015', 'qqq123', ''),
(6, 19, 3, 1, 2, 1, 0, '0', 1, 5, 17, 1, 15, 2, '', 114, 9, '54d5b857-e88c-4750-a931-0c58c0a80065', 8, '2015-02-07 12:02:02', '', '2015-02-07 12:02:02', 1, 1000, 5, 0, 900, 50, '2015-02-28 12:02:02', 0, 'test 07-02-2015 1pm', 'qwe345', ''),
(7, 19, 3, 1, 2, 1, 0, '0', 1, 5, 17, 1, 15, 2, '', 114, 9, '54d5b8b4-874c-4d92-8d80-0c58c0a80065', 8, '2015-02-07 12:02:02', '', '2015-02-07 12:02:02', 1, 950, 5, 0, 900, 2.5, '2015-02-28 12:02:02', 0, 'test 07-02-2015 1pm', 'qwe345', ''),
(8, 19, 3, 1, 2, 1, 0, '0', 1, 5, 17, 1, 15, 2, '', 122, 9, '54d5d333-0b10-4175-83e5-0c58c0a80065', 8, '2015-02-07 02:02:31', '', '2015-02-07 02:02:31', 1, 855, 5, 0, 800, 12.25, '2015-02-27 02:02:31', 0, 'test ', '55555kkk', ''),
(9, 0, 0, 0, 0, 0, 0, '0', 1, 5, 17, 1, 15, 2, '', 124, 9, '54d84a71-e4a0-4d04-a2e4-0f28c0a80069', 8, '2015-02-09 11:02:13', '', '0000-00-00 00:00:00', 2, 500, 5, 0, 400, 75, '2015-02-09 11:02:13', 0, 'test cash', 'qwe345', ''),
(10, 0, 0, 0, 0, 0, 0, '0', 1, 5, 17, 1, 15, 2, '', 124, 9, '54d84bfe-65f4-4563-866f-0f28c0a80069', 8, '2015-02-09 11:02:13', '', '0000-00-00 00:00:00', 2, 500, 5, 0, 400, 75, '2015-02-09 11:02:13', 0, 'test cash', 'qwe345', ''),
(11, 0, 0, 0, 0, 0, 0, '0', 1, 5, 17, 1, 15, 2, '', 126, 9, '54d84d9e-16d4-4fea-95f7-0f28c0a80069', 8, '2015-02-09 11:02:45', '', '0000-00-00 00:00:00', 2, 500, 0, 0, 400, 100, '2015-02-28 11:02:45', 0, 'test cash', '1222222', ''),
(12, 0, 0, 0, 0, 0, 0, '0', 1, 5, 17, 1, 15, 2, '', 126, 9, '54d84e36-6ac4-41f2-b4bc-0f28c0a80069', 8, '2015-02-09 11:02:45', '', '0000-00-00 00:00:00', 2, 500, 0, 0, 400, 100, '2015-02-28 11:02:45', 0, 'test cash', '1222222', ''),
(13, 0, 0, 0, 0, 0, 0, '0', 1, 5, 17, 1, 15, 2, '', 126, 9, '54d84ea0-168c-4b85-b8d8-0f28c0a80069', 8, '2015-02-09 11:02:45', '', '0000-00-00 00:00:00', 2, 500, 0, 0, 400, 100, '2015-02-28 11:02:45', 0, 'test cash', '1222222', ''),
(14, 0, 0, 0, 0, 0, 0, '0', 1, 5, 19, 1, 22, 2, '', 26, 9, '54d88710-0efc-4d24-9ec8-0f28c0a80069', 8, '2015-02-09 04:02:29', '', '0000-00-00 00:00:00', 2, 990, 1, 0, 900, 80.1, '2015-02-25 04:02:29', 0, 'cash test2', '20122nn', ''),
(15, 19, 0, 1, 0, 0, 2, 'tt-121323', 1, 5, 16, 1, 15, 2, '', 231, 6, '54d88e15-f820-4047-bfc3-0f28f4f1b0b9', 7, '2015-02-09 03:02:47', '', '2015-02-09 03:02:47', 1, 999, 1, 989.01, 989.01, 0, '2015-02-09 03:02:47', 0, 'test', 'test-123', ''),
(16, 0, 0, 0, 0, 0, 0, '0', 1, 5, 18, 1, 22, 2, '', 123, 9, '54d8918c-e05c-4982-87db-0f28c0a80069', 8, '2015-02-09 04:02:59', '', '0000-00-00 00:00:00', 2, 237.5, 1, 0, 200, 35.125, '2015-02-25 04:02:59', 0, 'test cash3', 'abc111', ''),
(17, 0, 0, 0, 0, 0, 0, '0', 1, 5, 18, 1, 22, 2, '', 25, 9, '54d9914c-1554-469e-bade-0950c0a80067', 8, '2015-02-10 11:02:31', '', '0000-00-00 00:00:00', 2, 950, 0, 0, 900, 50, '2015-02-28 11:02:32', 0, 'cash test 10-02-2015', '11123', ''),
(18, 0, 0, 0, 0, 0, 0, '0', 1, 5, 18, 1, 15, 2, '', 112, 9, '54d99856-0444-44c8-bf26-0950f4f1b0b9', 8, '2015-02-17 11:02:07', '', '0000-00-00 00:00:00', 2, 54000, 0, 0, 54000, 0, '2015-02-10 11:02:08', 0, 'cash test', 'test-123', ''),
(19, 8, 93, 2, 1, 2, 0, '0', 1, 5, 19, 1, 15, 2, '', 122, 9, '54d9ae0d-c620-4e49-8643-0950c0a80067', 8, '2015-02-10 01:02:54', '', '2015-02-10 01:02:55', 1, 490, 0, 0, 400, 90, '2015-02-24 01:02:55', 0, 'cheque 10-02-2015', '55555bbb', ''),
(20, 0, 0, 0, 0, 0, 0, '0', 1, 5, 18, 1, 22, 2, '', 123, 9, '54db42f0-2bdc-4517-b2c9-0a2cc0a80069', 8, '2015-02-11 05:02:53', '', '0000-00-00 00:00:00', 2, 100, 0, 0, 400, 0, '0000-00-00 00:00:00', 0, 'test full payment.', 'k890', ''),
(21, 8, 93, 2, 1, 2, 0, '0', 1, 5, 17, 1, 22, 2, '0180053', 122, 9, '54e02eba-cc1c-440c-ac96-08bcc0a80067', 8, '2015-02-15 11:02:36', '', '2015-02-15 11:02:36', 1, 1188, 0, 0, 1188, 0, '0000-00-00 00:00:00', 0, 'test cheque 15-02-2015', '555999', ''),
(22, 0, 0, 0, 0, 0, 0, '0', 1, 5, 18, 1, 22, 2, '0', 124, 9, '54e03a0f-d5c4-4f68-81b9-08bcc0a80067', 8, '2015-02-15 12:02:46', '', '0000-00-00 00:00:00', 2, 2560, 0, 0, 2260, 300, '2015-02-28 12:02:46', 0, 'test cash', 't4567', ''),
(23, 0, 8, 0, 8, 0, 2, '0', 1, 5, 16, 1, 15, 2, '', 231, 6, '54e31d09-86b0-487b-86dd-0e60f4f1b0b9', 7, '2015-02-17 04:02:17', '', '0000-00-00 00:00:00', 2, 25000, 0, 25000, 0, 25000, '2015-02-17 04:02:16', 0, 'test', 'test-123', ''),
(24, 0, 8, 0, 8, 0, 2, '0', 1, 5, 24, 1, 15, 2, '', 213, 6, '54e31ddb-fe84-47da-a712-0e60f4f1b0b9', 7, '2015-02-17 04:02:33', '', '0000-00-00 00:00:00', 2, 5000, 0, 5000, 0, 5000, '2015-02-17 04:02:33', 0, 'test', 'hhh', ''),
(25, 0, 0, 0, 0, 0, 0, '0', 1, 5, 17, 1, 22, 2, '0', 121, 9, '54e47d1e-c978-4af2-a1d7-016cc0a80068', 8, '2015-02-18 05:02:27', '', '0000-00-00 00:00:00', 2, 6000, 0, 0, 6000, 0, '0000-00-00 00:00:00', 0, 'Cash test 18-02-2015', '555aaa', ''),
(26, 0, 0, 0, 0, 0, 0, '0', 1, 5, 17, 1, 22, 3, '0', 125, 9, '54e47d7f-fa3c-40cd-b39c-016cc0a80068', 8, '2015-02-18 05:02:33', '', '0000-00-00 00:00:00', 2, 4000, 0, 0, 2000, 2000, '2015-02-27 05:02:33', 0, 'cash test (due)', '567678', ''),
(27, 8, 93, 2, 1, 0, 2, '0', 1, 5, 24, 1, 25, 2, '', 223, 6, '54ead90b-dfbc-45bc-955c-0f24f4f1b0b9', 7, '2015-02-23 01:02:48', '', '2015-02-23 01:02:48', 1, 5000, 0, 5000, 5000, 0, '0000-00-00 00:00:00', 0, 'sales test', 'tet-1', ''),
(28, 1, 1, 3, 1, 0, 2, '0', 1, 5, 24, 1, 22, 2, '', 223, 6, '54eadd6e-b498-4cb1-9a9d-0f24f4f1b0b9', 7, '2015-02-23 01:02:31', '', '2015-02-23 01:02:31', 2, 2500, 0, 2500, 2500, 2500, '0000-00-00 00:00:00', 0, 'ttt', 'tet', ''),
(29, 0, 8, 0, 8, 0, 2, '0', 1, 5, 24, 1, 15, 2, '', 223, 6, '54eade0c-bfd0-43da-934e-0f24f4f1b0b9', 7, '2015-02-23 01:02:34', '', '0000-00-00 00:00:00', 2, 25000, 0, 25000, 0, 25000, '2015-02-23 01:02:34', 0, 'tt', 'ttttt', ''),
(30, 0, 8, 0, 8, 0, 2, '0', 1, 5, 24, 1, 15, 2, '', 223, 6, '54eadead-d050-486a-a77e-0f24f4f1b0b9', 7, '2015-02-23 01:02:34', '', '0000-00-00 00:00:00', 2, 25000, 0, 25000, 0, 25000, '2015-02-23 01:02:34', 0, 'tt', 'ttttt', ''),
(31, 0, 8, 0, 8, 0, 2, '0', 1, 5, 24, 1, 15, 2, '', 223, 6, '54eadf02-dc04-4554-92ed-0f24f4f1b0b9', 7, '2015-02-23 01:02:34', '', '0000-00-00 00:00:00', 2, 25000, 0, 25000, 0, 25000, '2015-02-23 01:02:34', 0, 'tt', 'ttttt', ''),
(32, 0, 8, 0, 8, 0, 2, '0', 1, 5, 24, 1, 15, 2, '', 223, 6, '54eadf18-ae6c-4253-ac65-0f24f4f1b0b9', 7, '2015-02-23 01:02:34', '', '0000-00-00 00:00:00', 2, 25000, 0, 25000, 0, 25000, '2015-02-23 01:02:34', 0, 'tt', 'ttttt', ''),
(33, 0, 8, 0, 8, 0, 2, '0', 1, 5, 24, 1, 15, 2, '', 223, 6, '54eadf53-1c78-4259-8259-0f24f4f1b0b9', 7, '2015-02-23 01:02:34', '', '0000-00-00 00:00:00', 2, 25000, 0, 25000, 0, 25000, '2015-02-23 01:02:34', 0, 'tt', 'ttttt', ''),
(34, 0, 0, 0, 0, 0, 0, '0', 1, 5, 18, 1, 22, 2, '0', 126, 9, '54ed9469-795c-4aa1-a66b-0564f4f1b0b9', 8, '2015-02-25 03:02:27', '', '0000-00-00 00:00:00', 2, 25000000, 0, 0, 0, 25000000, '2015-02-25 03:02:27', 0, 'test', 'test-123', ''),
(35, 0, 8, 0, 8, 0, 2, '0', 1, 5, 24, 1, 15, 2, '', 223, 6, '54ed9934-1e60-4cdb-8c0e-0564f4f1b0b9', 7, '2015-02-25 03:02:39', '', '0000-00-00 00:00:00', 2, 304237.28813559, 0, 304237.28813559, 0, 304237.28813559, '2015-02-25 03:02:39', 0, 'test', 'aaa', ''),
(36, 0, 0, 0, 0, 0, 0, '0', 1, 5, 17, 1, 25, 2, '0', 122, 9, '54ed99dc-c6b8-4c3c-9e43-0564f4f1b0b9', 8, '2015-02-25 03:02:08', '', '0000-00-00 00:00:00', 2, 500000, 0, 0, 250000, 250000, '2015-02-25 03:02:08', 0, 'test', 'dfgdfg', ''),
(37, 0, 0, 0, 0, 0, 0, '0', 1, 5, 17, 1, 25, 2, '0', 122, 9, '54ed9a24-11c0-4423-8cda-0564f4f1b0b9', 8, '2015-02-25 03:02:08', '', '0000-00-00 00:00:00', 2, 500000, 0, 0, 250000, 250000, '2015-02-25 03:02:08', 0, 'test', 'dfgdfg', ''),
(38, 0, 0, 0, 0, 0, 0, '0', 1, 5, 18, 1, 15, 2, '0', 125, 9, '54ed9ad4-8064-4930-9b2a-0564f4f1b0b9', 8, '2015-02-26 03:02:06', '', '0000-00-00 00:00:00', 2, 2500000, 0, 0, 0, 2500000, '2015-02-28 12:02:00', 0, 'test', 'test', ''),
(39, 0, 8, 0, 8, 0, 2, '0', 1, 5, 16, 1, 22, 2, '', 223, 6, '54f03e7d-e1b4-4529-9e68-0564f4f1b0b9', 7, '2015-02-27 03:02:00', '', '0000-00-00 00:00:00', 2, 30423.728813559, 0, 30423.728813559, 0, 30423.728813559, '2015-02-27 03:02:00', 0, 'test', 'yrtrt', ''),
(40, 0, 8, 0, 8, 0, 2, '0', 1, 5, 16, 1, 25, 2, '', 223, 6, '54f03f9d-fdec-4552-b5af-0564f4f1b0b9', 7, '2015-02-27 03:02:55', '', '0000-00-00 00:00:00', 2, 30423.728813559, 0, 30423.728813559, 0, 30423.728813559, '2015-02-27 03:02:55', 0, 'test', 'test', ''),
(41, 0, 8, 0, 8, 0, 2, '0', 1, 5, 16, 1, 15, 2, '', 223, 6, '54f0409d-7748-4335-ac2e-0564f4f1b0b9', 7, '2015-02-27 04:02:33', '', '0000-00-00 00:00:00', 2, 21296.6101694913, 0, 21296.6101694913, 20000, 1296.6101694913, '2015-02-27 04:02:33', 0, 'test', 'test test', ''),
(42, 0, 8, 0, 8, 0, 2, '0', 1, 5, 24, 1, 15, 2, '', 223, 6, '54f0414b-b810-4857-81a2-0564f4f1b0b9', 7, '2015-02-27 04:02:57', '', '0000-00-00 00:00:00', 2, 30423.728813559, 0, 30423.728813559, 0, 30423.728813559, '2015-02-28 12:02:00', 0, 'tste', 'rrrr', ''),
(43, 0, 8, 0, 8, 0, 2, '0', 1, 5, 16, 1, 22, 2, '', 223, 6, '54f041f0-a6f8-4036-ae90-0564f4f1b0b9', 7, '2015-02-27 04:02:56', '', '0000-00-00 00:00:00', 2, 60847.457627118, 0, 60847.457627118, 0, 60847.457627118, '2015-02-28 12:02:00', 0, 'test', 'fgdfgdf', ''),
(44, 0, 8, 0, 8, 0, 2, '0', 1, 5, 16, 1, 25, 2, '', 223, 6, '54f042f0-c944-428d-845b-0564f4f1b0b9', 7, '2015-02-27 04:02:47', '', '0000-00-00 00:00:00', 2, 500000, 0, 500000, 250000, 250000, '2015-02-27 04:02:47', 0, 'test', 'ghfgh', ''),
(45, 0, 8, 0, 8, 0, 2, '0', 1, 5, 24, 1, 25, 2, '', 223, 6, '54f0445c-bd28-4f7d-8445-0564f4f1b0b9', 7, '2015-02-27 04:02:44', '', '0000-00-00 00:00:00', 2, 1000000, 0, 1000000, 0, 1000000, '2015-02-27 04:02:44', 0, 'test', 'vbnvbnvb', ''),
(46, 0, 8, 0, 8, 0, 2, '0', 1, 5, 24, 1, 25, 2, '', 223, 6, '54f0464d-5c8c-47f9-a43e-0564f4f1b0b9', 7, '2015-02-27 04:02:36', '', '0000-00-00 00:00:00', 2, 250000, 0, 250000, 0, 250000, '2015-02-27 04:02:35', 0, 'test', 'tetet', ''),
(47, 0, 8, 0, 8, 0, 2, '0', 1, 5, 24, 1, 25, 2, '', 223, 6, '54f19858-6dac-4845-a5fa-0564f4f1b0b9', 7, '2015-02-28 04:02:58', '', '0000-00-00 00:00:00', 2, 125000, 0, 125000, 0, 125000, '2015-02-28 04:02:58', 0, 'sdsdg', 'gdfg', ''),
(48, 0, 8, 0, 8, 0, 2, '0', 1, 5, 16, 1, 22, 2, '', 223, 6, '54f19a20-b84c-49b1-bc0e-0564f4f1b0b9', 7, '2015-02-28 04:02:40', '', '0000-00-00 00:00:00', 2, 500000, 0, 500000, 0, 500000, '2015-02-28 04:02:40', 0, 'test', 'sdcvxcv', ''),
(49, 0, 0, 0, 0, 0, 0, '0', 1, 5, 17, 1, 22, 0, '0', 0, 9, '54f19ab5-3eb8-46d5-b1ae-0564f4f1b0b9', 8, '2015-02-28 04:02:40', '', '0000-00-00 00:00:00', 2, 5000000, 0, 0, 0, 5000000, '2015-02-28 04:02:40', 0, 'testse', 'vcbcvbcvb', '');

-- --------------------------------------------------------

--
-- Table structure for table `productbranches`
--

CREATE TABLE IF NOT EXISTS `productbranches` (
  `id` int(11) NOT NULL AUTO_INCREMENT,
  `productbranchuuid` varchar(255) NOT NULL,
  `company_id` int(11) NOT NULL,
  `branch_id` int(11) NOT NULL,
  `product_id` int(11) NOT NULL,
  `productbranchisactive` tinyint(3) NOT NULL,
  `productbranchinsertid` int(11) NOT NULL,
  `productbranchupdateid` int(11) NOT NULL,
  `productbranchdeleteid` int(11) NOT NULL,
  `productbranchinsertdate` datetime NOT NULL DEFAULT '0000-00-00 00:00:00',
  `productbranchupdatedate` datetime NOT NULL DEFAULT '0000-00-00 00:00:00',
  `productbranchdeletedate` datetime NOT NULL DEFAULT '0000-00-00 00:00:00',
  PRIMARY KEY (`id`)
) ENGINE=InnoDB  DEFAULT CHARSET=utf8 AUTO_INCREMENT=14 ;

--
-- Dumping data for table `productbranches`
--

INSERT INTO `productbranches` (`id`, `productbranchuuid`, `company_id`, `branch_id`, `product_id`, `productbranchisactive`, `productbranchinsertid`, `productbranchupdateid`, `productbranchdeleteid`, `productbranchinsertdate`, `productbranchupdatedate`, `productbranchdeletedate`) VALUES
(1, '54dc61d7-9364-4d57-8b30-0ce8c0a80066', 3, 5, 3, 1, 14, 1, 3, '2015-02-12 09:18:31', '2015-02-25 10:05:51', '2015-02-25 08:03:42'),
(2, '54ec0581-0058-4ddd-bce3-0eb8c0a80068', 3, 5, 9, 1, 14, 1, 0, '2015-02-24 06:00:49', '2015-02-26 08:26:02', '0000-00-00 00:00:00'),
(3, '54ec4680-a790-4bb7-a2bf-1040c0a80068', 3, 11, 3, 0, 3, 3, 0, '2015-02-24 10:38:08', '2015-02-25 10:06:11', '0000-00-00 00:00:00'),
(4, '54ed53c2-9928-47d4-8c8e-0afcc0a80068', 3, 7, 10, 0, 14, 3, 0, '2015-02-25 05:46:58', '2015-02-25 08:54:00', '0000-00-00 00:00:00'),
(5, '54ed57ea-36b4-4be3-b8a1-0afcc0a80068', 3, 12, 11, 1, 3, 0, 0, '2015-02-25 06:04:42', '0000-00-00 00:00:00', '0000-00-00 00:00:00'),
(10, '54ed8053-272c-4d49-b884-0564c0a80068', 3, 12, 8, 1, 3, 3, 0, '2015-02-25 08:57:07', '2015-02-25 08:58:38', '0000-00-00 00:00:00'),
(11, '54f04035-e580-492b-bcd6-0564c0a80068', 3, 12, 3, 1, 3, 0, 0, '2015-02-27 11:00:21', '0000-00-00 00:00:00', '0000-00-00 00:00:00'),
(12, '54f0419d-eee8-4838-b4df-0564c0a80068', 1, 8, 5, 1, 1, 1, 0, '2015-02-27 11:06:21', '2015-02-27 11:06:42', '0000-00-00 00:00:00'),
(13, '54f2f383-8dcc-43cd-894b-0fdcf4f1b0b9', 1, 5, 1, 1, 1, 1, 0, '2015-03-01 12:09:55', '2015-03-01 12:10:05', '0000-00-00 00:00:00');

-- --------------------------------------------------------

--
-- Table structure for table `productcategories`
--

CREATE TABLE IF NOT EXISTS `productcategories` (
  `id` int(11) NOT NULL AUTO_INCREMENT,
  `productcategoryuuid` char(36) NOT NULL,
  `company_id` int(11) NOT NULL,
  `branch_id` int(11) NOT NULL,
  `productcategoryname` varchar(255) NOT NULL,
  `productcategorynamebn` varchar(255) NOT NULL,
  `productcategoryisactive` tinyint(3) NOT NULL,
  `productcategoryinsertid` int(11) NOT NULL,
  `productcategoryupdateid` int(11) NOT NULL,
  `productcategorydeleteid` int(11) NOT NULL,
  `productcategoryinsertdate` datetime NOT NULL DEFAULT '0000-00-00 00:00:00',
  `productcategoryupdatedate` datetime NOT NULL DEFAULT '0000-00-00 00:00:00',
  `productcategorydeletedate` datetime NOT NULL DEFAULT '0000-00-00 00:00:00',
  PRIMARY KEY (`id`)
) ENGINE=InnoDB  DEFAULT CHARSET=utf8 AUTO_INCREMENT=14 ;

--
-- Dumping data for table `productcategories`
--

INSERT INTO `productcategories` (`id`, `productcategoryuuid`, `company_id`, `branch_id`, `productcategoryname`, `productcategorynamebn`, `productcategoryisactive`, `productcategoryinsertid`, `productcategoryupdateid`, `productcategorydeleteid`, `productcategoryinsertdate`, `productcategoryupdatedate`, `productcategorydeletedate`) VALUES
(1, '548ea5f3-3368-4803-bc25-0ec4a9baf6a0', 3, 5, 'BAG', 'à¦¥à¦²à¦¿', 1, 1, 3, 0, '2014-12-15 10:12:19', '2015-02-22 07:42:23', '0000-00-00 00:00:00'),
(2, '548eaf35-8d60-4b61-8ee5-0ec4a9baf6a0', 3, 5, 'RICE', 'à¦§à¦¾à¦¨ / à¦šà¦¾à¦²', 1, 1, 1, 0, '2014-12-15 10:51:49', '2015-01-27 12:26:08', '0000-00-00 00:00:00'),
(3, '548eb005-c20c-4c33-ad59-0ec4a9baf6a0', 3, 5, 'KHOIL', 'à¦–à§ˆà¦²', 1, 1, 1, 0, '2014-12-15 10:55:17', '2015-01-27 12:27:07', '0000-00-00 00:00:00'),
(4, '548eb0f4-d774-4460-8bd3-0ec4c0a80107', 3, 5, 'Vermicelli / SAMAI', 'à¦¸à§‡à¦®à¦¾à¦‡', 1, 1, 1, 1, '2014-12-15 10:59:16', '2015-01-27 12:28:39', '2014-12-15 11:12:27'),
(5, '54c77407-24c0-4a37-8705-04c4f4f1b0b9', 3, 5, 'WHEAT', 'à¦—à¦®', 1, 1, 0, 0, '2015-01-27 12:18:31', '0000-00-00 00:00:00', '0000-00-00 00:00:00'),
(6, '54c7743a-8b5c-4a32-914b-04c4f4f1b0b9', 3, 5, 'ATTA', 'à¦†à¦Ÿà¦¾', 1, 1, 0, 0, '2015-01-27 12:19:22', '0000-00-00 00:00:00', '0000-00-00 00:00:00'),
(7, '54c776b2-7c34-44ca-94af-04c4f4f1b0b9', 0, 0, 'FEED', 'à¦«à¦¿à¦¡', 1, 1, 0, 0, '2015-01-27 12:29:54', '0000-00-00 00:00:00', '0000-00-00 00:00:00'),
(8, '54c776da-a084-46dc-8f29-04c4f4f1b0b9', 0, 0, 'OIL', 'à¦¤à§ˆà¦²', 1, 1, 0, 0, '2015-01-27 12:30:34', '0000-00-00 00:00:00', '0000-00-00 00:00:00'),
(9, '54c77734-95b8-4c33-b432-04c4f4f1b0b9', 0, 0, 'CAKE', 'à¦œà¦®à¦¾à¦Ÿ à¦ªà¦¿à¦£à§à¦¡', 1, 1, 0, 0, '2015-01-27 12:32:04', '0000-00-00 00:00:00', '0000-00-00 00:00:00'),
(10, '54c7775a-e570-4990-8fd2-04c4f4f1b0b9', 0, 0, 'SUGAR', 'à¦šà¦¿à¦¨à¦¿', 1, 1, 0, 0, '2015-01-27 12:32:42', '0000-00-00 00:00:00', '0000-00-00 00:00:00'),
(11, '54d0929d-4650-4b1e-b7d2-0a24c0a80067', 0, 0, 'Flour', 'à¦®à§Ÿà¦¦à¦¾', 1, 1, 0, 0, '2015-02-03 10:19:25', '0000-00-00 00:00:00', '0000-00-00 00:00:00'),
(12, '54d70b49-f684-4e8b-9455-0810c0a80068', 1, 1, 'test', 'test', 0, 1, 1, 0, '2015-02-08 08:07:53', '2015-02-08 08:08:36', '0000-00-00 00:00:00'),
(13, '54d71ac9-f05c-4786-a0e2-0810c0a80068', 1, 1, 'test2', 'test2', 0, 1, 1, 0, '2015-02-08 09:14:01', '2015-02-08 09:14:23', '0000-00-00 00:00:00');

-- --------------------------------------------------------

--
-- Table structure for table `products`
--

CREATE TABLE IF NOT EXISTS `products` (
  `id` int(11) NOT NULL AUTO_INCREMENT,
  `productuuid` char(36) NOT NULL,
  `company_id` int(11) NOT NULL,
  `branch_id` int(11) NOT NULL,
  `productcategory_id` int(11) NOT NULL,
  `producttype_id` int(11) NOT NULL,
  `unit_id` int(11) NOT NULL,
  `productcode` varchar(100) NOT NULL,
  `productname` varchar(255) NOT NULL,
  `productnamebn` text NOT NULL,
  `productprice` double NOT NULL,
  `productdiscount` double NOT NULL,
  `productimage` varchar(100) NOT NULL,
  `productisactive` tinyint(3) NOT NULL,
  `productinsertid` int(11) NOT NULL,
  `productupdateid` int(11) NOT NULL,
  `productdeleteid` int(11) NOT NULL,
  `productinsertdate` datetime NOT NULL DEFAULT '0000-00-00 00:00:00',
  `productupdatedate` datetime NOT NULL DEFAULT '0000-00-00 00:00:00',
  `productdeletedate` datetime NOT NULL DEFAULT '0000-00-00 00:00:00',
  PRIMARY KEY (`id`)
) ENGINE=InnoDB  DEFAULT CHARSET=utf8 AUTO_INCREMENT=12 ;

--
-- Dumping data for table `products`
--

INSERT INTO `products` (`id`, `productuuid`, `company_id`, `branch_id`, `productcategory_id`, `producttype_id`, `unit_id`, `productcode`, `productname`, `productnamebn`, `productprice`, `productdiscount`, `productimage`, `productisactive`, `productinsertid`, `productupdateid`, `productdeleteid`, `productinsertdate`, `productupdatedate`, `productdeletedate`) VALUES
(1, '54d09de6-de30-4572-a062-0a24c0a80067', 3, 5, 11, 1, 4, 'F-1', 'Canadian Flour', 'à¦•à¦¾à¦¨à¦¾à¦¡à¦¿à§Ÿà¦¾à¦¨ à¦®à§Ÿà¦¦à¦¾', 5000, 2, '54d9b0e2-95b4-4480-bccb-0950c0a80067.jpg', 1, 3, 1, 0, '2015-02-03 11:07:34', '2015-02-17 07:58:52', '0000-00-00 00:00:00'),
(2, '54d09e1a-797c-4d84-bd12-0a24c0a80067', 3, 5, 5, 4, 1, 'F-2', 'Indian Flour', 'à¦‡à¦¨à§à¦¡à¦¿à§Ÿà¦¾à¦¨ à¦®à§Ÿà¦¦à¦¾', 400, 0, '54d9a236-c7a0-447c-a322-0950c0a80067.jpg', 1, 3, 1, 0, '2015-02-03 11:08:26', '2015-02-23 11:54:24', '0000-00-00 00:00:00'),
(3, '54dc61d5-ffb4-4ae7-8662-0ce8c0a80066', 3, 5, 2, 4, 1, 'R-10', 'Eri ', 'à¦‡à¦°à¦¿', 1600, 0, '54dc61d6-3f48-4713-bab1-0ce8c0a80066.jpg', 1, 14, 1, 0, '2015-02-12 09:18:29', '2015-02-17 07:58:20', '0000-00-00 00:00:00'),
(4, '54dc8a15-d6dc-4de1-8d96-0ce8c0a80066', 3, 5, 2, 4, 1, 'R-11', 'Boro', 'à¦¬à§‹à¦°à§‹', 1280, 0, '54dc8a97-e5bc-47b6-ad5e-0ce8c0a80066.jpg', 1, 3, 3, 0, '2015-02-12 12:10:13', '2015-02-12 12:12:23', '0000-00-00 00:00:00'),
(5, '54e1b3e7-f0cc-43f6-943b-0cfcc0a80065', 1, 1, 1, 1, 1, 'R-11', 'ss', 'ss', 0, 0, '', 0, 1, 1, 0, '2015-02-16 10:09:59', '2015-02-17 09:08:35', '0000-00-00 00:00:00'),
(6, '54e2f747-0fa4-4bff-99d2-0e60c0a80064', 1, 1, 1, 1, 1, 'F-2', 'Butta Khoil', 'à¦†à¦Ÿà¦¾', 0, 0, '', 0, 1, 0, 0, '2015-02-17 09:09:43', '0000-00-00 00:00:00', '0000-00-00 00:00:00'),
(7, '54eabb30-ef3c-420b-bbf6-0f24c0a80068', 3, 5, 2, 4, 1, '201245', 'Boro', 'à¦¬à§‹à¦°à§‹', 0, 0, '', 0, 3, 0, 0, '2015-02-23 06:31:28', '0000-00-00 00:00:00', '0000-00-00 00:00:00'),
(8, '54ec0447-88b4-4efc-933b-0eb8c0a80068', 3, 5, 3, 4, 1, 'p-009', 'Deshi Khoil', 'à¦¦à§‡à¦¶à¦¿ à¦–à§ˆà¦²', 0, 0, '54ec0447-e8b0-4ebb-bc78-0eb8c0a80068.jpg', 1, 3, 0, 0, '2015-02-24 05:55:35', '0000-00-00 00:00:00', '0000-00-00 00:00:00'),
(9, '54ec0581-305c-4170-a947-0eb8c0a80068', 3, 5, 3, 4, 1, 'p-010', 'Foreign Khoil', 'à¦¬à¦¿à¦¦à§‡à¦¶à§€ à¦–à§ˆà¦²', 0, 0, '54ec0581-d454-4aca-9d7c-0eb8c0a80068.jpg', 1, 14, 0, 0, '2015-02-24 06:00:49', '0000-00-00 00:00:00', '0000-00-00 00:00:00'),
(10, '54ed53c0-8ccc-4e48-828b-0afcc0a80068', 3, 5, 5, 4, 1, 'p-234', 'Red Wheat', 'à¦²à¦¾à¦² à¦—à¦®', 0, 0, '54ed53c0-8dd4-4d5c-b87e-0afcc0a80068.jpg', 1, 14, 0, 0, '2015-02-25 05:46:56', '0000-00-00 00:00:00', '0000-00-00 00:00:00'),
(11, '54ed54fa-9ca4-4693-a49a-0afcc0a80068', 3, 5, 5, 4, 1, 'p-898', 'White Wheat', ' à¦¸à¦¾à¦¦à¦¾ à¦—à¦®', 0, 0, '54ed54fa-2994-4465-bed1-0afcc0a80068.jpg', 1, 3, 0, 0, '2015-02-25 05:52:10', '0000-00-00 00:00:00', '0000-00-00 00:00:00');

-- --------------------------------------------------------

--
-- Table structure for table `producttypes`
--

CREATE TABLE IF NOT EXISTS `producttypes` (
  `id` int(11) NOT NULL AUTO_INCREMENT,
  `producttypeuuid` char(36) NOT NULL,
  `company_id` int(11) NOT NULL,
  `branch_id` int(11) NOT NULL,
  `producttypename` varchar(255) NOT NULL,
  `producttypenamebn` varchar(255) NOT NULL,
  `producttypeisactive` tinyint(3) NOT NULL,
  `producttypeinsertid` int(11) NOT NULL,
  `producttypeupdatetid` int(11) NOT NULL,
  `producttypedeleteid` int(11) NOT NULL,
  `producttypeinsertdate` datetime NOT NULL DEFAULT '0000-00-00 00:00:00',
  `producttypeupdatedate` datetime NOT NULL DEFAULT '0000-00-00 00:00:00',
  `producttypedeletedate` datetime NOT NULL DEFAULT '0000-00-00 00:00:00',
  PRIMARY KEY (`id`)
) ENGINE=InnoDB  DEFAULT CHARSET=utf8 AUTO_INCREMENT=5 ;

--
-- Dumping data for table `producttypes`
--

INSERT INTO `producttypes` (`id`, `producttypeuuid`, `company_id`, `branch_id`, `producttypename`, `producttypenamebn`, `producttypeisactive`, `producttypeinsertid`, `producttypeupdatetid`, `producttypedeleteid`, `producttypeinsertdate`, `producttypeupdatedate`, `producttypedeletedate`) VALUES
(1, '548e7e76-47d8-49e8-a1d2-0ec4a9baf6a0', 3, 0, 'Manufactured', 'à¦‰à¦¤à§à¦ªà¦¾à¦¦à¦¨ à¦•à¦°à¦¾', 1, 1, 1, 0, '2014-12-15 07:23:50', '2015-01-27 12:14:28', '0000-00-00 00:00:00'),
(2, '548e7ead-fb88-427a-bb03-0ec4a9baf6a0', 3, 0, 'Service', 'à¦¸à§‡à¦¬à¦¾', 1, 1, 1, 0, '2014-12-15 07:24:45', '2015-01-27 12:16:16', '0000-00-00 00:00:00'),
(4, '548e9485-5c00-4268-84d4-0ec4c0a80107', 3, 0, 'Purchased', 'à¦•à§à¦°à¦¯à¦¼', 1, 1, 1, 0, '2014-12-15 08:57:57', '2015-01-27 12:15:27', '0000-00-00 00:00:00');

-- --------------------------------------------------------

--
-- Table structure for table `questions`
--

CREATE TABLE IF NOT EXISTS `questions` (
  `id` int(11) NOT NULL AUTO_INCREMENT,
  `questionuuid` char(36) NOT NULL,
  `questionname` varchar(255) NOT NULL,
  `questionnamebn` varchar(255) NOT NULL,
  `group_id` int(11) NOT NULL DEFAULT '0',
  `questionisactive` tinyint(3) NOT NULL DEFAULT '0',
  `questioninsertid` int(11) DEFAULT '0',
  `questionupdateid` int(11) DEFAULT '0',
  `questiondeleteid` int(11) DEFAULT '0',
  `questioninsertdate` datetime DEFAULT '0000-00-00 00:00:00',
  `questionupdatedate` datetime DEFAULT '0000-00-00 00:00:00',
  `questiondeletedate` datetime DEFAULT '0000-00-00 00:00:00',
  PRIMARY KEY (`id`)
) ENGINE=InnoDB  DEFAULT CHARSET=utf8 AUTO_INCREMENT=14 ;

--
-- Dumping data for table `questions`
--

INSERT INTO `questions` (`id`, `questionuuid`, `questionname`, `questionnamebn`, `group_id`, `questionisactive`, `questioninsertid`, `questionupdateid`, `questiondeleteid`, `questioninsertdate`, `questionupdatedate`, `questiondeletedate`) VALUES
(1, '551253f9-bf88-4238-837c-107cf4f1b0b9', 'test 1', 'à¦¤à§‡à¦¸à§à¦¤ à§§à§§', 10, 1, 1, 1, 0, '2015-03-25 12:21:45', '2015-03-25 13:01:51', '0000-00-00 00:00:00'),
(2, '55125be7-89a8-45d8-9535-107cf4f1b0b9', 'test 2', 'à¦¤à§‡à¦¸à§à¦¤ à§¨', 10, 1, 1, 1, 0, '2015-03-25 12:55:35', '2015-03-25 13:01:30', '0000-00-00 00:00:00'),
(3, '55125cbb-bf38-47ae-bd3c-107cf4f1b0b9', 'test 4', 'à¦¤à§‡à¦¸à§à¦¤ à§ª', 10, 0, 1, 1, 0, '2015-03-25 12:59:07', '2015-03-25 13:01:07', '0000-00-00 00:00:00'),
(4, '5517e12f-d83c-47a0-9928-0c28c0a8006d', 'à¦¶à¦¿à¦•à§à¦·à¦•à§‡à¦° à¦¤à¦¥à§à¦¯à¦—à§à¦²à§‹ à¦ à¦¿à¦• à¦†à¦›à§‡ à¦•à¦¿à¦¨à¦¾', 'à¦¶à¦¿à¦•à§à¦·à¦•à§‡à¦° à¦¤à¦¥à§à¦¯à¦—à§à¦²à§‹ à¦ à¦¿à¦• à¦†à¦›à§‡ à¦•à¦¿à¦¨à¦¾', 8, 1, 1, 0, 0, '2015-03-29 17:25:35', '0000-00-00 00:00:00', '0000-00-00 00:00:00'),
(5, '5517e150-02dc-40be-b09e-0c28c0a8006d', 'à¦ªà§à¦°à¦¤à¦¿à¦¨à¦¿à¦§à¦¿à¦—à¦£ à¦¸à¦¾à¦•à§à¦·à¦¾à§Ž à¦•à¦°à§‡à¦›à¦¿à¦²à§‡à¦¨ à¦•à¦¿à¦¨à¦¾', 'à¦ªà§à¦°à¦¤à¦¿à¦¨à¦¿à¦§à¦¿à¦—à¦£ à¦¸à¦¾à¦•à§à¦·à¦¾à§Ž à¦•à¦°à§‡à¦›à¦¿à¦²à§‡à¦¨ à¦•à¦¿à¦¨à¦¾', 8, 1, 1, 0, 0, '2015-03-29 17:26:08', '0000-00-00 00:00:00', '0000-00-00 00:00:00'),
(6, '5517e164-b038-4248-b507-0c28c0a8006d', 'à¦¸à§Œà¦œà¦¨à§à¦¯ à¦•à¦ªà¦¿ à¦ªà§‡à§Ÿà§‡à¦›à§‡à¦¨ à¦•à¦¿à¦¨à¦¾', 'à¦¸à§Œà¦œà¦¨à§à¦¯ à¦•à¦ªà¦¿ à¦ªà§‡à§Ÿà§‡à¦›à§‡à¦¨ à¦•à¦¿à¦¨à¦¾', 8, 1, 1, 0, 0, '2015-03-29 17:26:28', '0000-00-00 00:00:00', '0000-00-00 00:00:00'),
(7, '5517e17d-045c-405e-9b00-0c28c0a8006d', 'à¦¬à¦‡ à¦¸à§à¦•à§à¦²à§‡ à¦ªà¦¾à¦ à§à¦¯ à¦¹à¦¬à§‡ à¦•à¦¿à¦¨à¦¾ à¦¯à¦¦à¦¿ à¦¨à¦¾ à¦¹à§Ÿ à¦¤à¦¾à¦¹à¦²à§‡ à¦•à§‹à¦¨ à¦¬à¦‡ à¦ªà¦¾à¦ à§à¦¯ à¦¹à¦¬à§‡', 'à¦¬à¦‡ à¦¸à§à¦•à§à¦²à§‡ à¦ªà¦¾à¦ à§à¦¯ à¦¹à¦¬à§‡ à¦•à¦¿à¦¨à¦¾ à¦¯à¦¦à¦¿ à¦¨à¦¾ à¦¹à§Ÿ à¦¤à¦¾à¦¹à¦²à§‡ à¦•à§‹à¦¨ à¦¬à¦‡ à¦ªà¦¾à¦ à§à¦¯ à¦¹à¦¬à§‡', 8, 1, 1, 0, 0, '2015-03-29 17:26:53', '0000-00-00 00:00:00', '0000-00-00 00:00:00'),
(8, '5517e192-864c-4527-bef8-0c28c0a8006d', 'à¦•à§‹à¦¨à§‹ à¦…à¦­à¦¿à¦¯à§‹à¦— à¦†à¦›à§‡ à¦•à¦¿à¦¨à¦¾ à¦¥à¦¾à¦•à¦²à§‡ à¦¸à¦‚à¦¶à§à¦²à¦¿à¦·à§à¦Ÿ à¦¡à¦¿à¦ªà¦¾à¦°à§à¦Ÿà¦®à§‡à¦¨à§à¦Ÿà§‡ à¦¸à§‡à¦Ÿà¦¾ à¦ªà§à¦°à§‡à¦°à¦£    à¦•à¦°à¦¾  à¦¹à§Ÿ', 'à¦•à§‹à¦¨à§‹ à¦…à¦­à¦¿à¦¯à§‹à¦— à¦†à¦›à§‡ à¦•à¦¿à¦¨à¦¾ à¦¥à¦¾à¦•à¦²à§‡ à¦¸à¦‚à¦¶à§à¦²à¦¿à¦·à§à¦Ÿ à¦¡à¦¿à¦ªà¦¾à¦°à§à¦Ÿà¦®à§‡à¦¨à§à¦Ÿà§‡ à¦¸à§‡à¦Ÿà¦¾ à¦ªà§à¦°à§‡à¦°à¦£    à¦•à¦°à¦¾  à¦¹à§Ÿ', 8, 1, 1, 0, 0, '2015-03-29 17:27:14', '0000-00-00 00:00:00', '0000-00-00 00:00:00'),
(9, '5517e1b0-4424-4f43-8cdd-0c28c0a8006d', 'à¦›à¦¾à¦¤à§à¦°/à¦›à¦¾à¦¤à§à¦°à§€à¦°  à¦¤à¦¥à§à¦¯à¦—à§à¦²à§‹ à¦ à¦¿à¦• à¦†à¦›à§‡ à¦•à¦¿à¦¨à¦¾ à¦¸à§‡ à¦¸à¦®à§à¦ªà¦°à§à¦•à§‡ à¦…à¦¬à¦—à¦¤ à¦¹à¦“à§Ÿà¦¾', 'à¦›à¦¾à¦¤à§à¦°/à¦›à¦¾à¦¤à§à¦°à§€à¦°  à¦¤à¦¥à§à¦¯à¦—à§à¦²à§‹ à¦ à¦¿à¦• à¦†à¦›à§‡ à¦•à¦¿à¦¨à¦¾ à¦¸à§‡ à¦¸à¦®à§à¦ªà¦°à§à¦•à§‡ à¦…à¦¬à¦—à¦¤ à¦¹à¦“à§Ÿà¦¾', 9, 1, 1, 0, 0, '2015-03-29 17:27:44', '0000-00-00 00:00:00', '0000-00-00 00:00:00'),
(10, '5517e1cd-b410-44cc-b72d-0c28c0a8006d', 'à¦ªà§à¦°à¦¤à¦¿à¦¨à¦¿à¦§à¦¿à¦—à¦£ à¦¸à¦¾à¦•à§à¦·à¦¾à§Ž à¦•à¦°à§‡à¦›à¦¿à¦²à§‡à¦¨ à¦•à¦¿à¦¨à¦¾', 'à¦ªà§à¦°à¦¤à¦¿à¦¨à¦¿à¦§à¦¿à¦—à¦£ à¦¸à¦¾à¦•à§à¦·à¦¾à§Ž à¦•à¦°à§‡à¦›à¦¿à¦²à§‡à¦¨ à¦•à¦¿à¦¨à¦¾', 9, 1, 1, 0, 0, '2015-03-29 17:28:13', '0000-00-00 00:00:00', '0000-00-00 00:00:00'),
(11, '5517e1e0-535c-4b07-9201-0c28c0a8006d', 'à¦¸à§Œà¦œà¦¨à§à¦¯ à¦•à¦ªà¦¿ à¦ªà§‡à§Ÿà§‡à¦›à§‡à¦¨ à¦•à¦¿à¦¨à¦¾', 'à¦¸à§Œà¦œà¦¨à§à¦¯ à¦•à¦ªà¦¿ à¦ªà§‡à§Ÿà§‡à¦›à§‡à¦¨ à¦•à¦¿à¦¨à¦¾', 9, 1, 1, 0, 0, '2015-03-29 17:28:32', '0000-00-00 00:00:00', '0000-00-00 00:00:00'),
(12, '5517e1f0-fd90-4202-977c-0c28c0a8006d', 'à¦•à§‹à¦¨à§‹ à¦…à¦­à¦¿à¦¯à§‹à¦— à¦†à¦›à§‡ à¦•à¦¿à¦¨à¦¾ à¦¥à¦¾à¦•à¦²à§‡ à¦¸à¦‚à¦¶à§à¦²à¦¿à¦·à§à¦Ÿ à¦¡à¦¿à¦ªà¦¾à¦°à§à¦Ÿà¦®à§‡à¦¨à§à¦Ÿà§‡ à¦¸à§‡à¦Ÿà¦¾ à¦ªà§à¦°à§‡à¦°à¦£ à¦•à¦°à¦¾ à¦¹à¦¬à§‡', 'à¦•à§‹à¦¨à§‹ à¦…à¦­à¦¿à¦¯à§‹à¦— à¦†à¦›à§‡ à¦•à¦¿à¦¨à¦¾ à¦¥à¦¾à¦•à¦²à§‡ à¦¸à¦‚à¦¶à§à¦²à¦¿à¦·à§à¦Ÿ à¦¡à¦¿à¦ªà¦¾à¦°à§à¦Ÿà¦®à§‡à¦¨à§à¦Ÿà§‡ à¦¸à§‡à¦Ÿà¦¾ à¦ªà§à¦°à§‡à¦°à¦£ à¦•à¦°à¦¾ à¦¹à¦¬à§‡', 9, 1, 1, 0, 0, '2015-03-29 17:28:48', '0000-00-00 00:00:00', '0000-00-00 00:00:00'),
(13, '5517e202-eb64-46b5-a88e-0c28c0a8006d', 'à¦¬à¦‡ à¦¸à¦®à§à¦ªà¦°à§à¦•à§‡ à¦®à¦¤à¦¾à¦®à¦¤/à¦®à¦¨à§à¦¤à¦¬à§à¦¯', 'à¦¬à¦‡ à¦¸à¦®à§à¦ªà¦°à§à¦•à§‡ à¦®à¦¤à¦¾à¦®à¦¤/à¦®à¦¨à§à¦¤à¦¬à§à¦¯', 9, 1, 1, 1, 0, '2015-03-29 17:29:06', '2015-03-29 17:29:13', '0000-00-00 00:00:00');

-- --------------------------------------------------------

--
-- Table structure for table `ratings`
--

CREATE TABLE IF NOT EXISTS `ratings` (
  `id` int(11) NOT NULL AUTO_INCREMENT,
  `ratinguuid` char(36) NOT NULL,
  `user_id` int(11) NOT NULL DEFAULT '0',
  `ratingvalue` int(11) NOT NULL DEFAULT '0',
  `ratingisactive` tinyint(3) NOT NULL DEFAULT '0',
  `ratinginsertid` int(11) DEFAULT '0',
  `ratingupdateid` int(11) DEFAULT '0',
  `ratingdeleteid` int(11) DEFAULT '0',
  `ratinginsertdate` datetime DEFAULT '0000-00-00 00:00:00',
  `ratingupdatedate` datetime DEFAULT '0000-00-00 00:00:00',
  `ratingdeletedate` datetime DEFAULT '0000-00-00 00:00:00',
  PRIMARY KEY (`id`)
) ENGINE=InnoDB DEFAULT CHARSET=utf8 AUTO_INCREMENT=1 ;

-- --------------------------------------------------------

--
-- Table structure for table `stocklocations`
--

CREATE TABLE IF NOT EXISTS `stocklocations` (
  `id` int(11) NOT NULL AUTO_INCREMENT,
  `stocklocationuuid` char(36) NOT NULL,
  `stocklocationname` varchar(255) NOT NULL,
  `stocklocationnamebn` text NOT NULL,
  `stocklocationaddress` text NOT NULL,
  `stocklocationisactive` tinyint(3) NOT NULL,
  `stocklocationinsertid` int(11) NOT NULL,
  `stocklocationupdateid` int(11) NOT NULL,
  `stocklocationdeleteid` int(11) NOT NULL,
  `stocklocationinsertdate` datetime NOT NULL DEFAULT '0000-00-00 00:00:00',
  `stocklocationupdatedate` datetime NOT NULL DEFAULT '0000-00-00 00:00:00',
  `stocklocationdeletedate` datetime NOT NULL DEFAULT '0000-00-00 00:00:00',
  PRIMARY KEY (`id`)
) ENGINE=InnoDB  DEFAULT CHARSET=utf8 AUTO_INCREMENT=3 ;

--
-- Dumping data for table `stocklocations`
--

INSERT INTO `stocklocations` (`id`, `stocklocationuuid`, `stocklocationname`, `stocklocationnamebn`, `stocklocationaddress`, `stocklocationisactive`, `stocklocationinsertid`, `stocklocationupdateid`, `stocklocationdeleteid`, `stocklocationinsertdate`, `stocklocationupdatedate`, `stocklocationdeletedate`) VALUES
(1, '54a0e9e7-ccac-4a07-a090-0f8ca9baf6a0', 'Badda', 'à¦¬à¦¾à¦¡à§à¦¡à¦¾', 'Dhaka 1212', 1, 1, 1, 0, '2014-12-29 06:43:03', '2014-12-29 06:43:50', '0000-00-00 00:00:00'),
(2, '54a0eea4-1f94-4808-865a-0f8ca9baf6a0', 'Gulshan', 'à¦—à§à¦²à¦¶à¦¾à¦¨', 'Dhaka', 2, 1, 1, 1, '2014-12-29 07:03:16', '2014-12-29 07:03:45', '2014-12-29 07:16:35');

-- --------------------------------------------------------

--
-- Table structure for table `stockmoves`
--

CREATE TABLE IF NOT EXISTS `stockmoves` (
  `id` int(11) NOT NULL AUTO_INCREMENT,
  `branch_id` int(11) NOT NULL DEFAULT '0',
  `client_id` int(11) NOT NULL DEFAULT '0',
  `price` double NOT NULL,
  `quantity` int(11) NOT NULL,
  `date` datetime NOT NULL DEFAULT '0000-00-00 00:00:00',
  `discount` double NOT NULL,
  `coa_id` int(11) NOT NULL,
  `visible` tinyint(1) NOT NULL DEFAULT '1',
  PRIMARY KEY (`id`)
) ENGINE=InnoDB DEFAULT CHARSET=utf8 AUTO_INCREMENT=1 ;

-- --------------------------------------------------------

--
-- Table structure for table `transactiontypes`
--

CREATE TABLE IF NOT EXISTS `transactiontypes` (
  `id` int(11) NOT NULL AUTO_INCREMENT,
  `transactiontypeuuid` varchar(255) DEFAULT NULL,
  `transactiontypename` text,
  `transactiontypenamebn` text,
  `transactiontypeisactive` tinyint(1) DEFAULT '0',
  `transactiontypeinsertid` int(11) DEFAULT '0',
  `transactiontypeupdateid` int(11) DEFAULT '0',
  `transactiontypedeleteid` int(11) DEFAULT '0',
  `transactiontypeinsertdate` datetime DEFAULT '0000-00-00 00:00:00',
  `transactiontypeupdatedate` datetime DEFAULT '0000-00-00 00:00:00',
  `transactiontypedeletedate` datetime DEFAULT '0000-00-00 00:00:00',
  PRIMARY KEY (`id`)
) ENGINE=InnoDB  DEFAULT CHARSET=utf8 AUTO_INCREMENT=10 ;

--
-- Dumping data for table `transactiontypes`
--

INSERT INTO `transactiontypes` (`id`, `transactiontypeuuid`, `transactiontypename`, `transactiontypenamebn`, `transactiontypeisactive`, `transactiontypeinsertid`, `transactiontypeupdateid`, `transactiontypedeleteid`, `transactiontypeinsertdate`, `transactiontypeupdatedate`, `transactiontypedeletedate`) VALUES
(1, '54b504b4-30d8-497a-93b7-0a10f4f1b0b9', 'ST_JOURNAL', 'ST_JOURNAL', 1, 1, 1, 0, '2015-01-13 12:42:44', '2015-01-13 12:54:32', '0000-00-00 00:00:00'),
(2, '54b7945f-9708-49c3-b765-139cf4f1b0b9', 'ST_BANKDEPOSIT', 'ST_BANKDEPOSIT', 1, 1, 0, 0, '2015-01-15 11:20:15', '0000-00-00 00:00:00', '0000-00-00 00:00:00'),
(3, '54b79490-afac-435e-aff6-139cf4f1b0b9', 'ST_BANKPAYMENT', 'ST_BANKPAYMENT', 1, 1, 0, 0, '2015-01-15 11:21:04', '0000-00-00 00:00:00', '0000-00-00 00:00:00'),
(4, '54b7a4e8-d8a0-4ea3-aba3-139cf4f1b0b9', 'ST_CASHPAYMENT', 'ST_CASHPAYMENT', 1, 1, 0, 0, '2015-01-15 12:30:48', '0000-00-00 00:00:00', '0000-00-00 00:00:00'),
(5, '54b7a509-1e0c-417a-9ffe-139cf4f1b0b9', 'ST_CASHDEPOSIT', 'ST_CASHDEPOSIT', 1, 1, 1, 0, '2015-01-15 12:31:21', '2015-01-15 12:42:43', '0000-00-00 00:00:00'),
(6, '54b7a926-4594-4400-b138-139cf4f1b0b9', 'ST_CUSTOMERCREDIT', 'ST_CUSTOMERCREDIT', 1, 1, 0, 0, '2015-01-15 12:48:54', '0000-00-00 00:00:00', '0000-00-00 00:00:00'),
(7, '54bb57a4-cf14-40f5-a1ce-0ba8a9baf6a0', 'ST_SALESORDER', 'ST_SALESORDER', 1, 1, 0, 0, '2015-01-18 07:50:12', '0000-00-00 00:00:00', '0000-00-00 00:00:00'),
(8, '54bddf57-94e4-4583-966d-0b9ca9baf6a0', 'ST_PURCHASEORDER', 'ST_PURCHASEORDER', 1, 1, 0, 0, '2015-01-20 05:53:43', '0000-00-00 00:00:00', '0000-00-00 00:00:00'),
(9, '54cdeab5-1450-4bf0-9ef8-0e48f4f1b0b9', 'ST_MANURECEIVE', 'ST_MANURECEIVE', 1, 1, 0, 0, '2015-02-01 09:58:29', '0000-00-00 00:00:00', '0000-00-00 00:00:00');

-- --------------------------------------------------------

--
-- Table structure for table `units`
--

CREATE TABLE IF NOT EXISTS `units` (
  `id` int(11) NOT NULL AUTO_INCREMENT,
  `unituuid` char(36) NOT NULL,
  `company_id` int(11) NOT NULL,
  `branch_id` int(11) NOT NULL,
  `unitname` varchar(255) NOT NULL,
  `unitnamebn` varchar(255) NOT NULL,
  `unittype_id` int(11) NOT NULL,
  `unitsymbol` varchar(50) NOT NULL,
  `unitsymbolbn` varchar(50) NOT NULL,
  `unitmon` double DEFAULT NULL,
  `unitkilogram` double DEFAULT NULL,
  `unitgram` double NOT NULL,
  `unitisactive` tinyint(3) NOT NULL,
  `unitinsertid` int(11) NOT NULL,
  `unitupdateid` int(11) NOT NULL,
  `unitdeletetid` int(11) NOT NULL,
  `unitinsertdate` datetime NOT NULL DEFAULT '0000-00-00 00:00:00',
  `unitupdatedate` datetime NOT NULL DEFAULT '0000-00-00 00:00:00',
  `unitdeletedate` datetime NOT NULL DEFAULT '0000-00-00 00:00:00',
  PRIMARY KEY (`id`)
) ENGINE=InnoDB  DEFAULT CHARSET=utf8 AUTO_INCREMENT=7 ;

--
-- Dumping data for table `units`
--

INSERT INTO `units` (`id`, `unituuid`, `company_id`, `branch_id`, `unitname`, `unitnamebn`, `unittype_id`, `unitsymbol`, `unitsymbolbn`, `unitmon`, `unitkilogram`, `unitgram`, `unitisactive`, `unitinsertid`, `unitupdateid`, `unitdeletetid`, `unitinsertdate`, `unitupdatedate`, `unitdeletedate`) VALUES
(1, '549f8f5a-dcfc-43da-8dda-0d48a9baf6a0', 3, 0, 'Mon', 'Mon bn', 1, 'm', 'm bn', 1, 37.5, 37500, 1, 1, 1, 0, '2014-12-28 06:04:26', '2015-02-12 12:51:28', '0000-00-00 00:00:00'),
(2, '54c33e35-09cc-418d-b43b-0e18c0a80105', 3, 0, 'KG', 'KG BN', 1, 'k', 'k', 0.027, 1, 1000, 1, 1, 1, 0, '2015-01-24 07:39:49', '2015-01-28 08:28:49', '0000-00-00 00:00:00'),
(3, '54c33ea3-f88c-472a-a9da-0e18a9baf6a0', 3, 0, 'Gram', 'à¦—à§à¦°à¦¾à¦®', 1, 'g', 'g', 0.0000267, 0.001, 1, 1, 1, 1, 0, '2015-01-24 07:41:39', '2015-01-28 08:34:00', '0000-00-00 00:00:00'),
(4, '54c6108b-3968-486a-a23c-0f20f4f1b0b9', 3, 0, '50kg beg', '50kg beg', 1, 'kg', 'kg', 1.34, 50, 50000, 1, 1, 0, 0, '2015-01-26 11:01:47', '0000-00-00 00:00:00', '0000-00-00 00:00:00'),
(5, '54c875ac-34a8-4aba-9f8d-0f8cf4f1b0b9', 1, 0, '74 kg bag', '74 kg bag', 1, 'kg', 'kg', 1.97, 74, 74000, 1, 1, 1, 0, '2015-01-28 06:37:48', '2015-01-28 06:38:17', '0000-00-00 00:00:00'),
(6, '54dc944f-0d9c-4059-a7d4-0ce8c0a80066', 1, 1, 'test', 'test', 2, 't', 't', 1, 2, 3, 2, 1, 1, 1, '2015-02-12 12:53:51', '2015-02-12 12:54:11', '2015-02-12 12:54:24');

-- --------------------------------------------------------

--
-- Table structure for table `unittypes`
--

CREATE TABLE IF NOT EXISTS `unittypes` (
  `id` int(11) NOT NULL AUTO_INCREMENT,
  `unittypeuuid` char(36) NOT NULL,
  `unittypename` varchar(255) NOT NULL,
  `unittypenamebn` varchar(255) NOT NULL,
  `unittypeisactive` tinyint(3) NOT NULL,
  `unittypeinsertid` int(11) NOT NULL,
  `unittypeupdateid` int(11) NOT NULL,
  `unittypedeleteid` int(11) NOT NULL,
  `unittypeinsertdate` datetime NOT NULL DEFAULT '0000-00-00 00:00:00',
  `unittypeupdatedate` datetime NOT NULL DEFAULT '0000-00-00 00:00:00',
  `unittypedeletedate` datetime NOT NULL DEFAULT '0000-00-00 00:00:00',
  PRIMARY KEY (`id`)
) ENGINE=InnoDB  DEFAULT CHARSET=utf8 AUTO_INCREMENT=3 ;

--
-- Dumping data for table `unittypes`
--

INSERT INTO `unittypes` (`id`, `unittypeuuid`, `unittypename`, `unittypenamebn`, `unittypeisactive`, `unittypeinsertid`, `unittypeupdateid`, `unittypedeleteid`, `unittypeinsertdate`, `unittypeupdatedate`, `unittypedeletedate`) VALUES
(1, '549f9727-8100-4883-bfdc-0d48c0a80105', 'Weight', 'Weight Bn', 1, 1, 0, 0, '2014-12-28 06:37:43', '0000-00-00 00:00:00', '0000-00-00 00:00:00'),
(2, '549f973b-c004-451f-a47c-0d48a9baf6a0', 'Area', 'Area bn', 1, 1, 1, 0, '2014-12-28 06:38:03', '2015-01-27 12:40:53', '0000-00-00 00:00:00');

-- --------------------------------------------------------

--
-- Table structure for table `usergroups`
--

CREATE TABLE IF NOT EXISTS `usergroups` (
  `id` int(11) NOT NULL AUTO_INCREMENT,
  `usergroupuuid` varchar(255) NOT NULL,
  `company_id` int(11) NOT NULL,
  `branch_id` int(11) NOT NULL,
  `group_id` int(11) NOT NULL,
  `user_id` int(11) NOT NULL,
  `usergroupisactive` tinyint(3) NOT NULL,
  `usergroupinsertid` int(11) NOT NULL,
  `usergroupupdateid` int(11) NOT NULL,
  `usergroupdeleteid` int(11) NOT NULL,
  `usergroupinsertdate` datetime NOT NULL DEFAULT '0000-00-00 00:00:00',
  `usergroupupdatedate` datetime NOT NULL DEFAULT '0000-00-00 00:00:00',
  `usergroupdeletedate` datetime NOT NULL DEFAULT '0000-00-00 00:00:00',
  PRIMARY KEY (`id`)
) ENGINE=InnoDB  DEFAULT CHARSET=utf8 AUTO_INCREMENT=14 ;

--
-- Dumping data for table `usergroups`
--

INSERT INTO `usergroups` (`id`, `usergroupuuid`, `company_id`, `branch_id`, `group_id`, `user_id`, `usergroupisactive`, `usergroupinsertid`, `usergroupupdateid`, `usergroupdeleteid`, `usergroupinsertdate`, `usergroupupdatedate`, `usergroupdeletedate`) VALUES
(1, '54eee294-63b8-4ebb-9290-0d0cc0a80067', 3, 5, 4, 14, 0, 1, 3, 3, '2015-02-26 10:08:36', '2015-03-04 07:20:20', '2015-02-26 10:53:08'),
(2, '54eee316-7410-4c65-b8d3-0d0cc0a80067', 2, 2, 4, 13, 1, 1, 0, 0, '2015-02-26 10:10:46', '0000-00-00 00:00:00', '0000-00-00 00:00:00'),
(3, '54eee5ed-3334-4504-850f-0d0cc0a80067', 3, 5, 3, 14, 0, 1, 0, 0, '2015-02-26 10:22:53', '0000-00-00 00:00:00', '0000-00-00 00:00:00'),
(4, '54eefdfd-a188-4a52-a814-0d0cc0a80067', 2, 3, 3, 21, 1, 1, 1, 0, '2015-02-26 12:05:33', '2015-02-26 12:12:45', '0000-00-00 00:00:00'),
(5, '54f301cb-cd1c-4994-9dc0-0fdcc0a80068', 3, 5, 7, 14, 1, 1, 0, 0, '2015-03-01 13:10:51', '0000-00-00 00:00:00', '0000-00-00 00:00:00'),
(6, '54f5884e-4590-4be2-b413-0c88c0a8006c', 3, 7, 5, 25, 1, 3, 0, 0, '2015-03-03 11:09:18', '0000-00-00 00:00:00', '0000-00-00 00:00:00'),
(7, '54f58bae-44b8-48a3-9326-0c88c0a8006c', 3, 5, 7, 18, 1, 3, 0, 0, '2015-03-03 11:23:42', '0000-00-00 00:00:00', '0000-00-00 00:00:00'),
(8, '54f591e4-df6c-4d45-bb05-0c88c0a8006c', 3, 5, 7, 26, 1, 3, 0, 0, '2015-03-03 11:50:12', '0000-00-00 00:00:00', '0000-00-00 00:00:00'),
(9, '54f6a43e-971c-42be-b942-0d4cc0a80069', 3, 5, 4, 24, 1, 3, 0, 0, '2015-03-04 07:20:46', '0000-00-00 00:00:00', '0000-00-00 00:00:00'),
(10, '54f6b6a0-937c-4fa4-8505-0d4cf4f1b0b9', 1, 1, 4, 16, 1, 1, 0, 0, '2015-03-04 08:39:12', '0000-00-00 00:00:00', '0000-00-00 00:00:00'),
(11, '54f6b855-7470-47b1-9a91-0d4cf4f1b0b9', 1, 1, 1, 1, 1, 1, 0, 0, '2015-03-04 08:46:29', '0000-00-00 00:00:00', '0000-00-00 00:00:00'),
(12, '54f6b88b-b1f0-4168-9414-0d4cf4f1b0b9', 2, 3, 2, 2, 1, 1, 0, 0, '2015-03-04 08:47:23', '0000-00-00 00:00:00', '0000-00-00 00:00:00'),
(13, '54f6b8b3-e990-4010-95f2-0d4cf4f1b0b9', 3, 5, 2, 3, 1, 1, 0, 0, '2015-03-04 08:48:03', '0000-00-00 00:00:00', '0000-00-00 00:00:00');

-- --------------------------------------------------------

--
-- Table structure for table `usernarrations`
--

CREATE TABLE IF NOT EXISTS `usernarrations` (
  `id` int(11) NOT NULL AUTO_INCREMENT,
  `user_id` int(11) NOT NULL,
  `userbeforename` varchar(50) NOT NULL,
  `userbeforenamebn` varchar(50) NOT NULL,
  `useraftername` varchar(50) NOT NULL,
  `userafternamebn` varchar(50) NOT NULL,
  `usernarration` text NOT NULL,
  `userupdatedate` datetime NOT NULL DEFAULT '0000-00-00 00:00:00',
  PRIMARY KEY (`id`)
) ENGINE=InnoDB DEFAULT CHARSET=utf8 AUTO_INCREMENT=1 ;

-- --------------------------------------------------------

--
-- Table structure for table `users`
--

CREATE TABLE IF NOT EXISTS `users` (
  `id` int(11) NOT NULL AUTO_INCREMENT,
  `useruuid` char(36) NOT NULL,
  `company_id` int(11) NOT NULL,
  `branch_id` int(11) NOT NULL,
  `username` varchar(50) NOT NULL,
  `userpassword` varchar(50) NOT NULL,
  `userfirstname` varchar(50) NOT NULL,
  `usermiddlename` varchar(50) NOT NULL,
  `userlastname` varchar(50) NOT NULL,
  `userpermanentaddress` text NOT NULL,
  `userpresentaddress` text NOT NULL,
  `usertelephone` text NOT NULL,
  `useremailaddress` varchar(255) NOT NULL,
  `userisactive` tinyint(3) NOT NULL,
  `group_id` int(11) NOT NULL,
  `salespersonid` int(11) NOT NULL DEFAULT '0',
  `usercreditlimit` double NOT NULL DEFAULT '0',
  `userinsertid` int(11) NOT NULL,
  `userupdateid` int(11) NOT NULL,
  `userdeleteid` int(11) NOT NULL,
  `userinsertdate` datetime NOT NULL DEFAULT '0000-00-00 00:00:00',
  `userupdatedate` datetime NOT NULL DEFAULT '0000-00-00 00:00:00',
  `userdeletedate` datetime NOT NULL DEFAULT '0000-00-00 00:00:00',
  PRIMARY KEY (`id`)
) ENGINE=InnoDB  DEFAULT CHARSET=utf8 AUTO_INCREMENT=28 ;

--
-- Dumping data for table `users`
--

INSERT INTO `users` (`id`, `useruuid`, `company_id`, `branch_id`, `username`, `userpassword`, `userfirstname`, `usermiddlename`, `userlastname`, `userpermanentaddress`, `userpresentaddress`, `usertelephone`, `useremailaddress`, `userisactive`, `group_id`, `salespersonid`, `usercreditlimit`, `userinsertid`, `userupdateid`, `userdeleteid`, `userinsertdate`, `userupdatedate`, `userdeletedate`) VALUES
(1, '5486a123-c940-47ca-934b-0978c0a80108', 1, 1, 'superadmin', 'e10adc3949ba59abbe56e057f20f883e', 'Abdul', '', 'Aziz', 'Badda, Dhaka', 'Badda, Dhaka', '0124534455', 'aziz@sntbd.com', 1, 1, 0, 10000, 0, 1, 1, '2014-12-09 08:13:39', '2015-02-07 06:26:46', '2015-01-11 05:48:14'),
(2, '5486a23f-db0c-4cca-a68f-0978c0a80108', 2, 3, 'headoffice', 'e10adc3949ba59abbe56e057f20f883e', 'Abu', '', 'Sadiq', 'Dhaka', 'Dhaka', '02145', 'sadiq@gmail.com', 1, 2, 0, 0, 0, 1, 0, '2014-12-09 08:18:23', '2014-12-27 05:11:07', '0000-00-00 00:00:00'),
(3, '5486d76e-9df4-4fba-b5ae-0978a9baf6a0', 3, 5, 'nipaadmin', 'e10adc3949ba59abbe56e057f20f883e', 'Md', 'Masudur', 'Rahman', 'Badda, Dhaka', 'Badda, Dhaka', '012145', 'ayman@gmail.com', 1, 2, 0, 0, 0, 1, 0, '2014-12-09 12:05:18', '2014-12-30 09:17:11', '0000-00-00 00:00:00'),
(4, '5486d918-b20c-4861-9e92-0978a9baf6a0', 1, 1, 'innotechadmin', 'e10adc3949ba59abbe56e057f20f883e', 'Mahmud ', 'Al', 'Hasan', 'Rajshahi', 'Dhaka', '02145', 'mahmud@gmail.com', 1, 2, 0, 0, 0, 1, 0, '2014-12-09 12:12:24', '2014-12-27 05:18:53', '0000-00-00 00:00:00'),
(12, '548bf671-e578-428b-a065-0fb8a9baf6a0', 1, 1, 'innotechmanager', 'e10adc3949ba59abbe56e057f20f883e', 'Abu', '', 'Sadiq', 'Dhaka', 'Dhak', '0124574', 'sadiq@yahoo.com', 1, 3, 0, 0, 0, 1, 0, '2014-12-13 09:18:57', '2015-01-11 05:48:59', '0000-00-00 00:00:00'),
(13, '5499339b-8fc0-43f7-aaec-0868a9baf6a0', 2, 2, 'hassanbookmanager', 'e10adc3949ba59abbe56e057f20f883e', 'Md', '', 'Hasan', 'Dhaka', 'Dhaka', '01245', 'hasan@gmail.com', 1, 3, 0, 0, 1, 1, 0, '2014-12-23 10:19:23', '2014-12-27 05:28:31', '0000-00-00 00:00:00'),
(14, '549e35f5-7c48-4478-b79e-0fe8c0a80104', 3, 5, 'nipamanager', 'e10adc3949ba59abbe56e057f20f883e', 'Rakib', '', 'Hasan', 'Cox''s Bazar', 'Cox''s Bazar', '0124578', 'rakib@gmail.com', 1, 3, 0, 0, 1, 0, 0, '2014-12-27 05:30:45', '0000-00-00 00:00:00', '0000-00-00 00:00:00'),
(15, '54ab7b7e-f55c-4f2c-9797-0e84f4f1b0b9', 1, 1, 'zillur', 'e10adc3949ba59abbe56e057f20f883e', 'Zillur', 'Zillur', 'Zillur', 'Zillur', 'Zillur', '12345678901', 'zillur@sntbd.com', 1, 5, 0, 0, 1, 0, 0, '2015-01-06 07:06:54', '0000-00-00 00:00:00', '0000-00-00 00:00:00'),
(16, '54b3abe1-79b0-4aa5-b70a-0c1ca9baf6a0', 1, 1, 'amin', 'e10adc3949ba59abbe56e057f20f883e', 'Md', 'Amin', 'Ahmed', 'Dhaka', 'Dhaka', '21554', 'amin@sntbd.com', 1, 4, 15, 0, 1, 1, 0, '2015-01-12 12:11:29', '2015-01-12 12:11:38', '0000-00-00 00:00:00'),
(17, '54bced0a-f030-4271-aab6-08d4a9baf6a0', 1, 1, 'faruk', 'e10adc3949ba59abbe56e057f20f883e', 'Faruk', '', 'Ahmed', 'Badda, Dhaka', 'Kaptanbazar, Dhaka', '021245', 'faruk@sntbd.com', 1, 7, 0, 0, 1, 1, 0, '2015-01-19 12:39:54', '2015-01-19 12:40:02', '0000-00-00 00:00:00'),
(18, '54c350ec-5dac-4520-b025-0e18f4f1b0b9', 3, 5, 'nipasuppliers', 'e10adc3949ba59abbe56e057f20f883e', 'qqqq', 'wwww', 'eeee', 'asdasd sdasd', 'sadasdas dasd ', '1234567890', 'test@test.com', 1, 7, 22, 0, 3, 1, 0, '2015-01-24 08:59:40', '2015-02-18 05:46:37', '0000-00-00 00:00:00'),
(21, '54d5ec67-65a4-412b-8a5b-0c58c0a80065', 2, 3, 'muktar', 'e10adc3949ba59abbe56e057f20f883e', 'Md', 'Muktar', 'Hossain', 'Dhaka', 'Dhaka', '021254474', 'muktar@sntbd.com', 1, 3, 0, 0, 1, 0, 0, '2015-02-07 11:43:51', '0000-00-00 00:00:00', '0000-00-00 00:00:00'),
(22, '54d85f2f-6884-404f-b57f-0f28c0a80069', 3, 5, 'abdur', 'e10adc3949ba59abbe56e057f20f883e', 'Abdur', '', 'Rahman', 'd', 'd', '0213545', 'abdurrahman@gmail.com', 1, 5, 0, 0, 1, 1, 0, '2015-02-09 08:18:07', '2015-02-09 08:22:21', '0000-00-00 00:00:00'),
(23, '54d9d0da-b234-42e8-b815-0950c0a80067', 4, 8, 'sntadmin', 'e10adc3949ba59abbe56e057f20f883e', 'SNT', '', 'Ltd', 'Shantinagar, Dhaka', 'Shantinagar, Dhaka', '021548', 'superadmin@sntbd.com', 1, 2, 0, 0, 1, 0, 0, '2015-02-10 10:35:22', '0000-00-00 00:00:00', '0000-00-00 00:00:00'),
(24, '54e087a3-b024-4d15-9835-09ccc0a8006a', 3, 5, 'akkas', 'e10adc3949ba59abbe56e057f20f883e', 'Akkas', '', 'Ahmed', 'Rajshahi', 'Rajshahi', '012452548', 'akkas@sntbd.com', 1, 4, 22, 0, 3, 3, 0, '2015-02-15 12:48:51', '2015-02-15 12:51:50', '0000-00-00 00:00:00'),
(25, '54e088db-37e4-4ae3-a7f2-09ccc0a8006a', 3, 7, 'aminul', 'e10adc3949ba59abbe56e057f20f883e', 'Aminul', '', 'Islam', 'Badda', 'Badda', '01854522477', 'aminul@sntbd.com', 0, 5, 0, 0, 3, 3, 0, '2015-02-15 12:54:03', '2015-02-15 12:55:32', '0000-00-00 00:00:00'),
(26, '54f58f98-6110-468d-9f89-0c88c0a8006c', 3, 5, 'mominul', 'e10adc3949ba59abbe56e057f20f883e', 'Mominul', '', 'Haque', 'Dhaka', 'Dhaka', '021254', 'mominul@gmail.com', 1, 7, 25, 0, 3, 0, 0, '2015-03-03 11:40:24', '0000-00-00 00:00:00', '0000-00-00 00:00:00'),
(27, '54f7e739-181c-41fa-9cf9-42e967153a0f', 2, 3, 'mehdihasan', 'b5574dfafb904b4b7aa9e9b1dc75ca34', 'Mehdi ', 'Hasan ', 'Khan ', '105 Nagor Sabuj Chaya (C-5) Rayerbazer \r\nDhanmondi Dhaka-1209', '105 Nagor Sabuj Chaya (C-5) Rayerbazer \r\nDhanmondi Dhaka-1209', '01985553690', 'engg.shaon.khan@gmail.com', 1, 2, 0, 0, 2, 0, 0, '2015-03-05 05:18:49', '0000-00-00 00:00:00', '0000-00-00 00:00:00');

-- --------------------------------------------------------

--
-- Table structure for table `usertransactions`
--

CREATE TABLE IF NOT EXISTS `usertransactions` (
  `id` int(11) NOT NULL AUTO_INCREMENT,
  `usertransactionuuid` varchar(255) NOT NULL DEFAULT '0',
  `transaction_id` int(11) NOT NULL DEFAULT '0',
  `transactiontype_id` int(11) NOT NULL DEFAULT '0',
  `transactiondate` datetime NOT NULL DEFAULT '0000-00-00 00:00:00',
  `transactionamount` double NOT NULL DEFAULT '0',
  `company_id` int(11) NOT NULL DEFAULT '0',
  `branch_id` int(11) NOT NULL DEFAULT '0',
  `coa_id` int(11) NOT NULL DEFAULT '0',
  `user_id` int(11) NOT NULL DEFAULT '0',
  `group_id` int(11) NOT NULL DEFAULT '0',
  `usertransactionisactive` tinyint(1) NOT NULL DEFAULT '0',
  `usertransactionstep` tinyint(2) NOT NULL DEFAULT '0',
  `usertransactioninsertid` int(11) NOT NULL DEFAULT '0',
  `usertransactionupdateid` int(11) NOT NULL DEFAULT '0',
  `usertransactiondeleteid` int(11) NOT NULL DEFAULT '0',
  `usertransactioninsertdate` datetime NOT NULL DEFAULT '0000-00-00 00:00:00',
  `usertransactionupdatedate` datetime NOT NULL DEFAULT '0000-00-00 00:00:00',
  `usertransactiondeletedate` datetime NOT NULL DEFAULT '0000-00-00 00:00:00',
  PRIMARY KEY (`id`)
) ENGINE=InnoDB  DEFAULT CHARSET=utf8 AUTO_INCREMENT=100 ;

--
-- Dumping data for table `usertransactions`
--

INSERT INTO `usertransactions` (`id`, `usertransactionuuid`, `transaction_id`, `transactiontype_id`, `transactiondate`, `transactionamount`, `company_id`, `branch_id`, `coa_id`, `user_id`, `group_id`, `usertransactionisactive`, `usertransactionstep`, `usertransactioninsertid`, `usertransactionupdateid`, `usertransactiondeleteid`, `usertransactioninsertdate`, `usertransactionupdatedate`, `usertransactiondeletedate`) VALUES
(1, '54d0a029-6b3c-4a41-bdb6-0a24c0a80067', 1, 2, '2015-02-03 04:02:08', -10000, 3, 5, 5, 3, 2, 1, 0, 3, 0, 0, '2015-02-03 11:17:13', '0000-00-00 00:00:00', '0000-00-00 00:00:00'),
(2, '54d3360b-1008-4f4e-81e3-0c5cf4f1b0b9', 1, 8, '2015-02-05 10:21:15', 451250, 1, 1, 5, 19, 1, 1, 1, 1, 0, 0, '2015-02-05 10:21:15', '0000-00-00 00:00:00', '0000-00-00 00:00:00'),
(3, '54d3360b-a87c-4809-8848-0c5cf4f1b0b9', 1, 8, '2015-02-05 10:21:15', -450000, 1, 1, 5, 19, 1, 1, 2, 1, 0, 0, '2015-02-05 10:21:15', '0000-00-00 00:00:00', '0000-00-00 00:00:00'),
(4, '54d345d5-0f58-47f3-a062-0c5cf4f1b0b9', 2, 8, '2015-02-05 11:28:37', 24500, 1, 1, 5, 18, 1, 1, 1, 1, 0, 0, '2015-02-05 11:28:37', '0000-00-00 00:00:00', '0000-00-00 00:00:00'),
(5, '54d345d6-9d14-4e1f-bfaa-0c5cf4f1b0b9', 2, 8, '2015-02-05 11:28:37', -12250, 1, 1, 5, 18, 1, 1, 2, 1, 0, 0, '2015-02-05 11:28:38', '0000-00-00 00:00:00', '0000-00-00 00:00:00'),
(6, '54d35866-4530-4e09-b945-0c5cf4f1b0b9', 3, 8, '2015-02-05 12:47:50', 4900, 1, 1, 5, 18, 1, 1, 1, 1, 0, 0, '2015-02-05 12:47:50', '0000-00-00 00:00:00', '0000-00-00 00:00:00'),
(7, '54d35866-702c-41cc-917a-0c5cf4f1b0b9', 3, 8, '2015-02-05 12:47:50', -4900, 1, 1, 5, 18, 1, 1, 2, 1, 0, 0, '2015-02-05 12:47:50', '0000-00-00 00:00:00', '0000-00-00 00:00:00'),
(8, '54d35875-e1b4-4742-ac9a-0c5cf4f1b0b9', 4, 8, '2015-02-05 12:48:05', 4900, 1, 1, 5, 18, 1, 1, 1, 1, 0, 0, '2015-02-05 12:48:05', '0000-00-00 00:00:00', '0000-00-00 00:00:00'),
(9, '54d35875-6818-4b40-850f-0c5cf4f1b0b9', 4, 8, '2015-02-05 12:48:05', -4900, 1, 1, 5, 18, 1, 1, 2, 1, 0, 0, '2015-02-05 12:48:05', '0000-00-00 00:00:00', '0000-00-00 00:00:00'),
(10, '54d5a3a1-7294-4318-b403-0c58c0a80065', 5, 8, '2015-02-07 06:33:21', 98.01, 1, 1, 5, 17, 1, 1, 1, 1, 0, 0, '2015-02-07 06:33:21', '0000-00-00 00:00:00', '0000-00-00 00:00:00'),
(11, '54d5a3a2-30bc-432c-9b7e-0c58c0a80065', 5, 8, '2015-02-07 06:33:21', -90, 1, 1, 5, 17, 1, 1, 2, 1, 0, 0, '2015-02-07 06:33:22', '0000-00-00 00:00:00', '0000-00-00 00:00:00'),
(12, '54d5b858-a7fc-40a8-8fde-0c58c0a80065', 6, 8, '2015-02-07 08:01:44', 950, 1, 1, 5, 17, 1, 1, 1, 1, 0, 0, '2015-02-07 08:01:44', '0000-00-00 00:00:00', '0000-00-00 00:00:00'),
(13, '54d5b859-2d70-4332-85bc-0c58c0a80065', 6, 8, '2015-02-07 08:01:44', -900, 1, 1, 5, 17, 1, 1, 2, 1, 0, 0, '2015-02-07 08:01:45', '0000-00-00 00:00:00', '0000-00-00 00:00:00'),
(14, '54d5b8b4-6800-4e9a-99d7-0c58c0a80065', 7, 8, '2015-02-07 08:03:16', 902.5, 1, 1, 5, 17, 1, 1, 1, 1, 0, 0, '2015-02-07 08:03:16', '0000-00-00 00:00:00', '0000-00-00 00:00:00'),
(15, '54d5b8b4-5c40-489d-92bb-0c58c0a80065', 7, 8, '2015-02-07 08:03:16', -900, 1, 1, 5, 17, 1, 1, 2, 1, 0, 0, '2015-02-07 08:03:16', '0000-00-00 00:00:00', '0000-00-00 00:00:00'),
(16, '54d5d334-d288-4a5e-a0ed-0c58c0a80065', 8, 8, '2015-02-07 09:56:20', 812.25, 1, 1, 5, 17, 1, 1, 1, 1, 0, 0, '2015-02-07 09:56:20', '0000-00-00 00:00:00', '0000-00-00 00:00:00'),
(17, '54d5d334-3af4-4c59-8a6f-0c58c0a80065', 8, 8, '2015-02-07 09:56:20', -800, 1, 1, 5, 17, 1, 1, 2, 1, 0, 0, '2015-02-07 09:56:20', '0000-00-00 00:00:00', '0000-00-00 00:00:00'),
(18, '54d84ea3-c588-48fa-a8ce-0f28c0a80069', 13, 8, '2015-02-09 07:07:31', 500, 1, 1, 5, 17, 1, 1, 1, 1, 0, 0, '2015-02-09 07:07:31', '0000-00-00 00:00:00', '0000-00-00 00:00:00'),
(19, '54d84ea3-0714-432b-b125-0f28c0a80069', 13, 8, '2015-02-09 07:07:31', -400, 1, 1, 5, 17, 1, 1, 2, 1, 0, 0, '2015-02-09 07:07:31', '0000-00-00 00:00:00', '0000-00-00 00:00:00'),
(20, '54d88712-51e8-499f-a5b5-0f28c0a80069', 14, 8, '2015-02-09 11:08:18', 980.1, 1, 1, 5, 19, 1, 1, 1, 1, 0, 0, '2015-02-09 11:08:18', '0000-00-00 00:00:00', '0000-00-00 00:00:00'),
(21, '54d88712-2974-4c9b-87a8-0f28c0a80069', 14, 8, '2015-02-09 11:08:18', -900, 1, 1, 5, 19, 1, 1, 2, 1, 0, 0, '2015-02-09 11:08:18', '0000-00-00 00:00:00', '0000-00-00 00:00:00'),
(22, '54d88e15-e1bc-4efd-9622-0f28f4f1b0b9', 15, 7, '2015-02-09 03:02:47', -989.01, 1, 1, 3, 16, 4, 1, 1, 1, 0, 0, '2015-02-09 11:38:13', '0000-00-00 00:00:00', '0000-00-00 00:00:00'),
(23, '54d88e15-5bfc-4f45-a0a6-0f28f4f1b0b9', 15, 7, '2015-02-09 03:02:47', 989.01, 1, 1, 3, 16, 4, 1, 2, 1, 0, 0, '2015-02-09 11:38:13', '0000-00-00 00:00:00', '0000-00-00 00:00:00'),
(24, '54d8918d-1bc4-4718-a708-0f28c0a80069', 16, 8, '2015-02-09 11:53:01', 235.125, 1, 1, 5, 18, 1, 1, 1, 1, 0, 0, '2015-02-09 11:53:01', '0000-00-00 00:00:00', '0000-00-00 00:00:00'),
(25, '54d8918d-df98-4249-8334-0f28c0a80069', 16, 8, '2015-02-09 11:53:01', -200, 1, 1, 5, 18, 1, 1, 2, 1, 0, 0, '2015-02-09 11:53:01', '0000-00-00 00:00:00', '0000-00-00 00:00:00'),
(26, '54d9914d-683c-4610-a399-0950c0a80067', 17, 8, '2015-02-10 06:04:13', 950, 1, 1, 5, 18, 1, 1, 1, 1, 0, 0, '2015-02-10 06:04:13', '0000-00-00 00:00:00', '0000-00-00 00:00:00'),
(27, '54d9914d-3e84-4008-befc-0950c0a80067', 17, 8, '2015-02-10 06:04:13', -900, 1, 1, 5, 18, 1, 1, 2, 1, 0, 0, '2015-02-10 06:04:13', '0000-00-00 00:00:00', '0000-00-00 00:00:00'),
(28, '54d99857-2034-4044-917f-0950f4f1b0b9', 18, 8, '2015-02-10 06:34:15', 54000, 1, 1, 5, 18, 1, 1, 1, 1, 0, 0, '2015-02-10 06:34:15', '0000-00-00 00:00:00', '0000-00-00 00:00:00'),
(29, '54d99857-3bf8-48d5-b249-0950f4f1b0b9', 18, 8, '2015-02-10 06:34:15', -54000, 1, 1, 5, 18, 1, 1, 2, 1, 0, 0, '2015-02-10 06:34:15', '0000-00-00 00:00:00', '0000-00-00 00:00:00'),
(30, '54d9ae0f-c510-407b-95c5-0950c0a80067', 19, 8, '2015-02-10 08:06:55', 490, 1, 1, 5, 19, 1, 1, 1, 1, 0, 0, '2015-02-10 08:06:55', '0000-00-00 00:00:00', '0000-00-00 00:00:00'),
(31, '54d9ae0f-04e0-4061-a941-0950c0a80067', 19, 8, '2015-02-10 08:06:55', -400, 1, 1, 5, 19, 1, 1, 2, 1, 0, 0, '2015-02-10 08:06:55', '0000-00-00 00:00:00', '0000-00-00 00:00:00'),
(32, '54db38cc-f1a4-42cb-90ae-0a2cc0a80069', 22, 2, '2015-02-11 05:02:20', -10000, 1, 1, 5, 0, 999, 1, 0, 1, 0, 0, '2015-02-11 12:11:08', '0000-00-00 00:00:00', '0000-00-00 00:00:00'),
(33, '54db42f0-b320-4018-903e-0a2cc0a80069', 20, 8, '2015-02-11 12:54:24', 400, 1, 1, 5, 18, 1, 1, 1, 1, 0, 0, '2015-02-11 12:54:24', '0000-00-00 00:00:00', '0000-00-00 00:00:00'),
(34, '54db42f0-577c-4152-bc6b-0a2cc0a80069', 20, 8, '2015-02-11 12:54:24', -400, 1, 1, 5, 18, 1, 1, 2, 1, 0, 0, '2015-02-11 12:54:24', '0000-00-00 00:00:00', '0000-00-00 00:00:00'),
(35, '54e02ebb-2e28-4ea6-abdd-08bcc0a80067', 21, 8, '2015-02-15 06:29:31', 1188, 1, 1, 5, 17, 1, 1, 1, 1, 0, 0, '2015-02-15 06:29:31', '0000-00-00 00:00:00', '0000-00-00 00:00:00'),
(36, '54e02ebb-d1e4-4d94-a836-08bcc0a80067', 21, 8, '2015-02-15 06:29:31', -1188, 1, 1, 5, 17, 1, 1, 2, 1, 0, 0, '2015-02-15 06:29:31', '0000-00-00 00:00:00', '0000-00-00 00:00:00'),
(37, '54e03a10-8948-4d38-807a-08bcc0a80067', 22, 8, '2015-02-15 07:17:52', 2560, 1, 1, 5, 18, 1, 1, 1, 1, 0, 0, '2015-02-15 07:17:52', '0000-00-00 00:00:00', '0000-00-00 00:00:00'),
(38, '54e03a10-df40-4097-b05c-08bcc0a80067', 22, 8, '2015-02-15 07:17:52', -2260, 1, 1, 5, 18, 1, 1, 2, 1, 0, 0, '2015-02-15 07:17:52', '0000-00-00 00:00:00', '0000-00-00 00:00:00'),
(39, '54e19035-bc20-43ea-affe-0cfcf4f1b0b9', 71, 2, '2015-02-16 12:02:53', -100000, 1, 1, 5, 0, 999, 1, 0, 1, 0, 0, '2015-02-16 07:37:41', '0000-00-00 00:00:00', '0000-00-00 00:00:00'),
(40, '54e1c0aa-9a50-44aa-9045-0cfcf4f1b0b9', 14, 5, '2015-02-16 03:02:58', -200000, 1, 1, 3, 16, 4, 1, 0, 1, 1, 0, '2015-02-16 11:04:26', '2015-02-16 11:48:43', '0000-00-00 00:00:00'),
(41, '54e31d0a-2cb8-4794-8958-0e60f4f1b0b9', 23, 7, '2015-02-17 04:02:17', -25000, 1, 1, 3, 16, 4, 1, 1, 1, 0, 0, '2015-02-17 11:50:50', '0000-00-00 00:00:00', '0000-00-00 00:00:00'),
(42, '54e31d0a-344c-46e8-a996-0e60f4f1b0b9', 23, 7, '2015-02-17 04:02:17', 0, 1, 1, 3, 16, 4, 1, 2, 1, 0, 0, '2015-02-17 11:50:50', '0000-00-00 00:00:00', '0000-00-00 00:00:00'),
(43, '54e31ddb-b82c-4b8a-8c8c-0e60f4f1b0b9', 24, 7, '2015-02-17 04:02:33', -5000, 1, 1, 3, 24, 4, 1, 1, 1, 0, 0, '2015-02-17 11:54:19', '0000-00-00 00:00:00', '0000-00-00 00:00:00'),
(44, '54e31ddb-75b0-46c6-9d44-0e60f4f1b0b9', 24, 7, '2015-02-17 04:02:33', 0, 1, 1, 3, 24, 4, 1, 2, 1, 0, 0, '2015-02-17 11:54:19', '0000-00-00 00:00:00', '0000-00-00 00:00:00'),
(45, '54e47d1e-a85c-45f3-a4b5-016cc0a80068', 25, 8, '2015-02-18 12:53:02', 6000, 1, 1, 5, 17, 1, 1, 1, 1, 0, 0, '2015-02-18 12:53:02', '0000-00-00 00:00:00', '0000-00-00 00:00:00'),
(46, '54e47d1e-8a1c-4a05-ae9a-016cc0a80068', 25, 8, '2015-02-18 12:53:02', -6000, 1, 1, 5, 17, 1, 1, 2, 1, 0, 0, '2015-02-18 12:53:02', '0000-00-00 00:00:00', '0000-00-00 00:00:00'),
(47, '54e47d7f-8d7c-4690-b4bd-016cc0a80068', 26, 8, '2015-02-18 12:54:39', 4000, 1, 1, 5, 17, 1, 1, 1, 1, 0, 0, '2015-02-18 12:54:39', '0000-00-00 00:00:00', '0000-00-00 00:00:00'),
(48, '54e47d7f-6fa0-4c20-bb6d-016cc0a80068', 26, 8, '2015-02-18 12:54:39', -2000, 1, 1, 5, 17, 1, 1, 2, 1, 0, 0, '2015-02-18 12:54:39', '0000-00-00 00:00:00', '0000-00-00 00:00:00'),
(49, '54e9b943-8dac-4f2a-bc02-0d74f4f1b0b9', 72, 2, '2014-02-01 05:02:17', -100000, 1, 1, 3, 16, 4, 1, 0, 1, 0, 0, '2015-02-22 12:10:59', '0000-00-00 00:00:00', '0000-00-00 00:00:00'),
(50, '54ead90c-6140-4616-9fd8-0f24f4f1b0b9', 27, 7, '2015-02-23 01:02:48', -5000, 1, 1, 3, 24, 4, 1, 1, 1, 0, 0, '2015-02-23 08:38:52', '0000-00-00 00:00:00', '0000-00-00 00:00:00'),
(51, '54ead90c-4adc-4fa9-86db-0f24f4f1b0b9', 27, 7, '2015-02-23 01:02:48', 5000, 1, 1, 3, 24, 4, 1, 2, 1, 0, 0, '2015-02-23 08:38:52', '0000-00-00 00:00:00', '0000-00-00 00:00:00'),
(52, '54eadd6e-1fdc-4a16-90e0-0f24f4f1b0b9', 28, 7, '2015-02-23 01:02:31', -2500, 1, 1, 3, 24, 4, 1, 1, 1, 0, 0, '2015-02-23 08:57:34', '0000-00-00 00:00:00', '0000-00-00 00:00:00'),
(53, '54eadd6f-e4b8-4ae3-93da-0f24f4f1b0b9', 28, 7, '2015-02-23 01:02:31', 2500, 1, 1, 3, 24, 4, 1, 2, 1, 0, 0, '2015-02-23 08:57:35', '0000-00-00 00:00:00', '0000-00-00 00:00:00'),
(54, '54eade0c-8368-42e3-a6e1-0f24f4f1b0b9', 29, 7, '2015-02-23 01:02:34', -25000, 1, 1, 3, 24, 4, 1, 1, 1, 0, 0, '2015-02-23 09:00:12', '0000-00-00 00:00:00', '0000-00-00 00:00:00'),
(55, '54eade0d-006c-421d-823b-0f24f4f1b0b9', 29, 7, '2015-02-23 01:02:34', 0, 1, 1, 3, 24, 4, 1, 2, 1, 0, 0, '2015-02-23 09:00:13', '0000-00-00 00:00:00', '0000-00-00 00:00:00'),
(56, '54eadeae-8b68-4469-90b8-0f24f4f1b0b9', 30, 7, '2015-02-23 01:02:34', -25000, 1, 1, 3, 24, 4, 1, 1, 1, 0, 0, '2015-02-23 09:02:54', '0000-00-00 00:00:00', '0000-00-00 00:00:00'),
(57, '54eadeae-873c-432c-94e9-0f24f4f1b0b9', 30, 7, '2015-02-23 01:02:34', 0, 1, 1, 3, 24, 4, 1, 2, 1, 0, 0, '2015-02-23 09:02:54', '0000-00-00 00:00:00', '0000-00-00 00:00:00'),
(58, '54eadf02-0d14-4f43-880d-0f24f4f1b0b9', 31, 7, '2015-02-23 01:02:34', -25000, 1, 1, 3, 24, 4, 1, 1, 1, 0, 0, '2015-02-23 09:04:18', '0000-00-00 00:00:00', '0000-00-00 00:00:00'),
(59, '54eadf02-07a4-4657-b1a4-0f24f4f1b0b9', 31, 7, '2015-02-23 01:02:34', 0, 1, 1, 3, 24, 4, 1, 2, 1, 0, 0, '2015-02-23 09:04:18', '0000-00-00 00:00:00', '0000-00-00 00:00:00'),
(60, '54eadf18-b108-4a6e-b7cd-0f24f4f1b0b9', 32, 7, '2015-02-23 01:02:34', -25000, 1, 1, 3, 24, 4, 1, 1, 1, 0, 0, '2015-02-23 09:04:40', '0000-00-00 00:00:00', '0000-00-00 00:00:00'),
(61, '54eadf18-49a4-4a19-9259-0f24f4f1b0b9', 32, 7, '2015-02-23 01:02:34', 0, 1, 1, 3, 24, 4, 1, 2, 1, 0, 0, '2015-02-23 09:04:40', '0000-00-00 00:00:00', '0000-00-00 00:00:00'),
(62, '54eadf53-d7a0-47d0-80ec-0f24f4f1b0b9', 33, 7, '2015-02-23 01:02:34', -25000, 1, 1, 3, 24, 4, 1, 1, 1, 0, 0, '2015-02-23 09:05:39', '0000-00-00 00:00:00', '0000-00-00 00:00:00'),
(63, '54eadf53-ddb4-49c1-81af-0f24f4f1b0b9', 33, 7, '2015-02-23 01:02:34', 0, 1, 1, 3, 24, 4, 1, 2, 1, 0, 0, '2015-02-23 09:05:39', '0000-00-00 00:00:00', '0000-00-00 00:00:00'),
(64, '54eafb35-55b0-4bfc-ac1b-0f24f4f1b0b9', 74, 2, '2015-02-23 04:02:42', -15000, 3, 5, 3, 24, 4, 1, 0, 3, 0, 0, '2015-02-23 11:04:37', '0000-00-00 00:00:00', '0000-00-00 00:00:00'),
(65, '54eafb86-7554-48bc-b962-0f24f4f1b0b9', 75, 2, '2015-02-23 04:02:23', -20000, 3, 5, 5, 3, 2, 1, 0, 3, 0, 0, '2015-02-23 11:05:58', '0000-00-00 00:00:00', '0000-00-00 00:00:00'),
(66, '54eb0e63-292c-445f-849a-0f24f4f1b0b9', 24, 3, '2015-02-23 05:02:37', 5000, 1, 1, 5, 13, 3, 1, 0, 1, 0, 0, '2015-02-23 12:26:27', '0000-00-00 00:00:00', '0000-00-00 00:00:00'),
(67, '54ed69c7-3f08-4593-a6bc-0afcf4f1b0b9', 25, 4, '2015-02-25 12:02:46', 100000, 1, 1, 3, 24, 4, 1, 0, 1, 0, 0, '2015-02-25 07:20:55', '0000-00-00 00:00:00', '0000-00-00 00:00:00'),
(68, '54ed6a74-f2d8-419d-8557-0afcf4f1b0b9', 26, 5, '2015-02-25 12:02:28', -10000, 1, 1, 3, 24, 4, 1, 0, 1, 0, 0, '2015-02-25 07:23:48', '0000-00-00 00:00:00', '0000-00-00 00:00:00'),
(69, '54ed946a-6468-4e0d-b462-0564f4f1b0b9', 34, 8, '2015-02-25 10:22:50', 25000000, 1, 1, 5, 18, 1, 1, 1, 1, 0, 0, '2015-02-25 10:22:50', '0000-00-00 00:00:00', '0000-00-00 00:00:00'),
(70, '54ed946b-7888-4a6b-9391-0564f4f1b0b9', 34, 8, '2015-02-25 10:22:50', 0, 1, 1, 5, 18, 1, 1, 2, 1, 0, 0, '2015-02-25 10:22:51', '0000-00-00 00:00:00', '0000-00-00 00:00:00'),
(71, '54ed9934-0d6c-4a13-8e6a-0564f4f1b0b9', 35, 7, '2015-02-25 03:02:39', -304237.28813559, 1, 1, 3, 24, 4, 1, 1, 1, 0, 0, '2015-02-25 10:43:16', '0000-00-00 00:00:00', '0000-00-00 00:00:00'),
(72, '54ed9934-9214-4d10-af90-0564f4f1b0b9', 35, 7, '2015-02-25 03:02:39', 0, 1, 1, 3, 24, 4, 1, 2, 1, 0, 0, '2015-02-25 10:43:16', '0000-00-00 00:00:00', '0000-00-00 00:00:00'),
(73, '54ed99dd-16c8-4fa3-8527-0564f4f1b0b9', 36, 8, '2015-02-25 10:46:05', 500000, 1, 1, 5, 17, 1, 1, 1, 1, 0, 0, '2015-02-25 10:46:05', '0000-00-00 00:00:00', '0000-00-00 00:00:00'),
(74, '54ed9a24-2850-4b26-812c-0564f4f1b0b9', 37, 8, '2015-02-25 10:47:16', 500000, 1, 1, 5, 17, 1, 1, 1, 1, 0, 0, '2015-02-25 10:47:16', '0000-00-00 00:00:00', '0000-00-00 00:00:00'),
(75, '54ed9a25-8b38-42a9-a353-0564f4f1b0b9', 37, 8, '2015-02-25 10:47:16', -250000, 1, 1, 5, 17, 1, 1, 2, 1, 0, 0, '2015-02-25 10:47:17', '0000-00-00 00:00:00', '0000-00-00 00:00:00'),
(76, '54ed9ad5-fcf0-4f87-a25b-0564f4f1b0b9', 38, 8, '2015-02-25 10:50:13', 2500000, 1, 1, 5, 18, 1, 1, 1, 1, 0, 0, '2015-02-25 10:50:13', '0000-00-00 00:00:00', '0000-00-00 00:00:00'),
(77, '54ed9ad5-cc84-4fbb-8968-0564f4f1b0b9', 38, 8, '2015-02-25 10:50:13', 0, 1, 1, 5, 18, 1, 1, 2, 1, 0, 0, '2015-02-25 10:50:13', '0000-00-00 00:00:00', '0000-00-00 00:00:00'),
(78, '54f03e7d-4a20-42ce-b347-0564f4f1b0b9', 39, 7, '2015-02-27 03:02:00', -30423.728813559, 1, 1, 3, 16, 4, 1, 1, 1, 0, 0, '2015-02-27 10:53:01', '0000-00-00 00:00:00', '0000-00-00 00:00:00'),
(79, '54f03e7d-c814-4af4-adc8-0564f4f1b0b9', 39, 7, '2015-02-27 03:02:00', 0, 1, 1, 3, 16, 4, 1, 2, 1, 0, 0, '2015-02-27 10:53:01', '0000-00-00 00:00:00', '0000-00-00 00:00:00'),
(80, '54f03f9d-cb4c-4480-8fcf-0564f4f1b0b9', 40, 7, '2015-02-27 03:02:55', -30423.728813559, 1, 1, 3, 16, 4, 1, 1, 1, 0, 0, '2015-02-27 10:57:49', '0000-00-00 00:00:00', '0000-00-00 00:00:00'),
(81, '54f03f9d-c0e4-47c9-acba-0564f4f1b0b9', 40, 7, '2015-02-27 03:02:55', 0, 1, 1, 3, 16, 4, 1, 2, 1, 0, 0, '2015-02-27 10:57:49', '0000-00-00 00:00:00', '0000-00-00 00:00:00'),
(82, '54f0409d-e134-49b0-ac76-0564f4f1b0b9', 41, 7, '2015-02-27 04:02:33', -21296.610169491, 1, 1, 3, 16, 4, 1, 1, 1, 0, 0, '2015-02-27 11:02:05', '0000-00-00 00:00:00', '0000-00-00 00:00:00'),
(83, '54f0409d-4130-4bb2-b1e3-0564f4f1b0b9', 41, 7, '2015-02-27 04:02:33', 20000, 1, 1, 3, 16, 4, 1, 2, 1, 0, 0, '2015-02-27 11:02:05', '0000-00-00 00:00:00', '0000-00-00 00:00:00'),
(84, '54f0414c-b680-4f23-8a96-0564f4f1b0b9', 42, 7, '2015-02-27 04:02:57', -30423.728813559, 1, 1, 3, 24, 4, 1, 1, 1, 0, 0, '2015-02-27 11:05:00', '0000-00-00 00:00:00', '0000-00-00 00:00:00'),
(85, '54f0414c-fe1c-4635-8966-0564f4f1b0b9', 42, 7, '2015-02-27 04:02:57', 0, 1, 1, 3, 24, 4, 1, 2, 1, 0, 0, '2015-02-27 11:05:00', '0000-00-00 00:00:00', '0000-00-00 00:00:00'),
(86, '54f041f0-cb04-4a38-a056-0564f4f1b0b9', 43, 7, '2015-02-27 04:02:56', -60847.457627118, 1, 1, 3, 16, 4, 1, 1, 1, 0, 0, '2015-02-27 11:07:44', '0000-00-00 00:00:00', '0000-00-00 00:00:00'),
(87, '54f041f0-1578-49eb-94ea-0564f4f1b0b9', 43, 7, '2015-02-27 04:02:56', 0, 1, 1, 3, 16, 4, 1, 2, 1, 0, 0, '2015-02-27 11:07:44', '0000-00-00 00:00:00', '0000-00-00 00:00:00'),
(88, '54f042f0-b1c4-491f-9215-0564f4f1b0b9', 44, 7, '2015-02-27 04:02:47', -500000, 1, 1, 3, 16, 4, 1, 1, 1, 0, 0, '2015-02-27 11:12:00', '0000-00-00 00:00:00', '0000-00-00 00:00:00'),
(89, '54f042f0-41f0-4eb2-bc08-0564f4f1b0b9', 44, 7, '2015-02-27 04:02:47', 250000, 1, 1, 3, 16, 4, 1, 2, 1, 0, 0, '2015-02-27 11:12:00', '0000-00-00 00:00:00', '0000-00-00 00:00:00'),
(90, '54f0445c-05e0-4001-846b-0564f4f1b0b9', 45, 7, '2015-02-27 04:02:44', -1000000, 1, 1, 3, 24, 4, 1, 1, 1, 0, 0, '2015-02-27 11:18:04', '0000-00-00 00:00:00', '0000-00-00 00:00:00'),
(91, '54f0445c-3be8-43e9-8302-0564f4f1b0b9', 45, 7, '2015-02-27 04:02:44', 0, 1, 1, 3, 24, 4, 1, 2, 1, 0, 0, '2015-02-27 11:18:04', '0000-00-00 00:00:00', '0000-00-00 00:00:00'),
(92, '54f0464d-d6cc-48f4-b559-0564f4f1b0b9', 46, 7, '2015-02-27 04:02:36', -250000, 1, 1, 3, 24, 4, 1, 1, 1, 0, 0, '2015-02-27 11:26:21', '0000-00-00 00:00:00', '0000-00-00 00:00:00'),
(93, '54f0464e-6ef0-465a-87c8-0564f4f1b0b9', 46, 7, '2015-02-27 04:02:36', 0, 1, 1, 3, 24, 4, 1, 2, 1, 0, 0, '2015-02-27 11:26:22', '0000-00-00 00:00:00', '0000-00-00 00:00:00'),
(94, '54f19858-2220-43a5-81bf-0564f4f1b0b9', 47, 7, '2015-02-28 04:02:58', -125000, 1, 1, 3, 24, 4, 1, 1, 1, 0, 0, '2015-02-28 11:28:40', '0000-00-00 00:00:00', '0000-00-00 00:00:00'),
(95, '54f19859-fea4-430f-bfb6-0564f4f1b0b9', 47, 7, '2015-02-28 04:02:58', 0, 1, 1, 3, 24, 4, 1, 2, 1, 0, 0, '2015-02-28 11:28:41', '0000-00-00 00:00:00', '0000-00-00 00:00:00'),
(96, '54f19a21-5f30-4468-ae71-0564f4f1b0b9', 48, 7, '2015-02-28 04:02:40', -500000, 1, 1, 3, 16, 4, 1, 1, 1, 0, 0, '2015-02-28 11:36:17', '0000-00-00 00:00:00', '0000-00-00 00:00:00'),
(97, '54f19a21-f2d4-4fb6-b707-0564f4f1b0b9', 48, 7, '2015-02-28 04:02:40', 0, 1, 1, 3, 16, 4, 1, 2, 1, 0, 0, '2015-02-28 11:36:17', '0000-00-00 00:00:00', '0000-00-00 00:00:00'),
(98, '54f19ab5-74fc-404c-bf1e-0564f4f1b0b9', 49, 8, '2015-02-28 11:38:45', 5000000, 1, 1, 5, 17, 1, 1, 1, 1, 0, 0, '2015-02-28 11:38:45', '0000-00-00 00:00:00', '0000-00-00 00:00:00'),
(99, '54f19ab6-e3a4-42d2-a9a1-0564f4f1b0b9', 49, 8, '2015-02-28 11:38:45', 0, 1, 1, 5, 17, 1, 1, 2, 1, 0, 0, '2015-02-28 11:38:46', '0000-00-00 00:00:00', '0000-00-00 00:00:00');

-- --------------------------------------------------------

--
-- Table structure for table `userworkingareas`
--

CREATE TABLE IF NOT EXISTS `userworkingareas` (
  `id` int(11) NOT NULL AUTO_INCREMENT,
  `userworkingareauuid` char(36) NOT NULL,
  `user_id` int(11) DEFAULT '0',
  `workingarea_id` int(11) DEFAULT '0',
  `userworkingareaisactive` tinyint(3) DEFAULT '0',
  `userworkingareainsertid` int(11) DEFAULT '0',
  `userworkingareaupdateid` int(11) DEFAULT '0',
  `userworkingareadeleteid` int(11) DEFAULT '0',
  `userworkingareainsertdate` datetime DEFAULT '0000-00-00 00:00:00',
  `userworkingareaupdatedate` datetime DEFAULT '0000-00-00 00:00:00',
  `userworkingareadeletedate` datetime DEFAULT '0000-00-00 00:00:00',
  PRIMARY KEY (`id`)
) ENGINE=InnoDB DEFAULT CHARSET=utf8 AUTO_INCREMENT=1 ;

-- --------------------------------------------------------

--
-- Table structure for table `workingareas`
--

CREATE TABLE IF NOT EXISTS `workingareas` (
  `id` int(11) NOT NULL AUTO_INCREMENT,
  `workingareauuid` char(36) NOT NULL,
  `workingareaname` varchar(255) NOT NULL,
  `workingareanamebn` varchar(255) NOT NULL,
  `workingareaisactive` tinyint(3) NOT NULL DEFAULT '0',
  `workingareainsertid` int(11) DEFAULT '0',
  `workingareaupdateid` int(11) DEFAULT '0',
  `workingareadeleteid` int(11) DEFAULT '0',
  `workingareainsertdate` datetime DEFAULT '0000-00-00 00:00:00',
  `workingareaupdatedate` datetime DEFAULT '0000-00-00 00:00:00',
  `workingareadeletedate` datetime DEFAULT '0000-00-00 00:00:00',
  PRIMARY KEY (`id`)
) ENGINE=InnoDB  DEFAULT CHARSET=utf8 AUTO_INCREMENT=3 ;

--
-- Dumping data for table `workingareas`
--

INSERT INTO `workingareas` (`id`, `workingareauuid`, `workingareaname`, `workingareanamebn`, `workingareaisactive`, `workingareainsertid`, `workingareaupdateid`, `workingareadeleteid`, `workingareainsertdate`, `workingareaupdatedate`, `workingareadeletedate`) VALUES
(1, '551145fd-f2f4-4181-a31d-0864f4f1b0b9', 'Test 1', 'à¦Ÿà§‡à¦¸à§à¦Ÿ à§§', 1, 1, 1, 0, '2015-03-24 17:09:49', '2015-03-25 11:10:53', '0000-00-00 00:00:00'),
(2, '55114b28-62c0-4c02-8302-0864f4f1b0b9', 'Test2', 'à¦Ÿà§‡à¦¸à§à¦Ÿ à§¨', 1, 1, 1, 1, '2015-03-24 17:31:52', '2015-03-25 11:18:42', '2015-03-25 11:17:59');

/*!40101 SET CHARACTER_SET_CLIENT=@OLD_CHARACTER_SET_CLIENT */;
/*!40101 SET CHARACTER_SET_RESULTS=@OLD_CHARACTER_SET_RESULTS */;
/*!40101 SET COLLATION_CONNECTION=@OLD_COLLATION_CONNECTION */;
